dataset_id,sport,task,split,image_id,image_path,mask_path,image_sha256,mask_sha256,width,height,n_classes,label_schema
badminton_zones,badminton,court_zone_segmentation,train,870.png,data/badminton_zones/images/train/870.png,data/badminton_zones/masks/train/870.png,6105e16e0558f467f5897ad45b7e27898c30d5c920620d0343474e157af5f2e2,fbf2a55a1288cbb8da1d03b688298f3d41fb1fe046abb5021ee49fe3f22ba6ba,1920,1080,14,0=background;1=fl_doubles;2=fl_service;3=fs_singles;4=fr_singles;5=fr_service;6=fr_doubles;7=central_zone;8=bl_doubles;9=bl_service;10=bl_singles;11=br_service;12=br_singles;13=br_doubles
badminton_zones,badminton,court_zone_segmentation,train,935.png,data/badminton_zones/images/train/935.png,data/badminton_zones/masks/train/935.png,0266594b90ce4729ff435f8fa2d2ecbecbbf4e27cd09649359ff9dfa51d4b909,5797d59c47d743dac98206945c8bff898061b42a7c232632af37b3c1b1c9c8c1,1920,1080,14,0=background;1=fl_doubles;2=fl_service;3=fs_singles;4=fr_singles;5=fr_service;6=fr_doubles;7=central_zone;8=bl_doubles;9=bl_service;10=bl_singles;11=br_service;12=br_singles;13=br_doubles
badminton_zones,badminton,court_zone_segmentation,train,327.png,data/badminton_zones/images/train/327.png,data/badminton_zones/masks/train/327.png,506a1f29faef8cc3d9c905667cc600cf8a6e510ff4e5392042bc9dc19c368047,5797d59c47d743dac98206945c8bff898061b42a7c232632af37b3c1b1c9c8c1,1920,1080,14,0=background;1=fl_doubles;2=fl_service;3=fs_singles;4=fr_singles;5=fr_service;6=fr_doubles;7=central_zone;8=bl_doubles;9=bl_service;10=bl_singles;11=br_service;12=br_singles;13=br_doubles
badminton_zones,badminton,court_zone_segmentation,train,244.png,data/badminton_zones/images/train/244.png,data/badminton_zones/masks/train/244.png,5381fd37042e22f60a24796029adcc20ec2d78e6a5afab44527837a3e111f524,1678324581faafbb7ab576435f5e9008edecd2528c2665cbd566b0af04bbdc47,1920,1080,14,0=background;1=fl_doubles;2=fl_service;3=fs_singles;4=fr_singles;5=fr_service;6=fr_doubles;7=central_zone;8=bl_doubles;9=bl_service;10=bl_singles;11=br_service;12=br_singles;13=br_doubles
badminton_zones,badminton,court_zone_segmentation,train,156.png,data/badminton_zones/images/train/156.png,data/badminton_zones/masks/train/156.png,a41debf33a0643c86e13198a8224a9d73cdcf89b17e8ec0905357faebfeba740,05aff27316ecd25aa5d2b146ce76b489e644e744e8f1afa78675cbbbebaafc51,1920,1080,14,0=background;1=fl_doubles;2=fl_service;3=fs_singles;4=fr_singles;5=fr_service;6=fr_doubles;7=central_zone;8=bl_doubles;9=bl_service;10=bl_singles;11=br_service;12=br_singles;13=br_doubles
badminton_zones,badminton,court_zone_segmentation,train,1007.png,data/badminton_zones/images/train/1007.png,data/badminton_zones/masks/train/1007.png,c6f798f9f1ea5cd29f86925362317679f595cdeb859c84c7619715991b4a2b93,46692f9efbb09991f6567f8927be0fa47b99138ecadc27d093b8983c096d89b9,1920,1080,14,0=background;1=fl_doubles;2=fl_service;3=fs_singles;4=fr_singles;5=fr_service;6=fr_doubles;7=central_zone;8=bl_doubles;9=bl_service;10=bl_singles;11=br_service;12=br_singles;13=br_doubles
badminton_zones,badminton,court_zone_segmentation,train,1210.png,data/badminton_zones/images/train/1210.png,data/badminton_zones/masks/train/1210.png,c1a790789678bed917f26415b6f0165f3ca0757ed99d4d6ff1f7c7ebc8c2592f,afaec54053472401e2da7525b34b8233c97a110a6cf8dbca3bbbdbf908ee31df,1280,720,14,0=background;1=fl_doubles;2=fl_service;3=fs_singles;4=fr_singles;5=fr_service;6=fr_doubles;7=central_zone;8=bl_doubles;9=bl_service;10=bl_singles;11=br_service;12=br_singles;13=br_doubles
badminton_zones,badminton,court_zone_segmentation,train,18.png,data/badminton_zones/images/train/18.png,data/badminton_zones/masks/train/18.png,1dd05eaefd1d4b4d0707c92261aa31584e4b7133faf8271688416c85489c2273,89cd29c8557fb4188631183e8a86bb0ddd308f0d4e615ef8afba19edf65da59c,1920,1080,14,0=background;1=fl_doubles;2=fl_service;3=fs_singles;4=fr_singles;5=fr_service;6=fr_doubles;7=central_zone;8=bl_doubles;9=bl_service;10=bl_singles;11=br_service;12=br_singles;13=br_doubles
badminton_zones,badminton,court_zone_segmentation,train,636.png,data/badminton_zones/images/train/636.png,data/badminton_zones/masks/train/636.png,4e9e346980e88b8cc1cd72fa1d0ed95af3c200309f0f4431c9a50000a0e86f7e,5797d59c47d743dac98206945c8bff898061b42a7c232632af37b3c1b1c9c8c1,1280,720,14,0=background;1=fl_doubles;2=fl_service;3=fs_singles;4=fr_singles;5=fr_service;6=fr_doubles;7=central_zone;8=bl_doubles;9=bl_service;10=bl_singles;11=br_service;12=br_singles;13=br_doubles
badminton_zones,badminton,court_zone_segmentation,train,569.png,data/badminton_zones/images/train/569.png,data/badminton_zones/masks/train/569.png,709902d99b0699619e5c1ac95009e9ed022cca42612c452adb65df125fc34ba0,70e1a442f5261219e46ae45ecb6788a0a2865c6afc6453bf8479539e883e1922,1920,1080,14,0=background;1=fl_doubles;2=fl_service;3=fs_singles;4=fr_singles;5=fr_service;6=fr_doubles;7=central_zone;8=bl_doubles;9=bl_service;10=bl_singles;11=br_service;12=br_singles;13=br_doubles
badminton_zones,badminton,court_zone_segmentation,train,294.png,data/badminton_zones/images/train/294.png,data/badminton_zones/masks/train/294.png,834c5b9834c7d645bb297c7bdbdbd5201d84138e08cc2f5c478d7d87056e91f3,601d27e278b8e6335aba882d89712a3a1c6220f90849651aa2dcb783e536c2fe,1920,1080,14,0=background;1=fl_doubles;2=fl_service;3=fs_singles;4=fr_singles;5=fr_service;6=fr_doubles;7=central_zone;8=bl_doubles;9=bl_service;10=bl_singles;11=br_service;12=br_singles;13=br_doubles
badminton_zones,badminton,court_zone_segmentation,train,298.png,data/badminton_zones/images/train/298.png,data/badminton_zones/masks/train/298.png,8e8f0e2dc9826dca9cfd538bd823981405bcf949f345b1a32108e87665c4f5f4,601d27e278b8e6335aba882d89712a3a1c6220f90849651aa2dcb783e536c2fe,1920,1080,14,0=background;1=fl_doubles;2=fl_service;3=fs_singles;4=fr_singles;5=fr_service;6=fr_doubles;7=central_zone;8=bl_doubles;9=bl_service;10=bl_singles;11=br_service;12=br_singles;13=br_doubles
badminton_zones,badminton,court_zone_segmentation,train,345.png,data/badminton_zones/images/train/345.png,data/badminton_zones/masks/train/345.png,bff8dfb90f751af73fec6d8c8df3b2df2d57a10b6705e17770a173e38863078e,5797d59c47d743dac98206945c8bff898061b42a7c232632af37b3c1b1c9c8c1,1920,1080,14,0=background;1=fl_doubles;2=fl_service;3=fs_singles;4=fr_singles;5=fr_service;6=fr_doubles;7=central_zone;8=bl_doubles;9=bl_service;10=bl_singles;11=br_service;12=br_singles;13=br_doubles
badminton_zones,badminton,court_zone_segmentation,train,29.png,data/badminton_zones/images/train/29.png,data/badminton_zones/masks/train/29.png,b6bc46ca24f7fd9ffd1c7e8ce26dda4c4bcfe9ecd7c43e17a8a84140ee73680c,89cd29c8557fb4188631183e8a86bb0ddd308f0d4e615ef8afba19edf65da59c,1920,1080,14,0=background;1=fl_doubles;2=fl_service;3=fs_singles;4=fr_singles;5=fr_service;6=fr_doubles;7=central_zone;8=bl_doubles;9=bl_service;10=bl_singles;11=br_service;12=br_singles;13=br_doubles
badminton_zones,badminton,court_zone_segmentation,train,782.png,data/badminton_zones/images/train/782.png,data/badminton_zones/masks/train/782.png,d6e0f38ed521920cfa48388c80ce88817760d2e06a4f155420433fdea006b9a9,5797d59c47d743dac98206945c8bff898061b42a7c232632af37b3c1b1c9c8c1,1920,1080,14,0=background;1=fl_doubles;2=fl_service;3=fs_singles;4=fr_singles;5=fr_service;6=fr_doubles;7=central_zone;8=bl_doubles;9=bl_service;10=bl_singles;11=br_service;12=br_singles;13=br_doubles
badminton_zones,badminton,court_zone_segmentation,train,300.png,data/badminton_zones/images/train/300.png,data/badminton_zones/masks/train/300.png,907cb8a8dc4389bbfa4defe6f7bc8700418407b0865aeffb5a12984af9f34287,601d27e278b8e6335aba882d89712a3a1c6220f90849651aa2dcb783e536c2fe,1920,1080,14,0=background;1=fl_doubles;2=fl_service;3=fs_singles;4=fr_singles;5=fr_service;6=fr_doubles;7=central_zone;8=bl_doubles;9=bl_service;10=bl_singles;11=br_service;12=br_singles;13=br_doubles
badminton_zones,badminton,court_zone_segmentation,train,261.png,data/badminton_zones/images/train/261.png,data/badminton_zones/masks/train/261.png,4a56bb73b45e96ef4502891276a18cc44497a9ac797a0f8b705e652c5208312d,bdbc7d9936513dbff594fa4e30c54d37afdc7a5386652e2e955132d6ccab651e,1920,1080,14,0=background;1=fl_doubles;2=fl_service;3=fs_singles;4=fr_singles;5=fr_service;6=fr_doubles;7=central_zone;8=bl_doubles;9=bl_service;10=bl_singles;11=br_service;12=br_singles;13=br_doubles
badminton_zones,badminton,court_zone_segmentation,train,122.png,data/badminton_zones/images/train/122.png,data/badminton_zones/masks/train/122.png,f18dbadf8e34411d8da09cb680dcab836c99f4b79c3ed0c32e6967d1d3ee8724,5797d59c47d743dac98206945c8bff898061b42a7c232632af37b3c1b1c9c8c1,1920,1080,14,0=background;1=fl_doubles;2=fl_service;3=fs_singles;4=fr_singles;5=fr_service;6=fr_doubles;7=central_zone;8=bl_doubles;9=bl_service;10=bl_singles;11=br_service;12=br_singles;13=br_doubles
badminton_zones,badminton,court_zone_segmentation,train,918.png,data/badminton_zones/images/train/918.png,data/badminton_zones/masks/train/918.png,97eb58372b56258861d4db65e23f003e364009ae595a073e79fec86572d98234,ef028f4cabba193797859e583b3a7d3259cb180c6dff1712960e00c5303066d9,1920,1080,14,0=background;1=fl_doubles;2=fl_service;3=fs_singles;4=fr_singles;5=fr_service;6=fr_doubles;7=central_zone;8=bl_doubles;9=bl_service;10=bl_singles;11=br_service;12=br_singles;13=br_doubles
badminton_zones,badminton,court_zone_segmentation,train,890.png,data/badminton_zones/images/train/890.png,data/badminton_zones/masks/train/890.png,85da02ace3f0150f190dfd9082b0944007d3fe0e3a42eddb4caa8ebe035cbcf7,5797d59c47d743dac98206945c8bff898061b42a7c232632af37b3c1b1c9c8c1,1920,1080,14,0=background;1=fl_doubles;2=fl_service;3=fs_singles;4=fr_singles;5=fr_service;6=fr_doubles;7=central_zone;8=bl_doubles;9=bl_service;10=bl_singles;11=br_service;12=br_singles;13=br_doubles
badminton_zones,badminton,court_zone_segmentation,train,90.png,data/badminton_zones/images/train/90.png,data/badminton_zones/masks/train/90.png,d840d9293a238ad59ad35bc5ae981120b74db6e3c5d3b1a39147e5017c07308f,5797d59c47d743dac98206945c8bff898061b42a7c232632af37b3c1b1c9c8c1,1920,1080,14,0=background;1=fl_doubles;2=fl_service;3=fs_singles;4=fr_singles;5=fr_service;6=fr_doubles;7=central_zone;8=bl_doubles;9=bl_service;10=bl_singles;11=br_service;12=br_singles;13=br_doubles
badminton_zones,badminton,court_zone_segmentation,train,1155.png,data/badminton_zones/images/train/1155.png,data/badminton_zones/masks/train/1155.png,74a221fb9d2791b84aeb6f551557b7962766605bf6a3600ed303e90a62f650df,ec20403acca4e66f60e1feada3247e3d5cc428b7c439d3a1423b4f3da9af0c8a,1920,1080,14,0=background;1=fl_doubles;2=fl_service;3=fs_singles;4=fr_singles;5=fr_service;6=fr_doubles;7=central_zone;8=bl_doubles;9=bl_service;10=bl_singles;11=br_service;12=br_singles;13=br_doubles
badminton_zones,badminton,court_zone_segmentation,train,531.png,data/badminton_zones/images/train/531.png,data/badminton_zones/masks/train/531.png,18267f4cad17c8378071f4ba4ec3fb40f10ed484302fb1bb00ea010031ac3d14,9da2ba7d88dc40e1ae09292f7b30db902e1538a1c90d445de4e8e33dcdd87b76,1920,1080,14,0=background;1=fl_doubles;2=fl_service;3=fs_singles;4=fr_singles;5=fr_service;6=fr_doubles;7=central_zone;8=bl_doubles;9=bl_service;10=bl_singles;11=br_service;12=br_singles;13=br_doubles
badminton_zones,badminton,court_zone_segmentation,train,1118.png,data/badminton_zones/images/train/1118.png,data/badminton_zones/masks/train/1118.png,af82c9dfc6258ec01524ecd590b04c439a9429f9f8af29fbdcd1394394dfe994,5797d59c47d743dac98206945c8bff898061b42a7c232632af37b3c1b1c9c8c1,1920,1080,14,0=background;1=fl_doubles;2=fl_service;3=fs_singles;4=fr_singles;5=fr_service;6=fr_doubles;7=central_zone;8=bl_doubles;9=bl_service;10=bl_singles;11=br_service;12=br_singles;13=br_doubles
badminton_zones,badminton,court_zone_segmentation,train,468.png,data/badminton_zones/images/train/468.png,data/badminton_zones/masks/train/468.png,bb1fb37db7e089f19aa297ecb0ec9553919d49e9c5762b73e42a1e5b2fab05e4,6233643c9fdd9664abe3f865617b9ee229e80c5924d8e4c94cd08526c75f624b,1280,720,14,0=background;1=fl_doubles;2=fl_service;3=fs_singles;4=fr_singles;5=fr_service;6=fr_doubles;7=central_zone;8=bl_doubles;9=bl_service;10=bl_singles;11=br_service;12=br_singles;13=br_doubles
badminton_zones,badminton,court_zone_segmentation,train,1110.png,data/badminton_zones/images/train/1110.png,data/badminton_zones/masks/train/1110.png,e6a8ca8ab5633f116b264661ed7ebcef5ad08296fbb8f3f75962adad9fcfc8ce,ec20403acca4e66f60e1feada3247e3d5cc428b7c439d3a1423b4f3da9af0c8a,1920,1080,14,0=background;1=fl_doubles;2=fl_service;3=fs_singles;4=fr_singles;5=fr_service;6=fr_doubles;7=central_zone;8=bl_doubles;9=bl_service;10=bl_singles;11=br_service;12=br_singles;13=br_doubles
badminton_zones,badminton,court_zone_segmentation,train,793.png,data/badminton_zones/images/train/793.png,data/badminton_zones/masks/train/793.png,0b4f9719bd23bfec8efe424ed7b4877209ebd3d6f17d91ef9c24df383c583469,d04df262bee62bf1807d13666d2f7a0bbdd93a164e7ff70974c001647626e3d8,1920,1080,14,0=background;1=fl_doubles;2=fl_service;3=fs_singles;4=fr_singles;5=fr_service;6=fr_doubles;7=central_zone;8=bl_doubles;9=bl_service;10=bl_singles;11=br_service;12=br_singles;13=br_doubles
badminton_zones,badminton,court_zone_segmentation,train,47.png,data/badminton_zones/images/train/47.png,data/badminton_zones/masks/train/47.png,352e9ae6cc20bf2317ad8ab3914c51e86e063aab4e06920f09e4427eeccd6ae7,89cd29c8557fb4188631183e8a86bb0ddd308f0d4e615ef8afba19edf65da59c,1920,1080,14,0=background;1=fl_doubles;2=fl_service;3=fs_singles;4=fr_singles;5=fr_service;6=fr_doubles;7=central_zone;8=bl_doubles;9=bl_service;10=bl_singles;11=br_service;12=br_singles;13=br_doubles
badminton_zones,badminton,court_zone_segmentation,train,768.png,data/badminton_zones/images/train/768.png,data/badminton_zones/masks/train/768.png,238b73f6b9916a40299afb4165447a0e3ec72fbf95fe45cf78f383a192ac2c60,5797d59c47d743dac98206945c8bff898061b42a7c232632af37b3c1b1c9c8c1,1920,1080,14,0=background;1=fl_doubles;2=fl_service;3=fs_singles;4=fr_singles;5=fr_service;6=fr_doubles;7=central_zone;8=bl_doubles;9=bl_service;10=bl_singles;11=br_service;12=br_singles;13=br_doubles
badminton_zones,badminton,court_zone_segmentation,train,506.png,data/badminton_zones/images/train/506.png,data/badminton_zones/masks/train/506.png,553421eb40a04f20c62b0123fa2cdbd956da7ae570aae913369c74c62af9054c,71d7aa46c3dd90e02c635ecdf0ab09f6ac204a1998f52e0ee3941efcd009fbe8,1920,1080,14,0=background;1=fl_doubles;2=fl_service;3=fs_singles;4=fr_singles;5=fr_service;6=fr_doubles;7=central_zone;8=bl_doubles;9=bl_service;10=bl_singles;11=br_service;12=br_singles;13=br_doubles
badminton_zones,badminton,court_zone_segmentation,train,1160.png,data/badminton_zones/images/train/1160.png,data/badminton_zones/masks/train/1160.png,a1594569491a370defeef36c01d268ae1a14eb709de4fb1682b86b3c2bfe8b29,ec20403acca4e66f60e1feada3247e3d5cc428b7c439d3a1423b4f3da9af0c8a,1920,1080,14,0=background;1=fl_doubles;2=fl_service;3=fs_singles;4=fr_singles;5=fr_service;6=fr_doubles;7=central_zone;8=bl_doubles;9=bl_service;10=bl_singles;11=br_service;12=br_singles;13=br_doubles
badminton_zones,badminton,court_zone_segmentation,train,97.png,data/badminton_zones/images/train/97.png,data/badminton_zones/masks/train/97.png,40349651ddb156899251232571ea2fa757c137ae7349294c943f5c0e8e50358e,5797d59c47d743dac98206945c8bff898061b42a7c232632af37b3c1b1c9c8c1,1920,1080,14,0=background;1=fl_doubles;2=fl_service;3=fs_singles;4=fr_singles;5=fr_service;6=fr_doubles;7=central_zone;8=bl_doubles;9=bl_service;10=bl_singles;11=br_service;12=br_singles;13=br_doubles
badminton_zones,badminton,court_zone_segmentation,train,8.png,data/badminton_zones/images/train/8.png,data/badminton_zones/masks/train/8.png,a5100adb5720d1898eb52c3b2e06a1636817dd78bba66237fff9437425313342,5797d59c47d743dac98206945c8bff898061b42a7c232632af37b3c1b1c9c8c1,1920,1080,14,0=background;1=fl_doubles;2=fl_service;3=fs_singles;4=fr_singles;5=fr_service;6=fr_doubles;7=central_zone;8=bl_doubles;9=bl_service;10=bl_singles;11=br_service;12=br_singles;13=br_doubles
badminton_zones,badminton,court_zone_segmentation,train,470.png,data/badminton_zones/images/train/470.png,data/badminton_zones/masks/train/470.png,cc003cb7896723ebc917cec834d3e0d11f629e900f06b0e6f5831ad6d1fbe0fa,6233643c9fdd9664abe3f865617b9ee229e80c5924d8e4c94cd08526c75f624b,1280,720,14,0=background;1=fl_doubles;2=fl_service;3=fs_singles;4=fr_singles;5=fr_service;6=fr_doubles;7=central_zone;8=bl_doubles;9=bl_service;10=bl_singles;11=br_service;12=br_singles;13=br_doubles
badminton_zones,badminton,court_zone_segmentation,train,282.png,data/badminton_zones/images/train/282.png,data/badminton_zones/masks/train/282.png,97cc433ae435e97500e426154245d5e7379a0d9dd9316ffc4e4a278c5a5bebb2,bdbc7d9936513dbff594fa4e30c54d37afdc7a5386652e2e955132d6ccab651e,1920,1080,14,0=background;1=fl_doubles;2=fl_service;3=fs_singles;4=fr_singles;5=fr_service;6=fr_doubles;7=central_zone;8=bl_doubles;9=bl_service;10=bl_singles;11=br_service;12=br_singles;13=br_doubles
badminton_zones,badminton,court_zone_segmentation,train,1140.png,data/badminton_zones/images/train/1140.png,data/badminton_zones/masks/train/1140.png,4c25674cd1f175dabb0a08a2151dac32d257abf53fdb0d2f02d90fb25890e215,ec20403acca4e66f60e1feada3247e3d5cc428b7c439d3a1423b4f3da9af0c8a,1920,1080,14,0=background;1=fl_doubles;2=fl_service;3=fs_singles;4=fr_singles;5=fr_service;6=fr_doubles;7=central_zone;8=bl_doubles;9=bl_service;10=bl_singles;11=br_service;12=br_singles;13=br_doubles
badminton_zones,badminton,court_zone_segmentation,train,77.png,data/badminton_zones/images/train/77.png,data/badminton_zones/masks/train/77.png,14834025e9e7460c145be42dafa872e16182cb09fba2c651d877945b7797b659,5797d59c47d743dac98206945c8bff898061b42a7c232632af37b3c1b1c9c8c1,1920,1080,14,0=background;1=fl_doubles;2=fl_service;3=fs_singles;4=fr_singles;5=fr_service;6=fr_doubles;7=central_zone;8=bl_doubles;9=bl_service;10=bl_singles;11=br_service;12=br_singles;13=br_doubles
badminton_zones,badminton,court_zone_segmentation,train,119.png,data/badminton_zones/images/train/119.png,data/badminton_zones/masks/train/119.png,66caab21f40ff979e9765431eda14a8039a533b17650d279b1463f61b13f6a48,f585198f1d1d4b104681833a1991cf1970c8c5a73b848959c4b3825aaaf9cd9b,1920,1080,14,0=background;1=fl_doubles;2=fl_service;3=fs_singles;4=fr_singles;5=fr_service;6=fr_doubles;7=central_zone;8=bl_doubles;9=bl_service;10=bl_singles;11=br_service;12=br_singles;13=br_doubles
badminton_zones,badminton,court_zone_segmentation,train,2.png,data/badminton_zones/images/train/2.png,data/badminton_zones/masks/train/2.png,3874e750902805f4709cfd88cf706a251e21069883fe2d35ca6f529dc7146bad,5797d59c47d743dac98206945c8bff898061b42a7c232632af37b3c1b1c9c8c1,1920,1080,14,0=background;1=fl_doubles;2=fl_service;3=fs_singles;4=fr_singles;5=fr_service;6=fr_doubles;7=central_zone;8=bl_doubles;9=bl_service;10=bl_singles;11=br_service;12=br_singles;13=br_doubles
badminton_zones,badminton,court_zone_segmentation,train,781.png,data/badminton_zones/images/train/781.png,data/badminton_zones/masks/train/781.png,8eee4d383b26e0e078fb10af8b0249fda24e00897740779c71e867f907caf2a7,5797d59c47d743dac98206945c8bff898061b42a7c232632af37b3c1b1c9c8c1,1920,1080,14,0=background;1=fl_doubles;2=fl_service;3=fs_singles;4=fr_singles;5=fr_service;6=fr_doubles;7=central_zone;8=bl_doubles;9=bl_service;10=bl_singles;11=br_service;12=br_singles;13=br_doubles
badminton_zones,badminton,court_zone_segmentation,train,992.png,data/badminton_zones/images/train/992.png,data/badminton_zones/masks/train/992.png,f1b3bec7f19115972c348f7b35da9d0e155b4da2a0cf230290890844949b7ada,46692f9efbb09991f6567f8927be0fa47b99138ecadc27d093b8983c096d89b9,1920,1080,14,0=background;1=fl_doubles;2=fl_service;3=fs_singles;4=fr_singles;5=fr_service;6=fr_doubles;7=central_zone;8=bl_doubles;9=bl_service;10=bl_singles;11=br_service;12=br_singles;13=br_doubles
badminton_zones,badminton,court_zone_segmentation,train,1121.png,data/badminton_zones/images/train/1121.png,data/badminton_zones/masks/train/1121.png,31ce7e75b06a3a01b444d7f035eb692dac920a4f2443b0c549892511a3839d8e,ec20403acca4e66f60e1feada3247e3d5cc428b7c439d3a1423b4f3da9af0c8a,1920,1080,14,0=background;1=fl_doubles;2=fl_service;3=fs_singles;4=fr_singles;5=fr_service;6=fr_doubles;7=central_zone;8=bl_doubles;9=bl_service;10=bl_singles;11=br_service;12=br_singles;13=br_doubles
badminton_zones,badminton,court_zone_segmentation,train,335.png,data/badminton_zones/images/train/335.png,data/badminton_zones/masks/train/335.png,8d4f3f6147f90dcbee6193bf11c9965cc7e615467481e9a3316a3d2e7d692164,98a7a5849c8cb38c34580776ab059dfab4af362bd6a0d09814652891adfce786,1920,1080,14,0=background;1=fl_doubles;2=fl_service;3=fs_singles;4=fr_singles;5=fr_service;6=fr_doubles;7=central_zone;8=bl_doubles;9=bl_service;10=bl_singles;11=br_service;12=br_singles;13=br_doubles
badminton_zones,badminton,court_zone_segmentation,train,293.png,data/badminton_zones/images/train/293.png,data/badminton_zones/masks/train/293.png,7cbeae9e66290f63ea3efc3d4ea10cd5fc01671115b111c6540de35162ecd3a4,601d27e278b8e6335aba882d89712a3a1c6220f90849651aa2dcb783e536c2fe,1920,1080,14,0=background;1=fl_doubles;2=fl_service;3=fs_singles;4=fr_singles;5=fr_service;6=fr_doubles;7=central_zone;8=bl_doubles;9=bl_service;10=bl_singles;11=br_service;12=br_singles;13=br_doubles
badminton_zones,badminton,court_zone_segmentation,train,1143.png,data/badminton_zones/images/train/1143.png,data/badminton_zones/masks/train/1143.png,72172b0b2c8f2d9eca6973913cf2f20e39eb49c2761b8e2fb4f2386464bd90d8,ec20403acca4e66f60e1feada3247e3d5cc428b7c439d3a1423b4f3da9af0c8a,1920,1080,14,0=background;1=fl_doubles;2=fl_service;3=fs_singles;4=fr_singles;5=fr_service;6=fr_doubles;7=central_zone;8=bl_doubles;9=bl_service;10=bl_singles;11=br_service;12=br_singles;13=br_doubles
badminton_zones,badminton,court_zone_segmentation,train,98.png,data/badminton_zones/images/train/98.png,data/badminton_zones/masks/train/98.png,81740dc1d00c8e3b04dca55de90e8bf0dd01433f6273c0adaabef0514b6950a9,5f41e1dfd498d418573d50d1d807547ae42916064285cb16a465f62577312ab4,1920,1080,14,0=background;1=fl_doubles;2=fl_service;3=fs_singles;4=fr_singles;5=fr_service;6=fr_doubles;7=central_zone;8=bl_doubles;9=bl_service;10=bl_singles;11=br_service;12=br_singles;13=br_doubles
badminton_zones,badminton,court_zone_segmentation,train,883.png,data/badminton_zones/images/train/883.png,data/badminton_zones/masks/train/883.png,faf27b2c9a2b255ee0feac6bd095696735d1f352fcf5d8f10a9b17e12dc1ef41,fbf2a55a1288cbb8da1d03b688298f3d41fb1fe046abb5021ee49fe3f22ba6ba,1920,1080,14,0=background;1=fl_doubles;2=fl_service;3=fs_singles;4=fr_singles;5=fr_service;6=fr_doubles;7=central_zone;8=bl_doubles;9=bl_service;10=bl_singles;11=br_service;12=br_singles;13=br_doubles
badminton_zones,badminton,court_zone_segmentation,train,1141.png,data/badminton_zones/images/train/1141.png,data/badminton_zones/masks/train/1141.png,e4e88cda6a65f20542f5ae60453b71bd9a8cde1f15d82e18195855cae5aaac21,ec20403acca4e66f60e1feada3247e3d5cc428b7c439d3a1423b4f3da9af0c8a,1920,1080,14,0=background;1=fl_doubles;2=fl_service;3=fs_singles;4=fr_singles;5=fr_service;6=fr_doubles;7=central_zone;8=bl_doubles;9=bl_service;10=bl_singles;11=br_service;12=br_singles;13=br_doubles
badminton_zones,badminton,court_zone_segmentation,train,1137.png,data/badminton_zones/images/train/1137.png,data/badminton_zones/masks/train/1137.png,52a505d2d3f5d9af64acab2761cac3b2e9834765bd85f077eaa3c48519b738ec,5797d59c47d743dac98206945c8bff898061b42a7c232632af37b3c1b1c9c8c1,1920,1080,14,0=background;1=fl_doubles;2=fl_service;3=fs_singles;4=fr_singles;5=fr_service;6=fr_doubles;7=central_zone;8=bl_doubles;9=bl_service;10=bl_singles;11=br_service;12=br_singles;13=br_doubles
badminton_zones,badminton,court_zone_segmentation,train,1159.png,data/badminton_zones/images/train/1159.png,data/badminton_zones/masks/train/1159.png,1b158cb24be2365627e5d49348e164eed3d1cbad027f3fc61461e25ca405502f,5797d59c47d743dac98206945c8bff898061b42a7c232632af37b3c1b1c9c8c1,1920,1080,14,0=background;1=fl_doubles;2=fl_service;3=fs_singles;4=fr_singles;5=fr_service;6=fr_doubles;7=central_zone;8=bl_doubles;9=bl_service;10=bl_singles;11=br_service;12=br_singles;13=br_doubles
badminton_zones,badminton,court_zone_segmentation,train,278.png,data/badminton_zones/images/train/278.png,data/badminton_zones/masks/train/278.png,fb14279323cafbac8f8e2c6264bc89e953ffb6c9d7daa90486a1baca18658bee,bdbc7d9936513dbff594fa4e30c54d37afdc7a5386652e2e955132d6ccab651e,1920,1080,14,0=background;1=fl_doubles;2=fl_service;3=fs_singles;4=fr_singles;5=fr_service;6=fr_doubles;7=central_zone;8=bl_doubles;9=bl_service;10=bl_singles;11=br_service;12=br_singles;13=br_doubles
badminton_zones,badminton,court_zone_segmentation,train,6.png,data/badminton_zones/images/train/6.png,data/badminton_zones/masks/train/6.png,5bfffe6d1f5cced6683d7d4be183dcd1d46448d20a2d485bb48110192c722542,89cd29c8557fb4188631183e8a86bb0ddd308f0d4e615ef8afba19edf65da59c,1920,1080,14,0=background;1=fl_doubles;2=fl_service;3=fs_singles;4=fr_singles;5=fr_service;6=fr_doubles;7=central_zone;8=bl_doubles;9=bl_service;10=bl_singles;11=br_service;12=br_singles;13=br_doubles
badminton_zones,badminton,court_zone_segmentation,train,1005.png,data/badminton_zones/images/train/1005.png,data/badminton_zones/masks/train/1005.png,a9e8657401475b6357848196d11d112788b7fb8858cceca590091e5bd0ae47b2,46692f9efbb09991f6567f8927be0fa47b99138ecadc27d093b8983c096d89b9,1920,1080,14,0=background;1=fl_doubles;2=fl_service;3=fs_singles;4=fr_singles;5=fr_service;6=fr_doubles;7=central_zone;8=bl_doubles;9=bl_service;10=bl_singles;11=br_service;12=br_singles;13=br_doubles
badminton_zones,badminton,court_zone_segmentation,train,503.png,data/badminton_zones/images/train/503.png,data/badminton_zones/masks/train/503.png,4b187b28912423e4cb04f43d87c00d7c0fc568598cc69bbb8044fc5ac7d049e1,71d7aa46c3dd90e02c635ecdf0ab09f6ac204a1998f52e0ee3941efcd009fbe8,1920,1080,14,0=background;1=fl_doubles;2=fl_service;3=fs_singles;4=fr_singles;5=fr_service;6=fr_doubles;7=central_zone;8=bl_doubles;9=bl_service;10=bl_singles;11=br_service;12=br_singles;13=br_doubles
badminton_zones,badminton,court_zone_segmentation,train,631.png,data/badminton_zones/images/train/631.png,data/badminton_zones/masks/train/631.png,e2fff880a1ac473e0ebeb63d2a0b837bcede3442f6cf26a1b74d2dd321cecb10,d99bbcef3975730b93d4b7eed3e82981b3928bdbe2e1621e58f286fb261b4c80,1280,720,14,0=background;1=fl_doubles;2=fl_service;3=fs_singles;4=fr_singles;5=fr_service;6=fr_doubles;7=central_zone;8=bl_doubles;9=bl_service;10=bl_singles;11=br_service;12=br_singles;13=br_doubles
badminton_zones,badminton,court_zone_segmentation,train,5.png,data/badminton_zones/images/train/5.png,data/badminton_zones/masks/train/5.png,f6f39203a285883e808757361638d3852c76831002cb4d274e61812ad93ed232,5797d59c47d743dac98206945c8bff898061b42a7c232632af37b3c1b1c9c8c1,1920,1080,14,0=background;1=fl_doubles;2=fl_service;3=fs_singles;4=fr_singles;5=fr_service;6=fr_doubles;7=central_zone;8=bl_doubles;9=bl_service;10=bl_singles;11=br_service;12=br_singles;13=br_doubles
badminton_zones,badminton,court_zone_segmentation,train,166.png,data/badminton_zones/images/train/166.png,data/badminton_zones/masks/train/166.png,879725b6d2d3bdb0414ea0c60c6882bf46143e1b9a336342719ab1520436e706,5797d59c47d743dac98206945c8bff898061b42a7c232632af37b3c1b1c9c8c1,1920,1080,14,0=background;1=fl_doubles;2=fl_service;3=fs_singles;4=fr_singles;5=fr_service;6=fr_doubles;7=central_zone;8=bl_doubles;9=bl_service;10=bl_singles;11=br_service;12=br_singles;13=br_doubles
badminton_zones,badminton,court_zone_segmentation,train,612.png,data/badminton_zones/images/train/612.png,data/badminton_zones/masks/train/612.png,b91c3f7e4368f814ea2ad3bcb5255df4186f4978c1f7363ff35df8367c532bbf,d99bbcef3975730b93d4b7eed3e82981b3928bdbe2e1621e58f286fb261b4c80,1280,720,14,0=background;1=fl_doubles;2=fl_service;3=fs_singles;4=fr_singles;5=fr_service;6=fr_doubles;7=central_zone;8=bl_doubles;9=bl_service;10=bl_singles;11=br_service;12=br_singles;13=br_doubles
badminton_zones,badminton,court_zone_segmentation,train,180.png,data/badminton_zones/images/train/180.png,data/badminton_zones/masks/train/180.png,e3f1134e6fbe9385b8c58032b598d5c4cdeed9ad30d1377bdd158f6a0c905f6d,05aff27316ecd25aa5d2b146ce76b489e644e744e8f1afa78675cbbbebaafc51,1920,1080,14,0=background;1=fl_doubles;2=fl_service;3=fs_singles;4=fr_singles;5=fr_service;6=fr_doubles;7=central_zone;8=bl_doubles;9=bl_service;10=bl_singles;11=br_service;12=br_singles;13=br_doubles
badminton_zones,badminton,court_zone_segmentation,train,852.png,data/badminton_zones/images/train/852.png,data/badminton_zones/masks/train/852.png,e0c49c182eb31ce807ab9845be317b8ce212a1a97ef48ca7a2cb29bc2a22079d,fbf2a55a1288cbb8da1d03b688298f3d41fb1fe046abb5021ee49fe3f22ba6ba,1920,1080,14,0=background;1=fl_doubles;2=fl_service;3=fs_singles;4=fr_singles;5=fr_service;6=fr_doubles;7=central_zone;8=bl_doubles;9=bl_service;10=bl_singles;11=br_service;12=br_singles;13=br_doubles
badminton_zones,badminton,court_zone_segmentation,train,593.png,data/badminton_zones/images/train/593.png,data/badminton_zones/masks/train/593.png,7ff461093167ab066b6de093aba8bacd57a05f8adf7311975ffcf26ab3b6913a,70e1a442f5261219e46ae45ecb6788a0a2865c6afc6453bf8479539e883e1922,1920,1080,14,0=background;1=fl_doubles;2=fl_service;3=fs_singles;4=fr_singles;5=fr_service;6=fr_doubles;7=central_zone;8=bl_doubles;9=bl_service;10=bl_singles;11=br_service;12=br_singles;13=br_doubles
badminton_zones,badminton,court_zone_segmentation,train,963.png,data/badminton_zones/images/train/963.png,data/badminton_zones/masks/train/963.png,29e1e2e6db27dbaf4ccfdbca7c830e2950a454de01d15243f685174a3f9be6af,46692f9efbb09991f6567f8927be0fa47b99138ecadc27d093b8983c096d89b9,1920,1080,14,0=background;1=fl_doubles;2=fl_service;3=fs_singles;4=fr_singles;5=fr_service;6=fr_doubles;7=central_zone;8=bl_doubles;9=bl_service;10=bl_singles;11=br_service;12=br_singles;13=br_doubles
badminton_zones,badminton,court_zone_segmentation,train,328.png,data/badminton_zones/images/train/328.png,data/badminton_zones/masks/train/328.png,32e27f32630b5158bdb83b737fb9763f0bef603551b26a29e71ff8a93d346d6b,98a7a5849c8cb38c34580776ab059dfab4af362bd6a0d09814652891adfce786,1920,1080,14,0=background;1=fl_doubles;2=fl_service;3=fs_singles;4=fr_singles;5=fr_service;6=fr_doubles;7=central_zone;8=bl_doubles;9=bl_service;10=bl_singles;11=br_service;12=br_singles;13=br_doubles
badminton_zones,badminton,court_zone_segmentation,train,332.png,data/badminton_zones/images/train/332.png,data/badminton_zones/masks/train/332.png,183844a2797d26f636ad906a1be6440850db5ad53d523ab27fbacd752cfb7619,98a7a5849c8cb38c34580776ab059dfab4af362bd6a0d09814652891adfce786,1920,1080,14,0=background;1=fl_doubles;2=fl_service;3=fs_singles;4=fr_singles;5=fr_service;6=fr_doubles;7=central_zone;8=bl_doubles;9=bl_service;10=bl_singles;11=br_service;12=br_singles;13=br_doubles
badminton_zones,badminton,court_zone_segmentation,train,1201.png,data/badminton_zones/images/train/1201.png,data/badminton_zones/masks/train/1201.png,0f9dd6586ea86a1864ccbf1dd6659f74523c516a23fd6210c0aec52925ab2a6f,5797d59c47d743dac98206945c8bff898061b42a7c232632af37b3c1b1c9c8c1,1280,720,14,0=background;1=fl_doubles;2=fl_service;3=fs_singles;4=fr_singles;5=fr_service;6=fr_doubles;7=central_zone;8=bl_doubles;9=bl_service;10=bl_singles;11=br_service;12=br_singles;13=br_doubles
badminton_zones,badminton,court_zone_segmentation,train,512.png,data/badminton_zones/images/train/512.png,data/badminton_zones/masks/train/512.png,94cca9416452eaa3e0962a509605bfa84781979454dfd8f1862fe8e30e1e8108,71d7aa46c3dd90e02c635ecdf0ab09f6ac204a1998f52e0ee3941efcd009fbe8,1920,1080,14,0=background;1=fl_doubles;2=fl_service;3=fs_singles;4=fr_singles;5=fr_service;6=fr_doubles;7=central_zone;8=bl_doubles;9=bl_service;10=bl_singles;11=br_service;12=br_singles;13=br_doubles
badminton_zones,badminton,court_zone_segmentation,train,151.png,data/badminton_zones/images/train/151.png,data/badminton_zones/masks/train/151.png,b6565cfcd72cc059b9ef9ab344ad5305b61974fda3bb679c8bd955e0e0d86764,5797d59c47d743dac98206945c8bff898061b42a7c232632af37b3c1b1c9c8c1,1920,1080,14,0=background;1=fl_doubles;2=fl_service;3=fs_singles;4=fr_singles;5=fr_service;6=fr_doubles;7=central_zone;8=bl_doubles;9=bl_service;10=bl_singles;11=br_service;12=br_singles;13=br_doubles
badminton_zones,badminton,court_zone_segmentation,train,333.png,data/badminton_zones/images/train/333.png,data/badminton_zones/masks/train/333.png,3e3f3bdeafaad6aa8adc40946c7db316aa53b57bed209dd2b49d8ceb0f3feb03,5797d59c47d743dac98206945c8bff898061b42a7c232632af37b3c1b1c9c8c1,1920,1080,14,0=background;1=fl_doubles;2=fl_service;3=fs_singles;4=fr_singles;5=fr_service;6=fr_doubles;7=central_zone;8=bl_doubles;9=bl_service;10=bl_singles;11=br_service;12=br_singles;13=br_doubles
badminton_zones,badminton,court_zone_segmentation,train,489.png,data/badminton_zones/images/train/489.png,data/badminton_zones/masks/train/489.png,89501f741da330348dc2f8dafafbfa3c6a059bf9497611d27a4941f6ba844629,6233643c9fdd9664abe3f865617b9ee229e80c5924d8e4c94cd08526c75f624b,1280,720,14,0=background;1=fl_doubles;2=fl_service;3=fs_singles;4=fr_singles;5=fr_service;6=fr_doubles;7=central_zone;8=bl_doubles;9=bl_service;10=bl_singles;11=br_service;12=br_singles;13=br_doubles
badminton_zones,badminton,court_zone_segmentation,train,1108.png,data/badminton_zones/images/train/1108.png,data/badminton_zones/masks/train/1108.png,d746a5c2b4548c89d4162b57f38d28c4d5e6bc9236ce050f4c2a36bff38cb7c2,5797d59c47d743dac98206945c8bff898061b42a7c232632af37b3c1b1c9c8c1,1920,1080,14,0=background;1=fl_doubles;2=fl_service;3=fs_singles;4=fr_singles;5=fr_service;6=fr_doubles;7=central_zone;8=bl_doubles;9=bl_service;10=bl_singles;11=br_service;12=br_singles;13=br_doubles
badminton_zones,badminton,court_zone_segmentation,train,802.png,data/badminton_zones/images/train/802.png,data/badminton_zones/masks/train/802.png,1eaa578802dd717fe7962c20e825180d41cf021a77f0e81b9cc286154d53fe47,5797d59c47d743dac98206945c8bff898061b42a7c232632af37b3c1b1c9c8c1,1920,1080,14,0=background;1=fl_doubles;2=fl_service;3=fs_singles;4=fr_singles;5=fr_service;6=fr_doubles;7=central_zone;8=bl_doubles;9=bl_service;10=bl_singles;11=br_service;12=br_singles;13=br_doubles
badminton_zones,badminton,court_zone_segmentation,train,501.png,data/badminton_zones/images/train/501.png,data/badminton_zones/masks/train/501.png,0d0e359d4d98d5af19dbf0bc58ba65e48606a3c057064bfa722131f56aa81138,71d7aa46c3dd90e02c635ecdf0ab09f6ac204a1998f52e0ee3941efcd009fbe8,1920,1080,14,0=background;1=fl_doubles;2=fl_service;3=fs_singles;4=fr_singles;5=fr_service;6=fr_doubles;7=central_zone;8=bl_doubles;9=bl_service;10=bl_singles;11=br_service;12=br_singles;13=br_doubles
badminton_zones,badminton,court_zone_segmentation,train,575.png,data/badminton_zones/images/train/575.png,data/badminton_zones/masks/train/575.png,94a2fe4c56b46b54d76afa709f7b02609a602c9ba1cdd2762bea120289ba5048,70e1a442f5261219e46ae45ecb6788a0a2865c6afc6453bf8479539e883e1922,1920,1080,14,0=background;1=fl_doubles;2=fl_service;3=fs_singles;4=fr_singles;5=fr_service;6=fr_doubles;7=central_zone;8=bl_doubles;9=bl_service;10=bl_singles;11=br_service;12=br_singles;13=br_doubles
badminton_zones,badminton,court_zone_segmentation,train,177.png,data/badminton_zones/images/train/177.png,data/badminton_zones/masks/train/177.png,a58b96b383a76361905be7b31d23604d56913110fdbf6c0dbbfe0712390b4334,05aff27316ecd25aa5d2b146ce76b489e644e744e8f1afa78675cbbbebaafc51,1920,1080,14,0=background;1=fl_doubles;2=fl_service;3=fs_singles;4=fr_singles;5=fr_service;6=fr_doubles;7=central_zone;8=bl_doubles;9=bl_service;10=bl_singles;11=br_service;12=br_singles;13=br_doubles
badminton_zones,badminton,court_zone_segmentation,train,1211.png,data/badminton_zones/images/train/1211.png,data/badminton_zones/masks/train/1211.png,e1fe95c49aa79c99fbb165f79d109d2bfab24a7c8e398f3b80885fe0db6d3015,afaec54053472401e2da7525b34b8233c97a110a6cf8dbca3bbbdbf908ee31df,1280,720,14,0=background;1=fl_doubles;2=fl_service;3=fs_singles;4=fr_singles;5=fr_service;6=fr_doubles;7=central_zone;8=bl_doubles;9=bl_service;10=bl_singles;11=br_service;12=br_singles;13=br_doubles
badminton_zones,badminton,court_zone_segmentation,train,50.png,data/badminton_zones/images/train/50.png,data/badminton_zones/masks/train/50.png,cfb8cf6c46f6e2d8cb50c27c4e8b39fc75a78cd9e396edd7465700d4c7fd66c1,89cd29c8557fb4188631183e8a86bb0ddd308f0d4e615ef8afba19edf65da59c,1920,1080,14,0=background;1=fl_doubles;2=fl_service;3=fs_singles;4=fr_singles;5=fr_service;6=fr_doubles;7=central_zone;8=bl_doubles;9=bl_service;10=bl_singles;11=br_service;12=br_singles;13=br_doubles
badminton_zones,badminton,court_zone_segmentation,train,516.png,data/badminton_zones/images/train/516.png,data/badminton_zones/masks/train/516.png,44029c7513a569357517912c5985237e8459ddf8081e4d9e966d38afabc94377,71d7aa46c3dd90e02c635ecdf0ab09f6ac204a1998f52e0ee3941efcd009fbe8,1920,1080,14,0=background;1=fl_doubles;2=fl_service;3=fs_singles;4=fr_singles;5=fr_service;6=fr_doubles;7=central_zone;8=bl_doubles;9=bl_service;10=bl_singles;11=br_service;12=br_singles;13=br_doubles
badminton_zones,badminton,court_zone_segmentation,train,451.png,data/badminton_zones/images/train/451.png,data/badminton_zones/masks/train/451.png,86807dc49e940b27516ed7bf06c8a1e8d3432428e169a484c75eb50f1d52c922,6233643c9fdd9664abe3f865617b9ee229e80c5924d8e4c94cd08526c75f624b,1280,720,14,0=background;1=fl_doubles;2=fl_service;3=fs_singles;4=fr_singles;5=fr_service;6=fr_doubles;7=central_zone;8=bl_doubles;9=bl_service;10=bl_singles;11=br_service;12=br_singles;13=br_doubles
badminton_zones,badminton,court_zone_segmentation,train,41.png,data/badminton_zones/images/train/41.png,data/badminton_zones/masks/train/41.png,55be1cd2a73c17e41d21bb8cae353cfae4262c22cd5f117bab727fea614571f2,5797d59c47d743dac98206945c8bff898061b42a7c232632af37b3c1b1c9c8c1,1920,1080,14,0=background;1=fl_doubles;2=fl_service;3=fs_singles;4=fr_singles;5=fr_service;6=fr_doubles;7=central_zone;8=bl_doubles;9=bl_service;10=bl_singles;11=br_service;12=br_singles;13=br_doubles
badminton_zones,badminton,court_zone_segmentation,train,1228.png,data/badminton_zones/images/train/1228.png,data/badminton_zones/masks/train/1228.png,913c211b01955d718c0503c777203d092300ea38ddb791aedd2c408aa252425b,b485f3817fa572af5386bcbfed433de4e3b181d5c5d2901c323e3fcf468ef892,1280,720,14,0=background;1=fl_doubles;2=fl_service;3=fs_singles;4=fr_singles;5=fr_service;6=fr_doubles;7=central_zone;8=bl_doubles;9=bl_service;10=bl_singles;11=br_service;12=br_singles;13=br_doubles
badminton_zones,badminton,court_zone_segmentation,train,821.png,data/badminton_zones/images/train/821.png,data/badminton_zones/masks/train/821.png,66baaa6e276231e12e21f10679ef3eae04605eaacb7ea72b3bc6f6f7b4cde07d,d04df262bee62bf1807d13666d2f7a0bbdd93a164e7ff70974c001647626e3d8,1920,1080,14,0=background;1=fl_doubles;2=fl_service;3=fs_singles;4=fr_singles;5=fr_service;6=fr_doubles;7=central_zone;8=bl_doubles;9=bl_service;10=bl_singles;11=br_service;12=br_singles;13=br_doubles
badminton_zones,badminton,court_zone_segmentation,train,292.png,data/badminton_zones/images/train/292.png,data/badminton_zones/masks/train/292.png,bd7a9299057be48c1d105b50cdf381b4cde4074e7d9ca57af043ba02a962b66c,5797d59c47d743dac98206945c8bff898061b42a7c232632af37b3c1b1c9c8c1,1920,1080,14,0=background;1=fl_doubles;2=fl_service;3=fs_singles;4=fr_singles;5=fr_service;6=fr_doubles;7=central_zone;8=bl_doubles;9=bl_service;10=bl_singles;11=br_service;12=br_singles;13=br_doubles
badminton_zones,badminton,court_zone_segmentation,train,453.png,data/badminton_zones/images/train/453.png,data/badminton_zones/masks/train/453.png,15f00eeecb2d37c56b4c2b3d30fc915be8444161d2857b2c21edd20f68124da1,6233643c9fdd9664abe3f865617b9ee229e80c5924d8e4c94cd08526c75f624b,1280,720,14,0=background;1=fl_doubles;2=fl_service;3=fs_singles;4=fr_singles;5=fr_service;6=fr_doubles;7=central_zone;8=bl_doubles;9=bl_service;10=bl_singles;11=br_service;12=br_singles;13=br_doubles
badminton_zones,badminton,court_zone_segmentation,train,337.png,data/badminton_zones/images/train/337.png,data/badminton_zones/masks/train/337.png,77ce6107ed43506135fb1038538c94e44cfc0e289354f5e48a2bae14c9743d96,98a7a5849c8cb38c34580776ab059dfab4af362bd6a0d09814652891adfce786,1920,1080,14,0=background;1=fl_doubles;2=fl_service;3=fs_singles;4=fr_singles;5=fr_service;6=fr_doubles;7=central_zone;8=bl_doubles;9=bl_service;10=bl_singles;11=br_service;12=br_singles;13=br_doubles
badminton_zones,badminton,court_zone_segmentation,train,49.png,data/badminton_zones/images/train/49.png,data/badminton_zones/masks/train/49.png,0f7f094ce4620f605ae7b3f56856a6e6aecf82247630c59be170608bff12dd71,89cd29c8557fb4188631183e8a86bb0ddd308f0d4e615ef8afba19edf65da59c,1920,1080,14,0=background;1=fl_doubles;2=fl_service;3=fs_singles;4=fr_singles;5=fr_service;6=fr_doubles;7=central_zone;8=bl_doubles;9=bl_service;10=bl_singles;11=br_service;12=br_singles;13=br_doubles
badminton_zones,badminton,court_zone_segmentation,train,1080.png,data/badminton_zones/images/train/1080.png,data/badminton_zones/masks/train/1080.png,57661c6049d31fad4c2002011dea3cd6232b369c7f44e43868f1f1c23e23a284,55fcb20756f8b146781dfb96f182f0dc2c44fbf2d516e8c54ec93eb5b88c511d,1920,1080,14,0=background;1=fl_doubles;2=fl_service;3=fs_singles;4=fr_singles;5=fr_service;6=fr_doubles;7=central_zone;8=bl_doubles;9=bl_service;10=bl_singles;11=br_service;12=br_singles;13=br_doubles
badminton_zones,badminton,court_zone_segmentation,train,796.png,data/badminton_zones/images/train/796.png,data/badminton_zones/masks/train/796.png,67047f1081832e969f074bbfc09cb369f60fb740ead5218e5498fec8db32a49c,d04df262bee62bf1807d13666d2f7a0bbdd93a164e7ff70974c001647626e3d8,1920,1080,14,0=background;1=fl_doubles;2=fl_service;3=fs_singles;4=fr_singles;5=fr_service;6=fr_doubles;7=central_zone;8=bl_doubles;9=bl_service;10=bl_singles;11=br_service;12=br_singles;13=br_doubles
badminton_zones,badminton,court_zone_segmentation,train,1149.png,data/badminton_zones/images/train/1149.png,data/badminton_zones/masks/train/1149.png,32c1c65e40f6d9d7b0a6315758435a8b5fa5c1b4c09cefd44c8193aaeec2ad22,ec20403acca4e66f60e1feada3247e3d5cc428b7c439d3a1423b4f3da9af0c8a,1920,1080,14,0=background;1=fl_doubles;2=fl_service;3=fs_singles;4=fr_singles;5=fr_service;6=fr_doubles;7=central_zone;8=bl_doubles;9=bl_service;10=bl_singles;11=br_service;12=br_singles;13=br_doubles
badminton_zones,badminton,court_zone_segmentation,train,804.png,data/badminton_zones/images/train/804.png,data/badminton_zones/masks/train/804.png,48f3f14fc9891973f389fbc01bebf1271d6770a83995f179940c5e8b94b535d6,d04df262bee62bf1807d13666d2f7a0bbdd93a164e7ff70974c001647626e3d8,1920,1080,14,0=background;1=fl_doubles;2=fl_service;3=fs_singles;4=fr_singles;5=fr_service;6=fr_doubles;7=central_zone;8=bl_doubles;9=bl_service;10=bl_singles;11=br_service;12=br_singles;13=br_doubles
badminton_zones,badminton,court_zone_segmentation,train,249.png,data/badminton_zones/images/train/249.png,data/badminton_zones/masks/train/249.png,7fcdec39e134964a6ee5081bec04c800e81a539257a13bb1a5293afeff7446c3,5797d59c47d743dac98206945c8bff898061b42a7c232632af37b3c1b1c9c8c1,1920,1080,14,0=background;1=fl_doubles;2=fl_service;3=fs_singles;4=fr_singles;5=fr_service;6=fr_doubles;7=central_zone;8=bl_doubles;9=bl_service;10=bl_singles;11=br_service;12=br_singles;13=br_doubles
badminton_zones,badminton,court_zone_segmentation,train,1031.png,data/badminton_zones/images/train/1031.png,data/badminton_zones/masks/train/1031.png,54f60744d0097d55f1f13a069c60c6609cc85f9ee06d06387d0b5ead4fcef7f8,55fcb20756f8b146781dfb96f182f0dc2c44fbf2d516e8c54ec93eb5b88c511d,1920,1080,14,0=background;1=fl_doubles;2=fl_service;3=fs_singles;4=fr_singles;5=fr_service;6=fr_doubles;7=central_zone;8=bl_doubles;9=bl_service;10=bl_singles;11=br_service;12=br_singles;13=br_doubles
badminton_zones,badminton,court_zone_segmentation,train,23.png,data/badminton_zones/images/train/23.png,data/badminton_zones/masks/train/23.png,9df2c32401eba38982ce7e8a0be30fcbff56b89b740e3a4e77869984359b78c1,89cd29c8557fb4188631183e8a86bb0ddd308f0d4e615ef8afba19edf65da59c,1920,1080,14,0=background;1=fl_doubles;2=fl_service;3=fs_singles;4=fr_singles;5=fr_service;6=fr_doubles;7=central_zone;8=bl_doubles;9=bl_service;10=bl_singles;11=br_service;12=br_singles;13=br_doubles
badminton_zones,badminton,court_zone_segmentation,train,89.png,data/badminton_zones/images/train/89.png,data/badminton_zones/masks/train/89.png,df64e6e6201dd49a0cb2437dcc01438967cf2d0b9e77f7a52fee6f6dc67073cb,5f41e1dfd498d418573d50d1d807547ae42916064285cb16a465f62577312ab4,1920,1080,14,0=background;1=fl_doubles;2=fl_service;3=fs_singles;4=fr_singles;5=fr_service;6=fr_doubles;7=central_zone;8=bl_doubles;9=bl_service;10=bl_singles;11=br_service;12=br_singles;13=br_doubles
badminton_zones,badminton,court_zone_segmentation,train,523.png,data/badminton_zones/images/train/523.png,data/badminton_zones/masks/train/523.png,a0eae928438d3ea518293282b7df784caf377424ba5969ef7d0bae9a862244c9,71d7aa46c3dd90e02c635ecdf0ab09f6ac204a1998f52e0ee3941efcd009fbe8,1920,1080,14,0=background;1=fl_doubles;2=fl_service;3=fs_singles;4=fr_singles;5=fr_service;6=fr_doubles;7=central_zone;8=bl_doubles;9=bl_service;10=bl_singles;11=br_service;12=br_singles;13=br_doubles
badminton_zones,badminton,court_zone_segmentation,train,182.png,data/badminton_zones/images/train/182.png,data/badminton_zones/masks/train/182.png,3af649ce3653de5fc05e7a10e347c06af8c58886826eff2c60735dcd3f18e830,05aff27316ecd25aa5d2b146ce76b489e644e744e8f1afa78675cbbbebaafc51,1920,1080,14,0=background;1=fl_doubles;2=fl_service;3=fs_singles;4=fr_singles;5=fr_service;6=fr_doubles;7=central_zone;8=bl_doubles;9=bl_service;10=bl_singles;11=br_service;12=br_singles;13=br_doubles
badminton_zones,badminton,court_zone_segmentation,train,551.png,data/badminton_zones/images/train/551.png,data/badminton_zones/masks/train/551.png,3a60abff90c61a240b039efd7c809a4b6f8cabc8fa816493de69f7ff92139cf6,9da2ba7d88dc40e1ae09292f7b30db902e1538a1c90d445de4e8e33dcdd87b76,1920,1080,14,0=background;1=fl_doubles;2=fl_service;3=fs_singles;4=fr_singles;5=fr_service;6=fr_doubles;7=central_zone;8=bl_doubles;9=bl_service;10=bl_singles;11=br_service;12=br_singles;13=br_doubles
badminton_zones,badminton,court_zone_segmentation,train,806.png,data/badminton_zones/images/train/806.png,data/badminton_zones/masks/train/806.png,1db70b7c5ef844d980af102967198a7f7439b1cca232a17a6244ed2b96f9e06c,d04df262bee62bf1807d13666d2f7a0bbdd93a164e7ff70974c001647626e3d8,1920,1080,14,0=background;1=fl_doubles;2=fl_service;3=fs_singles;4=fr_singles;5=fr_service;6=fr_doubles;7=central_zone;8=bl_doubles;9=bl_service;10=bl_singles;11=br_service;12=br_singles;13=br_doubles
badminton_zones,badminton,court_zone_segmentation,train,809.png,data/badminton_zones/images/train/809.png,data/badminton_zones/masks/train/809.png,b5871a17a89a29511c07afd6e81932d6f0adebcb6b3b3b9b9367954704d7f377,d04df262bee62bf1807d13666d2f7a0bbdd93a164e7ff70974c001647626e3d8,1920,1080,14,0=background;1=fl_doubles;2=fl_service;3=fs_singles;4=fr_singles;5=fr_service;6=fr_doubles;7=central_zone;8=bl_doubles;9=bl_service;10=bl_singles;11=br_service;12=br_singles;13=br_doubles
badminton_zones,badminton,court_zone_segmentation,train,1045.png,data/badminton_zones/images/train/1045.png,data/badminton_zones/masks/train/1045.png,29269428060a962e20da8bb7ca9d48d2a940f469694269afdfdae51be5356e4c,5797d59c47d743dac98206945c8bff898061b42a7c232632af37b3c1b1c9c8c1,1920,1080,14,0=background;1=fl_doubles;2=fl_service;3=fs_singles;4=fr_singles;5=fr_service;6=fr_doubles;7=central_zone;8=bl_doubles;9=bl_service;10=bl_singles;11=br_service;12=br_singles;13=br_doubles
badminton_zones,badminton,court_zone_segmentation,train,226.png,data/badminton_zones/images/train/226.png,data/badminton_zones/masks/train/226.png,5cfadffe501c1e0676625273c99e5c38ef867c69cf8b18016ca99b5aad1eecac,1678324581faafbb7ab576435f5e9008edecd2528c2665cbd566b0af04bbdc47,1920,1080,14,0=background;1=fl_doubles;2=fl_service;3=fs_singles;4=fr_singles;5=fr_service;6=fr_doubles;7=central_zone;8=bl_doubles;9=bl_service;10=bl_singles;11=br_service;12=br_singles;13=br_doubles
badminton_zones,badminton,court_zone_segmentation,train,660.png,data/badminton_zones/images/train/660.png,data/badminton_zones/masks/train/660.png,e4e9de8ea75a92435aee5859a2aaa5c041f30fe527b37b599b3d34a1871c28a3,c30faf0ca82291517a1fe8512d49ef66c51d5bc3e5f89476dfeffd460e0097d3,1920,1080,14,0=background;1=fl_doubles;2=fl_service;3=fs_singles;4=fr_singles;5=fr_service;6=fr_doubles;7=central_zone;8=bl_doubles;9=bl_service;10=bl_singles;11=br_service;12=br_singles;13=br_doubles
badminton_zones,badminton,court_zone_segmentation,train,848.png,data/badminton_zones/images/train/848.png,data/badminton_zones/masks/train/848.png,e5e5f1982cdc3204fe7ad087deaec3370da58caa83628dc4d8aadd8df0eced73,fbf2a55a1288cbb8da1d03b688298f3d41fb1fe046abb5021ee49fe3f22ba6ba,1920,1080,14,0=background;1=fl_doubles;2=fl_service;3=fs_singles;4=fr_singles;5=fr_service;6=fr_doubles;7=central_zone;8=bl_doubles;9=bl_service;10=bl_singles;11=br_service;12=br_singles;13=br_doubles
badminton_zones,badminton,court_zone_segmentation,train,1000.png,data/badminton_zones/images/train/1000.png,data/badminton_zones/masks/train/1000.png,35514847775814c2e5538101949e9b26c064a9e836ba493fba2f53042bb35597,46692f9efbb09991f6567f8927be0fa47b99138ecadc27d093b8983c096d89b9,1920,1080,14,0=background;1=fl_doubles;2=fl_service;3=fs_singles;4=fr_singles;5=fr_service;6=fr_doubles;7=central_zone;8=bl_doubles;9=bl_service;10=bl_singles;11=br_service;12=br_singles;13=br_doubles
badminton_zones,badminton,court_zone_segmentation,train,1136.png,data/badminton_zones/images/train/1136.png,data/badminton_zones/masks/train/1136.png,689fb920e7cdef6790a452b71ff90e89d246b71b02d8f2f1a855362747d2dac9,ec20403acca4e66f60e1feada3247e3d5cc428b7c439d3a1423b4f3da9af0c8a,1920,1080,14,0=background;1=fl_doubles;2=fl_service;3=fs_singles;4=fr_singles;5=fr_service;6=fr_doubles;7=central_zone;8=bl_doubles;9=bl_service;10=bl_singles;11=br_service;12=br_singles;13=br_doubles
badminton_zones,badminton,court_zone_segmentation,train,922.png,data/badminton_zones/images/train/922.png,data/badminton_zones/masks/train/922.png,7def32b55b0eb8c7d76ab3b7b17792d6147f33da93c15729914a80a4f81e0e41,ef028f4cabba193797859e583b3a7d3259cb180c6dff1712960e00c5303066d9,1920,1080,14,0=background;1=fl_doubles;2=fl_service;3=fs_singles;4=fr_singles;5=fr_service;6=fr_doubles;7=central_zone;8=bl_doubles;9=bl_service;10=bl_singles;11=br_service;12=br_singles;13=br_doubles
badminton_zones,badminton,court_zone_segmentation,train,504.png,data/badminton_zones/images/train/504.png,data/badminton_zones/masks/train/504.png,9d43a3349b53affe0061ae34ac1e03cd6a6b58de8eef4bcbcbd8eb13c7b5d4d2,71d7aa46c3dd90e02c635ecdf0ab09f6ac204a1998f52e0ee3941efcd009fbe8,1920,1080,14,0=background;1=fl_doubles;2=fl_service;3=fs_singles;4=fr_singles;5=fr_service;6=fr_doubles;7=central_zone;8=bl_doubles;9=bl_service;10=bl_singles;11=br_service;12=br_singles;13=br_doubles
badminton_zones,badminton,court_zone_segmentation,train,1041.png,data/badminton_zones/images/train/1041.png,data/badminton_zones/masks/train/1041.png,cd84fd21c63a57c1922bdde2f5f89dd89f1fae335ff66ca3de71e51ec7a09b1b,5797d59c47d743dac98206945c8bff898061b42a7c232632af37b3c1b1c9c8c1,1920,1080,14,0=background;1=fl_doubles;2=fl_service;3=fs_singles;4=fr_singles;5=fr_service;6=fr_doubles;7=central_zone;8=bl_doubles;9=bl_service;10=bl_singles;11=br_service;12=br_singles;13=br_doubles
badminton_zones,badminton,court_zone_segmentation,train,1003.png,data/badminton_zones/images/train/1003.png,data/badminton_zones/masks/train/1003.png,f36bf162a8e010f4d11c723a7be7357ddd297ea96ad153bef41c6cf80718b438,46692f9efbb09991f6567f8927be0fa47b99138ecadc27d093b8983c096d89b9,1920,1080,14,0=background;1=fl_doubles;2=fl_service;3=fs_singles;4=fr_singles;5=fr_service;6=fr_doubles;7=central_zone;8=bl_doubles;9=bl_service;10=bl_singles;11=br_service;12=br_singles;13=br_doubles
badminton_zones,badminton,court_zone_segmentation,train,318.png,data/badminton_zones/images/train/318.png,data/badminton_zones/masks/train/318.png,882fc50b678f72cee505329da444cda3ab34f371a7f7ae66e65571784e39e2f3,601d27e278b8e6335aba882d89712a3a1c6220f90849651aa2dcb783e536c2fe,1920,1080,14,0=background;1=fl_doubles;2=fl_service;3=fs_singles;4=fr_singles;5=fr_service;6=fr_doubles;7=central_zone;8=bl_doubles;9=bl_service;10=bl_singles;11=br_service;12=br_singles;13=br_doubles
badminton_zones,badminton,court_zone_segmentation,train,322.png,data/badminton_zones/images/train/322.png,data/badminton_zones/masks/train/322.png,0c014002059a5b974f8acfa6ed3679a39863de64e586a78ac43b2a9316bb9570,5797d59c47d743dac98206945c8bff898061b42a7c232632af37b3c1b1c9c8c1,1920,1080,14,0=background;1=fl_doubles;2=fl_service;3=fs_singles;4=fr_singles;5=fr_service;6=fr_doubles;7=central_zone;8=bl_doubles;9=bl_service;10=bl_singles;11=br_service;12=br_singles;13=br_doubles
badminton_zones,badminton,court_zone_segmentation,train,511.png,data/badminton_zones/images/train/511.png,data/badminton_zones/masks/train/511.png,c629b10f785c0a3a0ec1e4772670c77051806019e4c8a32e7159ddabf18e8eee,71d7aa46c3dd90e02c635ecdf0ab09f6ac204a1998f52e0ee3941efcd009fbe8,1920,1080,14,0=background;1=fl_doubles;2=fl_service;3=fs_singles;4=fr_singles;5=fr_service;6=fr_doubles;7=central_zone;8=bl_doubles;9=bl_service;10=bl_singles;11=br_service;12=br_singles;13=br_doubles
badminton_zones,badminton,court_zone_segmentation,train,267.png,data/badminton_zones/images/train/267.png,data/badminton_zones/masks/train/267.png,a3583c8ac70ce134b7c2dc3ee8a6c9b2591b4300991e4555a47d157e683e04ac,bdbc7d9936513dbff594fa4e30c54d37afdc7a5386652e2e955132d6ccab651e,1920,1080,14,0=background;1=fl_doubles;2=fl_service;3=fs_singles;4=fr_singles;5=fr_service;6=fr_doubles;7=central_zone;8=bl_doubles;9=bl_service;10=bl_singles;11=br_service;12=br_singles;13=br_doubles
badminton_zones,badminton,court_zone_segmentation,train,912.png,data/badminton_zones/images/train/912.png,data/badminton_zones/masks/train/912.png,047643b4df1fd7a5982dbee28cd46ba3cab72f58fad3ac14a3635dfe8ab8d7a9,ef028f4cabba193797859e583b3a7d3259cb180c6dff1712960e00c5303066d9,1920,1080,14,0=background;1=fl_doubles;2=fl_service;3=fs_singles;4=fr_singles;5=fr_service;6=fr_doubles;7=central_zone;8=bl_doubles;9=bl_service;10=bl_singles;11=br_service;12=br_singles;13=br_doubles
badminton_zones,badminton,court_zone_segmentation,train,853.png,data/badminton_zones/images/train/853.png,data/badminton_zones/masks/train/853.png,3860c53479b0d6a7aa113dbb0cadebfd3ada046322f124882f90fc5a7a0606f6,5797d59c47d743dac98206945c8bff898061b42a7c232632af37b3c1b1c9c8c1,1920,1080,14,0=background;1=fl_doubles;2=fl_service;3=fs_singles;4=fr_singles;5=fr_service;6=fr_doubles;7=central_zone;8=bl_doubles;9=bl_service;10=bl_singles;11=br_service;12=br_singles;13=br_doubles
badminton_zones,badminton,court_zone_segmentation,train,816.png,data/badminton_zones/images/train/816.png,data/badminton_zones/masks/train/816.png,8b4e3b224da4765098c947584757c450ecdd9b0c9264d1481030ac92589fb8cd,d04df262bee62bf1807d13666d2f7a0bbdd93a164e7ff70974c001647626e3d8,1920,1080,14,0=background;1=fl_doubles;2=fl_service;3=fs_singles;4=fr_singles;5=fr_service;6=fr_doubles;7=central_zone;8=bl_doubles;9=bl_service;10=bl_singles;11=br_service;12=br_singles;13=br_doubles
badminton_zones,badminton,court_zone_segmentation,train,979.png,data/badminton_zones/images/train/979.png,data/badminton_zones/masks/train/979.png,6b8c2eda552a8de4f8805da876d6a57f6bc3c1dd5e61c2c8095c62c502a0ea18,5797d59c47d743dac98206945c8bff898061b42a7c232632af37b3c1b1c9c8c1,1920,1080,14,0=background;1=fl_doubles;2=fl_service;3=fs_singles;4=fr_singles;5=fr_service;6=fr_doubles;7=central_zone;8=bl_doubles;9=bl_service;10=bl_singles;11=br_service;12=br_singles;13=br_doubles
badminton_zones,badminton,court_zone_segmentation,train,1231.png,data/badminton_zones/images/train/1231.png,data/badminton_zones/masks/train/1231.png,b125c5a90939d0a6d9d776c1c390256c01184a63b2bf811a58736b78ddad8b1f,5797d59c47d743dac98206945c8bff898061b42a7c232632af37b3c1b1c9c8c1,1280,720,14,0=background;1=fl_doubles;2=fl_service;3=fs_singles;4=fr_singles;5=fr_service;6=fr_doubles;7=central_zone;8=bl_doubles;9=bl_service;10=bl_singles;11=br_service;12=br_singles;13=br_doubles
badminton_zones,badminton,court_zone_segmentation,train,522.png,data/badminton_zones/images/train/522.png,data/badminton_zones/masks/train/522.png,6f031fb21de3a5f267f465e91b2994b20b80cc46670c3cad422d5f3cd2ccd2f9,71d7aa46c3dd90e02c635ecdf0ab09f6ac204a1998f52e0ee3941efcd009fbe8,1920,1080,14,0=background;1=fl_doubles;2=fl_service;3=fs_singles;4=fr_singles;5=fr_service;6=fr_doubles;7=central_zone;8=bl_doubles;9=bl_service;10=bl_singles;11=br_service;12=br_singles;13=br_doubles
badminton_zones,badminton,court_zone_segmentation,train,477.png,data/badminton_zones/images/train/477.png,data/badminton_zones/masks/train/477.png,68dc3ac772e889c6c7dec6fe1d3521f40338e20fdd761debd389cc95edc50bf3,6233643c9fdd9664abe3f865617b9ee229e80c5924d8e4c94cd08526c75f624b,1280,720,14,0=background;1=fl_doubles;2=fl_service;3=fs_singles;4=fr_singles;5=fr_service;6=fr_doubles;7=central_zone;8=bl_doubles;9=bl_service;10=bl_singles;11=br_service;12=br_singles;13=br_doubles
badminton_zones,badminton,court_zone_segmentation,train,10.png,data/badminton_zones/images/train/10.png,data/badminton_zones/masks/train/10.png,614e8a94c8f5da5b441ec0f1250fbcbe11d8b51dd18e586fc443f21916b0ec70,89cd29c8557fb4188631183e8a86bb0ddd308f0d4e615ef8afba19edf65da59c,1920,1080,14,0=background;1=fl_doubles;2=fl_service;3=fs_singles;4=fr_singles;5=fr_service;6=fr_doubles;7=central_zone;8=bl_doubles;9=bl_service;10=bl_singles;11=br_service;12=br_singles;13=br_doubles
badminton_zones,badminton,court_zone_segmentation,train,3.png,data/badminton_zones/images/train/3.png,data/badminton_zones/masks/train/3.png,82711ed993130c717711927668013682da7aa3a0e2178d851e89c3f4e80f1764,5797d59c47d743dac98206945c8bff898061b42a7c232632af37b3c1b1c9c8c1,1920,1080,14,0=background;1=fl_doubles;2=fl_service;3=fs_singles;4=fr_singles;5=fr_service;6=fr_doubles;7=central_zone;8=bl_doubles;9=bl_service;10=bl_singles;11=br_service;12=br_singles;13=br_doubles
badminton_zones,badminton,court_zone_segmentation,train,45.png,data/badminton_zones/images/train/45.png,data/badminton_zones/masks/train/45.png,b231e8e50f02525b61636983a008f968dbeaf38d6fcb1d843387becc447d28ef,5797d59c47d743dac98206945c8bff898061b42a7c232632af37b3c1b1c9c8c1,1920,1080,14,0=background;1=fl_doubles;2=fl_service;3=fs_singles;4=fr_singles;5=fr_service;6=fr_doubles;7=central_zone;8=bl_doubles;9=bl_service;10=bl_singles;11=br_service;12=br_singles;13=br_doubles
badminton_zones,badminton,court_zone_segmentation,train,1157.png,data/badminton_zones/images/train/1157.png,data/badminton_zones/masks/train/1157.png,e04b8b4ac96f899e9a5ebd04b1b8b3e3a0facea185581f907d52aef9adb1a8e3,ec20403acca4e66f60e1feada3247e3d5cc428b7c439d3a1423b4f3da9af0c8a,1920,1080,14,0=background;1=fl_doubles;2=fl_service;3=fs_singles;4=fr_singles;5=fr_service;6=fr_doubles;7=central_zone;8=bl_doubles;9=bl_service;10=bl_singles;11=br_service;12=br_singles;13=br_doubles
badminton_zones,badminton,court_zone_segmentation,train,637.png,data/badminton_zones/images/train/637.png,data/badminton_zones/masks/train/637.png,31ce001b1e7d7e043249a59cbe101a1070264d5b4dcb9fa04b3a34287c33bac2,d99bbcef3975730b93d4b7eed3e82981b3928bdbe2e1621e58f286fb261b4c80,1280,720,14,0=background;1=fl_doubles;2=fl_service;3=fs_singles;4=fr_singles;5=fr_service;6=fr_doubles;7=central_zone;8=bl_doubles;9=bl_service;10=bl_singles;11=br_service;12=br_singles;13=br_doubles
badminton_zones,badminton,court_zone_segmentation,train,1032.png,data/badminton_zones/images/train/1032.png,data/badminton_zones/masks/train/1032.png,25217bb85fe6299d68ff6392d3e6090fdf00a6110c6e3315ccb896978272dfc1,55fcb20756f8b146781dfb96f182f0dc2c44fbf2d516e8c54ec93eb5b88c511d,1920,1080,14,0=background;1=fl_doubles;2=fl_service;3=fs_singles;4=fr_singles;5=fr_service;6=fr_doubles;7=central_zone;8=bl_doubles;9=bl_service;10=bl_singles;11=br_service;12=br_singles;13=br_doubles
badminton_zones,badminton,court_zone_segmentation,train,970.png,data/badminton_zones/images/train/970.png,data/badminton_zones/masks/train/970.png,9833b2bbaac6d5ee4cbb4693f6b9e440e6346c8b5b1939054979c091684644a9,5797d59c47d743dac98206945c8bff898061b42a7c232632af37b3c1b1c9c8c1,1920,1080,14,0=background;1=fl_doubles;2=fl_service;3=fs_singles;4=fr_singles;5=fr_service;6=fr_doubles;7=central_zone;8=bl_doubles;9=bl_service;10=bl_singles;11=br_service;12=br_singles;13=br_doubles
badminton_zones,badminton,court_zone_segmentation,train,252.png,data/badminton_zones/images/train/252.png,data/badminton_zones/masks/train/252.png,49a9f10b7dbb729464651dc212bd8bbf892dce73860f482d9378d0d6856c5b12,5797d59c47d743dac98206945c8bff898061b42a7c232632af37b3c1b1c9c8c1,1920,1080,14,0=background;1=fl_doubles;2=fl_service;3=fs_singles;4=fr_singles;5=fr_service;6=fr_doubles;7=central_zone;8=bl_doubles;9=bl_service;10=bl_singles;11=br_service;12=br_singles;13=br_doubles
badminton_zones,badminton,court_zone_segmentation,train,32.png,data/badminton_zones/images/train/32.png,data/badminton_zones/masks/train/32.png,e13da93b7246972463672f9e8a86f2515627c9f4e4eeb370e42b7d496bfe80c0,5797d59c47d743dac98206945c8bff898061b42a7c232632af37b3c1b1c9c8c1,1920,1080,14,0=background;1=fl_doubles;2=fl_service;3=fs_singles;4=fr_singles;5=fr_service;6=fr_doubles;7=central_zone;8=bl_doubles;9=bl_service;10=bl_singles;11=br_service;12=br_singles;13=br_doubles
badminton_zones,badminton,court_zone_segmentation,train,999.png,data/badminton_zones/images/train/999.png,data/badminton_zones/masks/train/999.png,09052200582d32c79ce61c43ca2b3425f22f53bf31589e01acb30a253471c478,46692f9efbb09991f6567f8927be0fa47b99138ecadc27d093b8983c096d89b9,1920,1080,14,0=background;1=fl_doubles;2=fl_service;3=fs_singles;4=fr_singles;5=fr_service;6=fr_doubles;7=central_zone;8=bl_doubles;9=bl_service;10=bl_singles;11=br_service;12=br_singles;13=br_doubles
badminton_zones,badminton,court_zone_segmentation,train,315.png,data/badminton_zones/images/train/315.png,data/badminton_zones/masks/train/315.png,8846dd3d5b74931e2643d60fd63a7e308d6911b5762a114437294b06dbf9adcc,5797d59c47d743dac98206945c8bff898061b42a7c232632af37b3c1b1c9c8c1,1920,1080,14,0=background;1=fl_doubles;2=fl_service;3=fs_singles;4=fr_singles;5=fr_service;6=fr_doubles;7=central_zone;8=bl_doubles;9=bl_service;10=bl_singles;11=br_service;12=br_singles;13=br_doubles
badminton_zones,badminton,court_zone_segmentation,train,69.png,data/badminton_zones/images/train/69.png,data/badminton_zones/masks/train/69.png,cb25c75f4441dadc4208fafdaa01c0ed7c86cf661db82ff187694c6126499a2f,5797d59c47d743dac98206945c8bff898061b42a7c232632af37b3c1b1c9c8c1,1920,1080,14,0=background;1=fl_doubles;2=fl_service;3=fs_singles;4=fr_singles;5=fr_service;6=fr_doubles;7=central_zone;8=bl_doubles;9=bl_service;10=bl_singles;11=br_service;12=br_singles;13=br_doubles
badminton_zones,badminton,court_zone_segmentation,train,502.png,data/badminton_zones/images/train/502.png,data/badminton_zones/masks/train/502.png,2cb21fac0494ee568af484876bc052c05031abdf2d5d0f19b95c687b483e1c52,71d7aa46c3dd90e02c635ecdf0ab09f6ac204a1998f52e0ee3941efcd009fbe8,1920,1080,14,0=background;1=fl_doubles;2=fl_service;3=fs_singles;4=fr_singles;5=fr_service;6=fr_doubles;7=central_zone;8=bl_doubles;9=bl_service;10=bl_singles;11=br_service;12=br_singles;13=br_doubles
badminton_zones,badminton,court_zone_segmentation,train,542.png,data/badminton_zones/images/train/542.png,data/badminton_zones/masks/train/542.png,175c098cb9efc60aeb2d913a4b5266bd6b2d61d0741abd310ac347f3998e0b7e,9da2ba7d88dc40e1ae09292f7b30db902e1538a1c90d445de4e8e33dcdd87b76,1920,1080,14,0=background;1=fl_doubles;2=fl_service;3=fs_singles;4=fr_singles;5=fr_service;6=fr_doubles;7=central_zone;8=bl_doubles;9=bl_service;10=bl_singles;11=br_service;12=br_singles;13=br_doubles
badminton_zones,badminton,court_zone_segmentation,train,600.png,data/badminton_zones/images/train/600.png,data/badminton_zones/masks/train/600.png,358b43da9c50479188bc87a4d4ddcaa97475140d5705b18fa26c6ad8dbb252e4,70e1a442f5261219e46ae45ecb6788a0a2865c6afc6453bf8479539e883e1922,1920,1080,14,0=background;1=fl_doubles;2=fl_service;3=fs_singles;4=fr_singles;5=fr_service;6=fr_doubles;7=central_zone;8=bl_doubles;9=bl_service;10=bl_singles;11=br_service;12=br_singles;13=br_doubles
badminton_zones,badminton,court_zone_segmentation,train,822.png,data/badminton_zones/images/train/822.png,data/badminton_zones/masks/train/822.png,e7fb51a0898235c7dec051678d6bc3e5e1d0b0bfa23065fae386d8bc3eca213e,d04df262bee62bf1807d13666d2f7a0bbdd93a164e7ff70974c001647626e3d8,1920,1080,14,0=background;1=fl_doubles;2=fl_service;3=fs_singles;4=fr_singles;5=fr_service;6=fr_doubles;7=central_zone;8=bl_doubles;9=bl_service;10=bl_singles;11=br_service;12=br_singles;13=br_doubles
badminton_zones,badminton,court_zone_segmentation,train,520.png,data/badminton_zones/images/train/520.png,data/badminton_zones/masks/train/520.png,c92ac23cb99184405287a09ab62b7b69ad1ab75b5020d0afc963054a81ad0b1a,71d7aa46c3dd90e02c635ecdf0ab09f6ac204a1998f52e0ee3941efcd009fbe8,1920,1080,14,0=background;1=fl_doubles;2=fl_service;3=fs_singles;4=fr_singles;5=fr_service;6=fr_doubles;7=central_zone;8=bl_doubles;9=bl_service;10=bl_singles;11=br_service;12=br_singles;13=br_doubles
badminton_zones,badminton,court_zone_segmentation,train,1.png,data/badminton_zones/images/train/1.png,data/badminton_zones/masks/train/1.png,952cc1097879d4b4653efe854c333229392c0eb70bfa35e707d875ea36a39fe6,5797d59c47d743dac98206945c8bff898061b42a7c232632af37b3c1b1c9c8c1,1920,1080,14,0=background;1=fl_doubles;2=fl_service;3=fs_singles;4=fr_singles;5=fr_service;6=fr_doubles;7=central_zone;8=bl_doubles;9=bl_service;10=bl_singles;11=br_service;12=br_singles;13=br_doubles
badminton_zones,badminton,court_zone_segmentation,train,21.png,data/badminton_zones/images/train/21.png,data/badminton_zones/masks/train/21.png,be01a573d4e9ca56acf72005d9bd2b970ab0d337ad4f37b687a10baf178a824e,5797d59c47d743dac98206945c8bff898061b42a7c232632af37b3c1b1c9c8c1,1920,1080,14,0=background;1=fl_doubles;2=fl_service;3=fs_singles;4=fr_singles;5=fr_service;6=fr_doubles;7=central_zone;8=bl_doubles;9=bl_service;10=bl_singles;11=br_service;12=br_singles;13=br_doubles
badminton_zones,badminton,court_zone_segmentation,train,154.png,data/badminton_zones/images/train/154.png,data/badminton_zones/masks/train/154.png,bf3ba44dd5cf16de0bb254f5a1f8b0ce9f918781b8c1aab5c057d643eb359870,05aff27316ecd25aa5d2b146ce76b489e644e744e8f1afa78675cbbbebaafc51,1920,1080,14,0=background;1=fl_doubles;2=fl_service;3=fs_singles;4=fr_singles;5=fr_service;6=fr_doubles;7=central_zone;8=bl_doubles;9=bl_service;10=bl_singles;11=br_service;12=br_singles;13=br_doubles
badminton_zones,badminton,court_zone_segmentation,train,392.png,data/badminton_zones/images/train/392.png,data/badminton_zones/masks/train/392.png,3113895477c96953e9248ef110540601dffb4e477b4326223a50b93f2b7a8560,254539492eb44bfc611cd50e443fbd21c329e8974027373a5200c7de82d7c13b,1920,1080,14,0=background;1=fl_doubles;2=fl_service;3=fs_singles;4=fr_singles;5=fr_service;6=fr_doubles;7=central_zone;8=bl_doubles;9=bl_service;10=bl_singles;11=br_service;12=br_singles;13=br_doubles
badminton_zones,badminton,court_zone_segmentation,train,83.png,data/badminton_zones/images/train/83.png,data/badminton_zones/masks/train/83.png,be1169181be25d44f9fe998ef9efba9e245adc5895ac9cfc377fe37975ad3738,5f41e1dfd498d418573d50d1d807547ae42916064285cb16a465f62577312ab4,1920,1080,14,0=background;1=fl_doubles;2=fl_service;3=fs_singles;4=fr_singles;5=fr_service;6=fr_doubles;7=central_zone;8=bl_doubles;9=bl_service;10=bl_singles;11=br_service;12=br_singles;13=br_doubles
badminton_zones,badminton,court_zone_segmentation,train,1175.png,data/badminton_zones/images/train/1175.png,data/badminton_zones/masks/train/1175.png,364b2c672ff639bff2dbf1abd8faff455c9950ee24f7ca8a4a4c4b9da8d67c7a,afaec54053472401e2da7525b34b8233c97a110a6cf8dbca3bbbdbf908ee31df,1280,720,14,0=background;1=fl_doubles;2=fl_service;3=fs_singles;4=fr_singles;5=fr_service;6=fr_doubles;7=central_zone;8=bl_doubles;9=bl_service;10=bl_singles;11=br_service;12=br_singles;13=br_doubles
badminton_zones,badminton,court_zone_segmentation,train,378.png,data/badminton_zones/images/train/378.png,data/badminton_zones/masks/train/378.png,5d08572158f4b8b2bd51ee91fe710724f89e72b832a6f85169eba52c10766a7b,254539492eb44bfc611cd50e443fbd21c329e8974027373a5200c7de82d7c13b,1920,1080,14,0=background;1=fl_doubles;2=fl_service;3=fs_singles;4=fr_singles;5=fr_service;6=fr_doubles;7=central_zone;8=bl_doubles;9=bl_service;10=bl_singles;11=br_service;12=br_singles;13=br_doubles
badminton_zones,badminton,court_zone_segmentation,train,633.png,data/badminton_zones/images/train/633.png,data/badminton_zones/masks/train/633.png,1bdb431f77aae523b961916006478abffe0ce864af566bd31448c7ae43c9313d,d99bbcef3975730b93d4b7eed3e82981b3928bdbe2e1621e58f286fb261b4c80,1280,720,14,0=background;1=fl_doubles;2=fl_service;3=fs_singles;4=fr_singles;5=fr_service;6=fr_doubles;7=central_zone;8=bl_doubles;9=bl_service;10=bl_singles;11=br_service;12=br_singles;13=br_doubles
badminton_zones,badminton,court_zone_segmentation,train,1222.png,data/badminton_zones/images/train/1222.png,data/badminton_zones/masks/train/1222.png,5edd1ed1a630d44a15cfb079147268779d5c2283b2c1f7009f8ea2dd1b1fc6fd,5797d59c47d743dac98206945c8bff898061b42a7c232632af37b3c1b1c9c8c1,1280,720,14,0=background;1=fl_doubles;2=fl_service;3=fs_singles;4=fr_singles;5=fr_service;6=fr_doubles;7=central_zone;8=bl_doubles;9=bl_service;10=bl_singles;11=br_service;12=br_singles;13=br_doubles
badminton_zones,badminton,court_zone_segmentation,train,1101.png,data/badminton_zones/images/train/1101.png,data/badminton_zones/masks/train/1101.png,564e32efb0f6af6c2e58141597caef0f50d092f3847a776bad2166ae8427af55,ec20403acca4e66f60e1feada3247e3d5cc428b7c439d3a1423b4f3da9af0c8a,1920,1080,14,0=background;1=fl_doubles;2=fl_service;3=fs_singles;4=fr_singles;5=fr_service;6=fr_doubles;7=central_zone;8=bl_doubles;9=bl_service;10=bl_singles;11=br_service;12=br_singles;13=br_doubles
badminton_zones,badminton,court_zone_segmentation,train,262.png,data/badminton_zones/images/train/262.png,data/badminton_zones/masks/train/262.png,d0b01b8d582d66b60b58bfde20bb6ce493a85ba7362bbd5431551308090185f7,bdbc7d9936513dbff594fa4e30c54d37afdc7a5386652e2e955132d6ccab651e,1920,1080,14,0=background;1=fl_doubles;2=fl_service;3=fs_singles;4=fr_singles;5=fr_service;6=fr_doubles;7=central_zone;8=bl_doubles;9=bl_service;10=bl_singles;11=br_service;12=br_singles;13=br_doubles
badminton_zones,badminton,court_zone_segmentation,train,877.png,data/badminton_zones/images/train/877.png,data/badminton_zones/masks/train/877.png,f3476140ba3b3f400088b2eb81a23b431b7ffda266bd1172af776ffd37a7f583,fbf2a55a1288cbb8da1d03b688298f3d41fb1fe046abb5021ee49fe3f22ba6ba,1920,1080,14,0=background;1=fl_doubles;2=fl_service;3=fs_singles;4=fr_singles;5=fr_service;6=fr_doubles;7=central_zone;8=bl_doubles;9=bl_service;10=bl_singles;11=br_service;12=br_singles;13=br_doubles
badminton_zones,badminton,court_zone_segmentation,train,299.png,data/badminton_zones/images/train/299.png,data/badminton_zones/masks/train/299.png,35a2300662ceb8d5ce78c7277d8a07e9e370ee6abe3746fafa1952c64a8e5c25,5797d59c47d743dac98206945c8bff898061b42a7c232632af37b3c1b1c9c8c1,1920,1080,14,0=background;1=fl_doubles;2=fl_service;3=fs_singles;4=fr_singles;5=fr_service;6=fr_doubles;7=central_zone;8=bl_doubles;9=bl_service;10=bl_singles;11=br_service;12=br_singles;13=br_doubles
badminton_zones,badminton,court_zone_segmentation,train,7.png,data/badminton_zones/images/train/7.png,data/badminton_zones/masks/train/7.png,d3b76409955a6c89179523ca0b248b530da70881b545cf97760ff7587497abe2,5797d59c47d743dac98206945c8bff898061b42a7c232632af37b3c1b1c9c8c1,1920,1080,14,0=background;1=fl_doubles;2=fl_service;3=fs_singles;4=fr_singles;5=fr_service;6=fr_doubles;7=central_zone;8=bl_doubles;9=bl_service;10=bl_singles;11=br_service;12=br_singles;13=br_doubles
badminton_zones,badminton,court_zone_segmentation,train,509.png,data/badminton_zones/images/train/509.png,data/badminton_zones/masks/train/509.png,c28f8e1303d896937a2b033901a319dffc1727792ee3bbcf0039dbe913b02a91,71d7aa46c3dd90e02c635ecdf0ab09f6ac204a1998f52e0ee3941efcd009fbe8,1920,1080,14,0=background;1=fl_doubles;2=fl_service;3=fs_singles;4=fr_singles;5=fr_service;6=fr_doubles;7=central_zone;8=bl_doubles;9=bl_service;10=bl_singles;11=br_service;12=br_singles;13=br_doubles
badminton_zones,badminton,court_zone_segmentation,train,521.png,data/badminton_zones/images/train/521.png,data/badminton_zones/masks/train/521.png,6fa5ff02c0929cd238133ef61865ebd517e3ceb3394d3fa14050af71f73c9243,71d7aa46c3dd90e02c635ecdf0ab09f6ac204a1998f52e0ee3941efcd009fbe8,1920,1080,14,0=background;1=fl_doubles;2=fl_service;3=fs_singles;4=fr_singles;5=fr_service;6=fr_doubles;7=central_zone;8=bl_doubles;9=bl_service;10=bl_singles;11=br_service;12=br_singles;13=br_doubles
badminton_zones,badminton,court_zone_segmentation,train,256.png,data/badminton_zones/images/train/256.png,data/badminton_zones/masks/train/256.png,4384b583e1442b61f80fd7f6faed19e0dd1a9a73197eb34f2e94e23140c64211,5797d59c47d743dac98206945c8bff898061b42a7c232632af37b3c1b1c9c8c1,1920,1080,14,0=background;1=fl_doubles;2=fl_service;3=fs_singles;4=fr_singles;5=fr_service;6=fr_doubles;7=central_zone;8=bl_doubles;9=bl_service;10=bl_singles;11=br_service;12=br_singles;13=br_doubles
badminton_zones,badminton,court_zone_segmentation,train,837.png,data/badminton_zones/images/train/837.png,data/badminton_zones/masks/train/837.png,d459cddc57f1d0ad7f6b64d0d04d8e559550926b2553417b98ce3fb111ce7c0b,5797d59c47d743dac98206945c8bff898061b42a7c232632af37b3c1b1c9c8c1,1920,1080,14,0=background;1=fl_doubles;2=fl_service;3=fs_singles;4=fr_singles;5=fr_service;6=fr_doubles;7=central_zone;8=bl_doubles;9=bl_service;10=bl_singles;11=br_service;12=br_singles;13=br_doubles
badminton_zones,badminton,court_zone_segmentation,train,786.png,data/badminton_zones/images/train/786.png,data/badminton_zones/masks/train/786.png,37c82448c82ca6a390e5dcce4e7255067f11cd22f5832d9a3623c7a5dce2de18,5797d59c47d743dac98206945c8bff898061b42a7c232632af37b3c1b1c9c8c1,1920,1080,14,0=background;1=fl_doubles;2=fl_service;3=fs_singles;4=fr_singles;5=fr_service;6=fr_doubles;7=central_zone;8=bl_doubles;9=bl_service;10=bl_singles;11=br_service;12=br_singles;13=br_doubles
badminton_zones,badminton,court_zone_segmentation,train,785.png,data/badminton_zones/images/train/785.png,data/badminton_zones/masks/train/785.png,97a5e7dfb98623eb49a1f742904edfbcf2e3114f5e30979d8fd5a4d9068cf455,d04df262bee62bf1807d13666d2f7a0bbdd93a164e7ff70974c001647626e3d8,1920,1080,14,0=background;1=fl_doubles;2=fl_service;3=fs_singles;4=fr_singles;5=fr_service;6=fr_doubles;7=central_zone;8=bl_doubles;9=bl_service;10=bl_singles;11=br_service;12=br_singles;13=br_doubles
badminton_zones,badminton,court_zone_segmentation,train,508.png,data/badminton_zones/images/train/508.png,data/badminton_zones/masks/train/508.png,821dec02c8e787462d3a94169813a4534b9d0fb010bbe2bebb9d9401fcc440c1,71d7aa46c3dd90e02c635ecdf0ab09f6ac204a1998f52e0ee3941efcd009fbe8,1920,1080,14,0=background;1=fl_doubles;2=fl_service;3=fs_singles;4=fr_singles;5=fr_service;6=fr_doubles;7=central_zone;8=bl_doubles;9=bl_service;10=bl_singles;11=br_service;12=br_singles;13=br_doubles
badminton_zones,badminton,court_zone_segmentation,train,823.png,data/badminton_zones/images/train/823.png,data/badminton_zones/masks/train/823.png,8e5841ab2060645ab82ff5a1fa612a650765517499388888cb1cb041daa8c688,d04df262bee62bf1807d13666d2f7a0bbdd93a164e7ff70974c001647626e3d8,1920,1080,14,0=background;1=fl_doubles;2=fl_service;3=fs_singles;4=fr_singles;5=fr_service;6=fr_doubles;7=central_zone;8=bl_doubles;9=bl_service;10=bl_singles;11=br_service;12=br_singles;13=br_doubles
badminton_zones,badminton,court_zone_segmentation,train,1066.png,data/badminton_zones/images/train/1066.png,data/badminton_zones/masks/train/1066.png,96cb1be5124597dc788e8efddb58339d749e3a7ca5baf5455273e1a244c77326,55fcb20756f8b146781dfb96f182f0dc2c44fbf2d516e8c54ec93eb5b88c511d,1920,1080,14,0=background;1=fl_doubles;2=fl_service;3=fs_singles;4=fr_singles;5=fr_service;6=fr_doubles;7=central_zone;8=bl_doubles;9=bl_service;10=bl_singles;11=br_service;12=br_singles;13=br_doubles
badminton_zones,badminton,court_zone_segmentation,train,950.png,data/badminton_zones/images/train/950.png,data/badminton_zones/masks/train/950.png,af4d499201f521cb62df544c448209d71df693d0fbd2aa38d4870d2ecd160f18,5797d59c47d743dac98206945c8bff898061b42a7c232632af37b3c1b1c9c8c1,1920,1080,14,0=background;1=fl_doubles;2=fl_service;3=fs_singles;4=fr_singles;5=fr_service;6=fr_doubles;7=central_zone;8=bl_doubles;9=bl_service;10=bl_singles;11=br_service;12=br_singles;13=br_doubles
badminton_zones,badminton,court_zone_segmentation,train,850.png,data/badminton_zones/images/train/850.png,data/badminton_zones/masks/train/850.png,3e7dc5633920bb03fcc5c7e83ed805f362544cf076a454a62e14858de7f7a825,fbf2a55a1288cbb8da1d03b688298f3d41fb1fe046abb5021ee49fe3f22ba6ba,1920,1080,14,0=background;1=fl_doubles;2=fl_service;3=fs_singles;4=fr_singles;5=fr_service;6=fr_doubles;7=central_zone;8=bl_doubles;9=bl_service;10=bl_singles;11=br_service;12=br_singles;13=br_doubles
badminton_zones,badminton,court_zone_segmentation,train,920.png,data/badminton_zones/images/train/920.png,data/badminton_zones/masks/train/920.png,4bb15211e0d5bc88a8dfcdc9e04e5297307983eaad30626dc2703de6f1e9f254,ef028f4cabba193797859e583b3a7d3259cb180c6dff1712960e00c5303066d9,1920,1080,14,0=background;1=fl_doubles;2=fl_service;3=fs_singles;4=fr_singles;5=fr_service;6=fr_doubles;7=central_zone;8=bl_doubles;9=bl_service;10=bl_singles;11=br_service;12=br_singles;13=br_doubles
badminton_zones,badminton,court_zone_segmentation,train,652.png,data/badminton_zones/images/train/652.png,data/badminton_zones/masks/train/652.png,2622c1fc528f45aaf9256ff27aee2d0a7bef256c16b06e43c2245bf4be148877,c30faf0ca82291517a1fe8512d49ef66c51d5bc3e5f89476dfeffd460e0097d3,1920,1080,14,0=background;1=fl_doubles;2=fl_service;3=fs_singles;4=fr_singles;5=fr_service;6=fr_doubles;7=central_zone;8=bl_doubles;9=bl_service;10=bl_singles;11=br_service;12=br_singles;13=br_doubles
badminton_zones,badminton,court_zone_segmentation,train,771.png,data/badminton_zones/images/train/771.png,data/badminton_zones/masks/train/771.png,62906fb59627ea1f20494ec41e4f92c1c533d11d4047aa6d3b88e7eb2d5bfc62,5797d59c47d743dac98206945c8bff898061b42a7c232632af37b3c1b1c9c8c1,1920,1080,14,0=background;1=fl_doubles;2=fl_service;3=fs_singles;4=fr_singles;5=fr_service;6=fr_doubles;7=central_zone;8=bl_doubles;9=bl_service;10=bl_singles;11=br_service;12=br_singles;13=br_doubles
badminton_zones,badminton,court_zone_segmentation,train,323.png,data/badminton_zones/images/train/323.png,data/badminton_zones/masks/train/323.png,2dacddc264cd8dbe64f848b9b663b831e124553f12e3cef0958926cc7def5c21,5797d59c47d743dac98206945c8bff898061b42a7c232632af37b3c1b1c9c8c1,1920,1080,14,0=background;1=fl_doubles;2=fl_service;3=fs_singles;4=fr_singles;5=fr_service;6=fr_doubles;7=central_zone;8=bl_doubles;9=bl_service;10=bl_singles;11=br_service;12=br_singles;13=br_doubles
badminton_zones,badminton,court_zone_segmentation,train,528.png,data/badminton_zones/images/train/528.png,data/badminton_zones/masks/train/528.png,228f5442d2174d5e7c9b1b15eafdd4a2c2488a0fedd6e55d324ced7e0185caba,5797d59c47d743dac98206945c8bff898061b42a7c232632af37b3c1b1c9c8c1,1920,1080,14,0=background;1=fl_doubles;2=fl_service;3=fs_singles;4=fr_singles;5=fr_service;6=fr_doubles;7=central_zone;8=bl_doubles;9=bl_service;10=bl_singles;11=br_service;12=br_singles;13=br_doubles
badminton_zones,badminton,court_zone_segmentation,train,179.png,data/badminton_zones/images/train/179.png,data/badminton_zones/masks/train/179.png,8f7971b3b6929649c8f8a51097561d3f4751123c669a42403533d11d4d99755a,05aff27316ecd25aa5d2b146ce76b489e644e744e8f1afa78675cbbbebaafc51,1920,1080,14,0=background;1=fl_doubles;2=fl_service;3=fs_singles;4=fr_singles;5=fr_service;6=fr_doubles;7=central_zone;8=bl_doubles;9=bl_service;10=bl_singles;11=br_service;12=br_singles;13=br_doubles
badminton_zones,badminton,court_zone_segmentation,train,387.png,data/badminton_zones/images/train/387.png,data/badminton_zones/masks/train/387.png,f4fdbc303071918f78f17807edd54861df232eec2b17ae9335a520e7df6aaba6,254539492eb44bfc611cd50e443fbd21c329e8974027373a5200c7de82d7c13b,1920,1080,14,0=background;1=fl_doubles;2=fl_service;3=fs_singles;4=fr_singles;5=fr_service;6=fr_doubles;7=central_zone;8=bl_doubles;9=bl_service;10=bl_singles;11=br_service;12=br_singles;13=br_doubles
badminton_zones,badminton,court_zone_segmentation,train,814.png,data/badminton_zones/images/train/814.png,data/badminton_zones/masks/train/814.png,10d3d5309dfb9a1f3e75cd27d003b2591e8d6e6d3de9e45ff94e7d422b84b39f,5797d59c47d743dac98206945c8bff898061b42a7c232632af37b3c1b1c9c8c1,1920,1080,14,0=background;1=fl_doubles;2=fl_service;3=fs_singles;4=fr_singles;5=fr_service;6=fr_doubles;7=central_zone;8=bl_doubles;9=bl_service;10=bl_singles;11=br_service;12=br_singles;13=br_doubles
badminton_zones,badminton,court_zone_segmentation,train,155.png,data/badminton_zones/images/train/155.png,data/badminton_zones/masks/train/155.png,4980e314b04122a34def9b51a29c206d52502e01b5c1d59ebeaf6e4bfc836425,05aff27316ecd25aa5d2b146ce76b489e644e744e8f1afa78675cbbbebaafc51,1920,1080,14,0=background;1=fl_doubles;2=fl_service;3=fs_singles;4=fr_singles;5=fr_service;6=fr_doubles;7=central_zone;8=bl_doubles;9=bl_service;10=bl_singles;11=br_service;12=br_singles;13=br_doubles
badminton_zones,badminton,court_zone_segmentation,train,965.png,data/badminton_zones/images/train/965.png,data/badminton_zones/masks/train/965.png,7c6c137d7837215cb85e67da7f46def71cbc961d3415b9368a3adffbd3607bfa,46692f9efbb09991f6567f8927be0fa47b99138ecadc27d093b8983c096d89b9,1920,1080,14,0=background;1=fl_doubles;2=fl_service;3=fs_singles;4=fr_singles;5=fr_service;6=fr_doubles;7=central_zone;8=bl_doubles;9=bl_service;10=bl_singles;11=br_service;12=br_singles;13=br_doubles
badminton_zones,badminton,court_zone_segmentation,train,976.png,data/badminton_zones/images/train/976.png,data/badminton_zones/masks/train/976.png,b7abfc1d22e5061205cf57e3c9c9f14817d3464a06fde7ddb52ccfb870deedfe,46692f9efbb09991f6567f8927be0fa47b99138ecadc27d093b8983c096d89b9,1920,1080,14,0=background;1=fl_doubles;2=fl_service;3=fs_singles;4=fr_singles;5=fr_service;6=fr_doubles;7=central_zone;8=bl_doubles;9=bl_service;10=bl_singles;11=br_service;12=br_singles;13=br_doubles
badminton_zones,badminton,court_zone_segmentation,train,443.png,data/badminton_zones/images/train/443.png,data/badminton_zones/masks/train/443.png,8caa069b3040723cfcf764593a9157bd7ba45c6f13d5259dca3e53360a32dcd3,6233643c9fdd9664abe3f865617b9ee229e80c5924d8e4c94cd08526c75f624b,1280,720,14,0=background;1=fl_doubles;2=fl_service;3=fs_singles;4=fr_singles;5=fr_service;6=fr_doubles;7=central_zone;8=bl_doubles;9=bl_service;10=bl_singles;11=br_service;12=br_singles;13=br_doubles
badminton_zones,badminton,court_zone_segmentation,train,672.png,data/badminton_zones/images/train/672.png,data/badminton_zones/masks/train/672.png,74a62f4715f5a94872410ac7e73edbe8930d06b3af4178aed3bf04348be9b758,c30faf0ca82291517a1fe8512d49ef66c51d5bc3e5f89476dfeffd460e0097d3,1920,1080,14,0=background;1=fl_doubles;2=fl_service;3=fs_singles;4=fr_singles;5=fr_service;6=fr_doubles;7=central_zone;8=bl_doubles;9=bl_service;10=bl_singles;11=br_service;12=br_singles;13=br_doubles
badminton_zones,badminton,court_zone_segmentation,train,290.png,data/badminton_zones/images/train/290.png,data/badminton_zones/masks/train/290.png,1a23b97adcb332fdda3d9eb52bd1116f19eb041c6887e0393e5a4352c70f077c,601d27e278b8e6335aba882d89712a3a1c6220f90849651aa2dcb783e536c2fe,1920,1080,14,0=background;1=fl_doubles;2=fl_service;3=fs_singles;4=fr_singles;5=fr_service;6=fr_doubles;7=central_zone;8=bl_doubles;9=bl_service;10=bl_singles;11=br_service;12=br_singles;13=br_doubles
badminton_zones,badminton,court_zone_segmentation,train,915.png,data/badminton_zones/images/train/915.png,data/badminton_zones/masks/train/915.png,17e21626f8150388af01f1599d4454ce97be7c0f898535425cff620c25727ff2,ef028f4cabba193797859e583b3a7d3259cb180c6dff1712960e00c5303066d9,1920,1080,14,0=background;1=fl_doubles;2=fl_service;3=fs_singles;4=fr_singles;5=fr_service;6=fr_doubles;7=central_zone;8=bl_doubles;9=bl_service;10=bl_singles;11=br_service;12=br_singles;13=br_doubles
badminton_zones,badminton,court_zone_segmentation,train,287.png,data/badminton_zones/images/train/287.png,data/badminton_zones/masks/train/287.png,8b2abdf12890b18daf537f37e5a1d12c6b5b11a1af1d8e964fec5ffcd55f6614,5797d59c47d743dac98206945c8bff898061b42a7c232632af37b3c1b1c9c8c1,1920,1080,14,0=background;1=fl_doubles;2=fl_service;3=fs_singles;4=fr_singles;5=fr_service;6=fr_doubles;7=central_zone;8=bl_doubles;9=bl_service;10=bl_singles;11=br_service;12=br_singles;13=br_doubles
badminton_zones,badminton,court_zone_segmentation,train,1089.png,data/badminton_zones/images/train/1089.png,data/badminton_zones/masks/train/1089.png,c9817aa94d72aee924d52ae05526bcb40cb15f55b6684765726fb2a88ddd89fb,5797d59c47d743dac98206945c8bff898061b42a7c232632af37b3c1b1c9c8c1,1920,1080,14,0=background;1=fl_doubles;2=fl_service;3=fs_singles;4=fr_singles;5=fr_service;6=fr_doubles;7=central_zone;8=bl_doubles;9=bl_service;10=bl_singles;11=br_service;12=br_singles;13=br_doubles
badminton_zones,badminton,court_zone_segmentation,train,894.png,data/badminton_zones/images/train/894.png,data/badminton_zones/masks/train/894.png,9fb10d8356ee1b20b1c0eef9984c608163ef4365a1c9a1e3ddfcfbbb07dfbca7,5797d59c47d743dac98206945c8bff898061b42a7c232632af37b3c1b1c9c8c1,1920,1080,14,0=background;1=fl_doubles;2=fl_service;3=fs_singles;4=fr_singles;5=fr_service;6=fr_doubles;7=central_zone;8=bl_doubles;9=bl_service;10=bl_singles;11=br_service;12=br_singles;13=br_doubles
badminton_zones,badminton,court_zone_segmentation,train,925.png,data/badminton_zones/images/train/925.png,data/badminton_zones/masks/train/925.png,0ec54cfe1ca1157a053ba5b21442837de79e8718c69b296be076edd248aa0cec,5797d59c47d743dac98206945c8bff898061b42a7c232632af37b3c1b1c9c8c1,1920,1080,14,0=background;1=fl_doubles;2=fl_service;3=fs_singles;4=fr_singles;5=fr_service;6=fr_doubles;7=central_zone;8=bl_doubles;9=bl_service;10=bl_singles;11=br_service;12=br_singles;13=br_doubles
badminton_zones,badminton,court_zone_segmentation,train,1051.png,data/badminton_zones/images/train/1051.png,data/badminton_zones/masks/train/1051.png,e780d499cf4ef1d6e3dd489df92ddb7d20626d1713e7cc289078143f88e91b9d,55fcb20756f8b146781dfb96f182f0dc2c44fbf2d516e8c54ec93eb5b88c511d,1920,1080,14,0=background;1=fl_doubles;2=fl_service;3=fs_singles;4=fr_singles;5=fr_service;6=fr_doubles;7=central_zone;8=bl_doubles;9=bl_service;10=bl_singles;11=br_service;12=br_singles;13=br_doubles
badminton_zones,badminton,court_zone_segmentation,train,1008.png,data/badminton_zones/images/train/1008.png,data/badminton_zones/masks/train/1008.png,a1e2e56d39928772d87359f3b7a55940dd7c691b1be570fcc4026463a8b19bff,46692f9efbb09991f6567f8927be0fa47b99138ecadc27d093b8983c096d89b9,1920,1080,14,0=background;1=fl_doubles;2=fl_service;3=fs_singles;4=fr_singles;5=fr_service;6=fr_doubles;7=central_zone;8=bl_doubles;9=bl_service;10=bl_singles;11=br_service;12=br_singles;13=br_doubles
badminton_zones,badminton,court_zone_segmentation,train,628.png,data/badminton_zones/images/train/628.png,data/badminton_zones/masks/train/628.png,2bfe0a2af9ca9e466fb6c03bfa3571de632b22e528ba22d69ff45a14eeaff959,d99bbcef3975730b93d4b7eed3e82981b3928bdbe2e1621e58f286fb261b4c80,1280,720,14,0=background;1=fl_doubles;2=fl_service;3=fs_singles;4=fr_singles;5=fr_service;6=fr_doubles;7=central_zone;8=bl_doubles;9=bl_service;10=bl_singles;11=br_service;12=br_singles;13=br_doubles
badminton_zones,badminton,court_zone_segmentation,train,95.png,data/badminton_zones/images/train/95.png,data/badminton_zones/masks/train/95.png,5d063681ce4c0563e3df28eb029a5bc8687732bcb3629b9ca397c04f9732f845,5f41e1dfd498d418573d50d1d807547ae42916064285cb16a465f62577312ab4,1920,1080,14,0=background;1=fl_doubles;2=fl_service;3=fs_singles;4=fr_singles;5=fr_service;6=fr_doubles;7=central_zone;8=bl_doubles;9=bl_service;10=bl_singles;11=br_service;12=br_singles;13=br_doubles
badminton_zones,badminton,court_zone_segmentation,train,659.png,data/badminton_zones/images/train/659.png,data/badminton_zones/masks/train/659.png,8975838d6d3f90c530cc2d5477959bff115a88f8d7e1432a2f39dd1d8c82b92f,c30faf0ca82291517a1fe8512d49ef66c51d5bc3e5f89476dfeffd460e0097d3,1920,1080,14,0=background;1=fl_doubles;2=fl_service;3=fs_singles;4=fr_singles;5=fr_service;6=fr_doubles;7=central_zone;8=bl_doubles;9=bl_service;10=bl_singles;11=br_service;12=br_singles;13=br_doubles
badminton_zones,badminton,court_zone_segmentation,train,1128.png,data/badminton_zones/images/train/1128.png,data/badminton_zones/masks/train/1128.png,8d3153b01d696057611600d6f16e860064998a5aa56105e399a728bcfe3925b5,ec20403acca4e66f60e1feada3247e3d5cc428b7c439d3a1423b4f3da9af0c8a,1920,1080,14,0=background;1=fl_doubles;2=fl_service;3=fs_singles;4=fr_singles;5=fr_service;6=fr_doubles;7=central_zone;8=bl_doubles;9=bl_service;10=bl_singles;11=br_service;12=br_singles;13=br_doubles
badminton_zones,badminton,court_zone_segmentation,train,88.png,data/badminton_zones/images/train/88.png,data/badminton_zones/masks/train/88.png,1ebec69739823ba54ef1cdf32126100f16cec723f328a49910d50f4df68ac17f,5f41e1dfd498d418573d50d1d807547ae42916064285cb16a465f62577312ab4,1920,1080,14,0=background;1=fl_doubles;2=fl_service;3=fs_singles;4=fr_singles;5=fr_service;6=fr_doubles;7=central_zone;8=bl_doubles;9=bl_service;10=bl_singles;11=br_service;12=br_singles;13=br_doubles
badminton_zones,badminton,court_zone_segmentation,train,159.png,data/badminton_zones/images/train/159.png,data/badminton_zones/masks/train/159.png,251c5c4090cb55efe7bb4eb3c236cb47cd85d99d16b5d2215f3b42982ee5f63f,05aff27316ecd25aa5d2b146ce76b489e644e744e8f1afa78675cbbbebaafc51,1920,1080,14,0=background;1=fl_doubles;2=fl_service;3=fs_singles;4=fr_singles;5=fr_service;6=fr_doubles;7=central_zone;8=bl_doubles;9=bl_service;10=bl_singles;11=br_service;12=br_singles;13=br_doubles
badminton_zones,badminton,court_zone_segmentation,train,1229.png,data/badminton_zones/images/train/1229.png,data/badminton_zones/masks/train/1229.png,ef36908e4e739081f31d8b851173aff74eabd801853d945bad53ea4d74561a42,5797d59c47d743dac98206945c8bff898061b42a7c232632af37b3c1b1c9c8c1,1280,720,14,0=background;1=fl_doubles;2=fl_service;3=fs_singles;4=fr_singles;5=fr_service;6=fr_doubles;7=central_zone;8=bl_doubles;9=bl_service;10=bl_singles;11=br_service;12=br_singles;13=br_doubles
badminton_zones,badminton,court_zone_segmentation,train,846.png,data/badminton_zones/images/train/846.png,data/badminton_zones/masks/train/846.png,7c9d42a1042b23eb8a1156b56bd9cdd2a592598139de88f9cdb893fae9d99238,fbf2a55a1288cbb8da1d03b688298f3d41fb1fe046abb5021ee49fe3f22ba6ba,1920,1080,14,0=background;1=fl_doubles;2=fl_service;3=fs_singles;4=fr_singles;5=fr_service;6=fr_doubles;7=central_zone;8=bl_doubles;9=bl_service;10=bl_singles;11=br_service;12=br_singles;13=br_doubles
badminton_zones,badminton,court_zone_segmentation,train,832.png,data/badminton_zones/images/train/832.png,data/badminton_zones/masks/train/832.png,d492ee1c7dcf63a1cca8f0b7ff31d78238c68e91feddd3ee51704e3b7916d1af,5797d59c47d743dac98206945c8bff898061b42a7c232632af37b3c1b1c9c8c1,1920,1080,14,0=background;1=fl_doubles;2=fl_service;3=fs_singles;4=fr_singles;5=fr_service;6=fr_doubles;7=central_zone;8=bl_doubles;9=bl_service;10=bl_singles;11=br_service;12=br_singles;13=br_doubles
badminton_zones,badminton,court_zone_segmentation,train,861.png,data/badminton_zones/images/train/861.png,data/badminton_zones/masks/train/861.png,d615c061275c7652d39f8915f847c275772ae9a14cdaa93f43396d0e0cf04e15,5797d59c47d743dac98206945c8bff898061b42a7c232632af37b3c1b1c9c8c1,1920,1080,14,0=background;1=fl_doubles;2=fl_service;3=fs_singles;4=fr_singles;5=fr_service;6=fr_doubles;7=central_zone;8=bl_doubles;9=bl_service;10=bl_singles;11=br_service;12=br_singles;13=br_doubles
badminton_zones,badminton,court_zone_segmentation,train,1127.png,data/badminton_zones/images/train/1127.png,data/badminton_zones/masks/train/1127.png,00254fbfded34b49e5ac04265b6059ce559e9a9d2955b9e6758258abe6d66457,5797d59c47d743dac98206945c8bff898061b42a7c232632af37b3c1b1c9c8c1,1920,1080,14,0=background;1=fl_doubles;2=fl_service;3=fs_singles;4=fr_singles;5=fr_service;6=fr_doubles;7=central_zone;8=bl_doubles;9=bl_service;10=bl_singles;11=br_service;12=br_singles;13=br_doubles
badminton_zones,badminton,court_zone_segmentation,train,634.png,data/badminton_zones/images/train/634.png,data/badminton_zones/masks/train/634.png,4618f0a644ef636de20e997323d1feb3c1313a09653f65b9bcace8cb537c34b2,5797d59c47d743dac98206945c8bff898061b42a7c232632af37b3c1b1c9c8c1,1280,720,14,0=background;1=fl_doubles;2=fl_service;3=fs_singles;4=fr_singles;5=fr_service;6=fr_doubles;7=central_zone;8=bl_doubles;9=bl_service;10=bl_singles;11=br_service;12=br_singles;13=br_doubles
badminton_zones,badminton,court_zone_segmentation,train,1204.png,data/badminton_zones/images/train/1204.png,data/badminton_zones/masks/train/1204.png,6db0399b5d696e697850be0eff9a985f04dca7d37644cdd9e3f8ada96ffb7843,5797d59c47d743dac98206945c8bff898061b42a7c232632af37b3c1b1c9c8c1,1280,720,14,0=background;1=fl_doubles;2=fl_service;3=fs_singles;4=fr_singles;5=fr_service;6=fr_doubles;7=central_zone;8=bl_doubles;9=bl_service;10=bl_singles;11=br_service;12=br_singles;13=br_doubles
badminton_zones,badminton,court_zone_segmentation,train,389.png,data/badminton_zones/images/train/389.png,data/badminton_zones/masks/train/389.png,f1a6ad50c193345155d5a0c0828483b10c876118eea4f6dd35071e1af27e33fe,254539492eb44bfc611cd50e443fbd21c329e8974027373a5200c7de82d7c13b,1920,1080,14,0=background;1=fl_doubles;2=fl_service;3=fs_singles;4=fr_singles;5=fr_service;6=fr_doubles;7=central_zone;8=bl_doubles;9=bl_service;10=bl_singles;11=br_service;12=br_singles;13=br_doubles
badminton_zones,badminton,court_zone_segmentation,train,28.png,data/badminton_zones/images/train/28.png,data/badminton_zones/masks/train/28.png,1a7243c00680f38efab73d1024e09769d378a402a22bad73a4953d135e13982c,89cd29c8557fb4188631183e8a86bb0ddd308f0d4e615ef8afba19edf65da59c,1920,1080,14,0=background;1=fl_doubles;2=fl_service;3=fs_singles;4=fr_singles;5=fr_service;6=fr_doubles;7=central_zone;8=bl_doubles;9=bl_service;10=bl_singles;11=br_service;12=br_singles;13=br_doubles
badminton_zones,badminton,court_zone_segmentation,train,886.png,data/badminton_zones/images/train/886.png,data/badminton_zones/masks/train/886.png,16334465fe17747ce04f3bf80ac792f69a2ff1807b5ba26caf007219bb7a2e3d,fbf2a55a1288cbb8da1d03b688298f3d41fb1fe046abb5021ee49fe3f22ba6ba,1920,1080,14,0=background;1=fl_doubles;2=fl_service;3=fs_singles;4=fr_singles;5=fr_service;6=fr_doubles;7=central_zone;8=bl_doubles;9=bl_service;10=bl_singles;11=br_service;12=br_singles;13=br_doubles
badminton_zones,badminton,court_zone_segmentation,train,304.png,data/badminton_zones/images/train/304.png,data/badminton_zones/masks/train/304.png,1ed4dad68e1c5df7d5413317054f809229e1f699af8c9c4923172f490ad6143e,5797d59c47d743dac98206945c8bff898061b42a7c232632af37b3c1b1c9c8c1,1920,1080,14,0=background;1=fl_doubles;2=fl_service;3=fs_singles;4=fr_singles;5=fr_service;6=fr_doubles;7=central_zone;8=bl_doubles;9=bl_service;10=bl_singles;11=br_service;12=br_singles;13=br_doubles
badminton_zones,badminton,court_zone_segmentation,train,452.png,data/badminton_zones/images/train/452.png,data/badminton_zones/masks/train/452.png,14ea4903f343a2033fc0ab4058903c669b829ee7337f556fa18ed4de2a8041a1,6233643c9fdd9664abe3f865617b9ee229e80c5924d8e4c94cd08526c75f624b,1280,720,14,0=background;1=fl_doubles;2=fl_service;3=fs_singles;4=fr_singles;5=fr_service;6=fr_doubles;7=central_zone;8=bl_doubles;9=bl_service;10=bl_singles;11=br_service;12=br_singles;13=br_doubles
badminton_zones,badminton,court_zone_segmentation,train,839.png,data/badminton_zones/images/train/839.png,data/badminton_zones/masks/train/839.png,a74f5317fb4b46245b6fecfddb08074a3654a2937ab40a925deb350c90653f2a,5797d59c47d743dac98206945c8bff898061b42a7c232632af37b3c1b1c9c8c1,1920,1080,14,0=background;1=fl_doubles;2=fl_service;3=fs_singles;4=fr_singles;5=fr_service;6=fr_doubles;7=central_zone;8=bl_doubles;9=bl_service;10=bl_singles;11=br_service;12=br_singles;13=br_doubles
badminton_zones,badminton,court_zone_segmentation,train,123.png,data/badminton_zones/images/train/123.png,data/badminton_zones/masks/train/123.png,e7b623646fc8e06450f25aab33e026f05e4e76ca1870c2883fcc98c75c300d1c,f585198f1d1d4b104681833a1991cf1970c8c5a73b848959c4b3825aaaf9cd9b,1920,1080,14,0=background;1=fl_doubles;2=fl_service;3=fs_singles;4=fr_singles;5=fr_service;6=fr_doubles;7=central_zone;8=bl_doubles;9=bl_service;10=bl_singles;11=br_service;12=br_singles;13=br_doubles
badminton_zones,badminton,court_zone_segmentation,train,117.png,data/badminton_zones/images/train/117.png,data/badminton_zones/masks/train/117.png,9b753a8ae46971c120c6e8838c855d3df1fa7c10a77268cd967e4db88ecc12c7,f585198f1d1d4b104681833a1991cf1970c8c5a73b848959c4b3825aaaf9cd9b,1920,1080,14,0=background;1=fl_doubles;2=fl_service;3=fs_singles;4=fr_singles;5=fr_service;6=fr_doubles;7=central_zone;8=bl_doubles;9=bl_service;10=bl_singles;11=br_service;12=br_singles;13=br_doubles
badminton_zones,badminton,court_zone_segmentation,train,487.png,data/badminton_zones/images/train/487.png,data/badminton_zones/masks/train/487.png,beeb7aaf3b59df3dbbcec44fea2750b6af726c7a71c1ce0aa760285d84909da5,6233643c9fdd9664abe3f865617b9ee229e80c5924d8e4c94cd08526c75f624b,1280,720,14,0=background;1=fl_doubles;2=fl_service;3=fs_singles;4=fr_singles;5=fr_service;6=fr_doubles;7=central_zone;8=bl_doubles;9=bl_service;10=bl_singles;11=br_service;12=br_singles;13=br_doubles
badminton_zones,badminton,court_zone_segmentation,train,498.png,data/badminton_zones/images/train/498.png,data/badminton_zones/masks/train/498.png,9c00b7db63905bbea3d2502c9929be5fc0fbd81274dbe9e33ee87afabcb909df,71d7aa46c3dd90e02c635ecdf0ab09f6ac204a1998f52e0ee3941efcd009fbe8,1920,1080,14,0=background;1=fl_doubles;2=fl_service;3=fs_singles;4=fr_singles;5=fr_service;6=fr_doubles;7=central_zone;8=bl_doubles;9=bl_service;10=bl_singles;11=br_service;12=br_singles;13=br_doubles
badminton_zones,badminton,court_zone_segmentation,train,1176.png,data/badminton_zones/images/train/1176.png,data/badminton_zones/masks/train/1176.png,ef87736f62a5ae4b9f52b431de1b424d9b9db3304e5e61ee0e0509792f910555,5797d59c47d743dac98206945c8bff898061b42a7c232632af37b3c1b1c9c8c1,1280,720,14,0=background;1=fl_doubles;2=fl_service;3=fs_singles;4=fr_singles;5=fr_service;6=fr_doubles;7=central_zone;8=bl_doubles;9=bl_service;10=bl_singles;11=br_service;12=br_singles;13=br_doubles
badminton_zones,badminton,court_zone_segmentation,train,82.png,data/badminton_zones/images/train/82.png,data/badminton_zones/masks/train/82.png,c8ddb1fb8ae15912d24617f95fdb4cada935eaaae1612eb125eaf324adb8f4f9,5f41e1dfd498d418573d50d1d807547ae42916064285cb16a465f62577312ab4,1920,1080,14,0=background;1=fl_doubles;2=fl_service;3=fs_singles;4=fr_singles;5=fr_service;6=fr_doubles;7=central_zone;8=bl_doubles;9=bl_service;10=bl_singles;11=br_service;12=br_singles;13=br_doubles
badminton_zones,badminton,court_zone_segmentation,train,775.png,data/badminton_zones/images/train/775.png,data/badminton_zones/masks/train/775.png,76ae73a573d5d85ed528c2b63b9656c41aed6643e7d58e1148972236a1b8b6a8,d04df262bee62bf1807d13666d2f7a0bbdd93a164e7ff70974c001647626e3d8,1920,1080,14,0=background;1=fl_doubles;2=fl_service;3=fs_singles;4=fr_singles;5=fr_service;6=fr_doubles;7=central_zone;8=bl_doubles;9=bl_service;10=bl_singles;11=br_service;12=br_singles;13=br_doubles
badminton_zones,badminton,court_zone_segmentation,train,473.png,data/badminton_zones/images/train/473.png,data/badminton_zones/masks/train/473.png,dff1b2ec22284f3b0505b1b91812406cc8a12dcde674b7cb1f01c8f883b90108,6233643c9fdd9664abe3f865617b9ee229e80c5924d8e4c94cd08526c75f624b,1280,720,14,0=background;1=fl_doubles;2=fl_service;3=fs_singles;4=fr_singles;5=fr_service;6=fr_doubles;7=central_zone;8=bl_doubles;9=bl_service;10=bl_singles;11=br_service;12=br_singles;13=br_doubles
badminton_zones,badminton,court_zone_segmentation,train,124.png,data/badminton_zones/images/train/124.png,data/badminton_zones/masks/train/124.png,6974afcfa64228d62eabc1a71b1fd599de097e581e04729a7de6b3c3547208e1,5797d59c47d743dac98206945c8bff898061b42a7c232632af37b3c1b1c9c8c1,1920,1080,14,0=background;1=fl_doubles;2=fl_service;3=fs_singles;4=fr_singles;5=fr_service;6=fr_doubles;7=central_zone;8=bl_doubles;9=bl_service;10=bl_singles;11=br_service;12=br_singles;13=br_doubles
badminton_zones,badminton,court_zone_segmentation,train,900.png,data/badminton_zones/images/train/900.png,data/badminton_zones/masks/train/900.png,8d8d9d900811a62094ce1e4af6d217b1756d11f84935c77bf04560148235051f,fbf2a55a1288cbb8da1d03b688298f3d41fb1fe046abb5021ee49fe3f22ba6ba,1920,1080,14,0=background;1=fl_doubles;2=fl_service;3=fs_singles;4=fr_singles;5=fr_service;6=fr_doubles;7=central_zone;8=bl_doubles;9=bl_service;10=bl_singles;11=br_service;12=br_singles;13=br_doubles
badminton_zones,badminton,court_zone_segmentation,train,780.png,data/badminton_zones/images/train/780.png,data/badminton_zones/masks/train/780.png,ba73405b6cc343f50a7ed951b314f39ec4035cae6f7180d4c4461431decbcaa2,d04df262bee62bf1807d13666d2f7a0bbdd93a164e7ff70974c001647626e3d8,1920,1080,14,0=background;1=fl_doubles;2=fl_service;3=fs_singles;4=fr_singles;5=fr_service;6=fr_doubles;7=central_zone;8=bl_doubles;9=bl_service;10=bl_singles;11=br_service;12=br_singles;13=br_doubles
badminton_zones,badminton,court_zone_segmentation,train,342.png,data/badminton_zones/images/train/342.png,data/badminton_zones/masks/train/342.png,15a8e4b7eb75d4bc9b35efd88716478e123b851f244e6ceeaee893f5ea8e8857,5797d59c47d743dac98206945c8bff898061b42a7c232632af37b3c1b1c9c8c1,1920,1080,14,0=background;1=fl_doubles;2=fl_service;3=fs_singles;4=fr_singles;5=fr_service;6=fr_doubles;7=central_zone;8=bl_doubles;9=bl_service;10=bl_singles;11=br_service;12=br_singles;13=br_doubles
badminton_zones,badminton,court_zone_segmentation,train,350.png,data/badminton_zones/images/train/350.png,data/badminton_zones/masks/train/350.png,2aeaa8f09184784101ce68fb1000d623991842b9d37270f294bc33a1cdb3b0e1,98a7a5849c8cb38c34580776ab059dfab4af362bd6a0d09814652891adfce786,1920,1080,14,0=background;1=fl_doubles;2=fl_service;3=fs_singles;4=fr_singles;5=fr_service;6=fr_doubles;7=central_zone;8=bl_doubles;9=bl_service;10=bl_singles;11=br_service;12=br_singles;13=br_doubles
badminton_zones,badminton,court_zone_segmentation,train,14.png,data/badminton_zones/images/train/14.png,data/badminton_zones/masks/train/14.png,1d633e5a66a6d2199cf3139aebd8a8d54471833112aff5b4693c28bda6682838,89cd29c8557fb4188631183e8a86bb0ddd308f0d4e615ef8afba19edf65da59c,1920,1080,14,0=background;1=fl_doubles;2=fl_service;3=fs_singles;4=fr_singles;5=fr_service;6=fr_doubles;7=central_zone;8=bl_doubles;9=bl_service;10=bl_singles;11=br_service;12=br_singles;13=br_doubles
badminton_zones,badminton,court_zone_segmentation,train,675.png,data/badminton_zones/images/train/675.png,data/badminton_zones/masks/train/675.png,a9fe061321f176afec25a63b2c0d4f4a9e73dea74a46668096e4e4034bd7b6bf,c30faf0ca82291517a1fe8512d49ef66c51d5bc3e5f89476dfeffd460e0097d3,1920,1080,14,0=background;1=fl_doubles;2=fl_service;3=fs_singles;4=fr_singles;5=fr_service;6=fr_doubles;7=central_zone;8=bl_doubles;9=bl_service;10=bl_singles;11=br_service;12=br_singles;13=br_doubles
badminton_zones,badminton,court_zone_segmentation,train,639.png,data/badminton_zones/images/train/639.png,data/badminton_zones/masks/train/639.png,7ac6ca63022529922c88f8d56cb543c5059da6d030082e89cc9696a95d843fb2,d99bbcef3975730b93d4b7eed3e82981b3928bdbe2e1621e58f286fb261b4c80,1280,720,14,0=background;1=fl_doubles;2=fl_service;3=fs_singles;4=fr_singles;5=fr_service;6=fr_doubles;7=central_zone;8=bl_doubles;9=bl_service;10=bl_singles;11=br_service;12=br_singles;13=br_doubles
badminton_zones,badminton,court_zone_segmentation,train,517.png,data/badminton_zones/images/train/517.png,data/badminton_zones/masks/train/517.png,733a9a3be1429c1deec5c943b149ba470a59b1d8b1bd364086e719a2c223eb5b,71d7aa46c3dd90e02c635ecdf0ab09f6ac204a1998f52e0ee3941efcd009fbe8,1920,1080,14,0=background;1=fl_doubles;2=fl_service;3=fs_singles;4=fr_singles;5=fr_service;6=fr_doubles;7=central_zone;8=bl_doubles;9=bl_service;10=bl_singles;11=br_service;12=br_singles;13=br_doubles
badminton_zones,badminton,court_zone_segmentation,train,1208.png,data/badminton_zones/images/train/1208.png,data/badminton_zones/masks/train/1208.png,ed74697bbc9c018f39bd6ea073cbe0d2521f1108a1bdd723b3aa2aa1735cc135,afaec54053472401e2da7525b34b8233c97a110a6cf8dbca3bbbdbf908ee31df,1280,720,14,0=background;1=fl_doubles;2=fl_service;3=fs_singles;4=fr_singles;5=fr_service;6=fr_doubles;7=central_zone;8=bl_doubles;9=bl_service;10=bl_singles;11=br_service;12=br_singles;13=br_doubles
badminton_zones,badminton,court_zone_segmentation,train,173.png,data/badminton_zones/images/train/173.png,data/badminton_zones/masks/train/173.png,aba339e4f5b1935112e1aadf6a052de2a7d32b1c27f983b40c189a3f8332a4c2,05aff27316ecd25aa5d2b146ce76b489e644e744e8f1afa78675cbbbebaafc51,1920,1080,14,0=background;1=fl_doubles;2=fl_service;3=fs_singles;4=fr_singles;5=fr_service;6=fr_doubles;7=central_zone;8=bl_doubles;9=bl_service;10=bl_singles;11=br_service;12=br_singles;13=br_doubles
badminton_zones,badminton,court_zone_segmentation,train,130.png,data/badminton_zones/images/train/130.png,data/badminton_zones/masks/train/130.png,ce8078b9b1a6c8877638e5e28a5dfc784e246e8def574714712c0a88c35b7a5d,f585198f1d1d4b104681833a1991cf1970c8c5a73b848959c4b3825aaaf9cd9b,1920,1080,14,0=background;1=fl_doubles;2=fl_service;3=fs_singles;4=fr_singles;5=fr_service;6=fr_doubles;7=central_zone;8=bl_doubles;9=bl_service;10=bl_singles;11=br_service;12=br_singles;13=br_doubles
badminton_zones,badminton,court_zone_segmentation,train,280.png,data/badminton_zones/images/train/280.png,data/badminton_zones/masks/train/280.png,fd4a494a949ddab5b26079d1c3f41774f8701b6716d50e84021b70931c50f613,bdbc7d9936513dbff594fa4e30c54d37afdc7a5386652e2e955132d6ccab651e,1920,1080,14,0=background;1=fl_doubles;2=fl_service;3=fs_singles;4=fr_singles;5=fr_service;6=fr_doubles;7=central_zone;8=bl_doubles;9=bl_service;10=bl_singles;11=br_service;12=br_singles;13=br_doubles
badminton_zones,badminton,court_zone_segmentation,train,625.png,data/badminton_zones/images/train/625.png,data/badminton_zones/masks/train/625.png,61a84ba283571ce26a2edcde90d682e4441ad7649b2bf80ece6d0114b7749dae,d99bbcef3975730b93d4b7eed3e82981b3928bdbe2e1621e58f286fb261b4c80,1280,720,14,0=background;1=fl_doubles;2=fl_service;3=fs_singles;4=fr_singles;5=fr_service;6=fr_doubles;7=central_zone;8=bl_doubles;9=bl_service;10=bl_singles;11=br_service;12=br_singles;13=br_doubles
badminton_zones,badminton,court_zone_segmentation,train,627.png,data/badminton_zones/images/train/627.png,data/badminton_zones/masks/train/627.png,6e0833445abf956469421b76e2a0308ceb9029bee2a66a494f2d5e74e3077300,d99bbcef3975730b93d4b7eed3e82981b3928bdbe2e1621e58f286fb261b4c80,1280,720,14,0=background;1=fl_doubles;2=fl_service;3=fs_singles;4=fr_singles;5=fr_service;6=fr_doubles;7=central_zone;8=bl_doubles;9=bl_service;10=bl_singles;11=br_service;12=br_singles;13=br_doubles
badminton_zones,badminton,court_zone_segmentation,train,1001.png,data/badminton_zones/images/train/1001.png,data/badminton_zones/masks/train/1001.png,aeeae57fd1535058acb62e67cde5b1fa877f70fc755e96f3d11327a88fa1c44d,46692f9efbb09991f6567f8927be0fa47b99138ecadc27d093b8983c096d89b9,1920,1080,14,0=background;1=fl_doubles;2=fl_service;3=fs_singles;4=fr_singles;5=fr_service;6=fr_doubles;7=central_zone;8=bl_doubles;9=bl_service;10=bl_singles;11=br_service;12=br_singles;13=br_doubles
badminton_zones,badminton,court_zone_segmentation,train,842.png,data/badminton_zones/images/train/842.png,data/badminton_zones/masks/train/842.png,f296db9391c099e9edd24316569d78ad06937a4e0dde55b26eaa43267ddbe4ce,fbf2a55a1288cbb8da1d03b688298f3d41fb1fe046abb5021ee49fe3f22ba6ba,1920,1080,14,0=background;1=fl_doubles;2=fl_service;3=fs_singles;4=fr_singles;5=fr_service;6=fr_doubles;7=central_zone;8=bl_doubles;9=bl_service;10=bl_singles;11=br_service;12=br_singles;13=br_doubles
badminton_zones,badminton,court_zone_segmentation,train,813.png,data/badminton_zones/images/train/813.png,data/badminton_zones/masks/train/813.png,6bcd2147a6da23654ee18698f7cba91a0424dd3a3f428c71637e0b69aa582156,d04df262bee62bf1807d13666d2f7a0bbdd93a164e7ff70974c001647626e3d8,1920,1080,14,0=background;1=fl_doubles;2=fl_service;3=fs_singles;4=fr_singles;5=fr_service;6=fr_doubles;7=central_zone;8=bl_doubles;9=bl_service;10=bl_singles;11=br_service;12=br_singles;13=br_doubles
badminton_zones,badminton,court_zone_segmentation,train,483.png,data/badminton_zones/images/train/483.png,data/badminton_zones/masks/train/483.png,8fee3d25b1b0b8dcc96b4796c96f3fb774fc9d2d8e774c586dcfacbd4b323bb2,6233643c9fdd9664abe3f865617b9ee229e80c5924d8e4c94cd08526c75f624b,1280,720,14,0=background;1=fl_doubles;2=fl_service;3=fs_singles;4=fr_singles;5=fr_service;6=fr_doubles;7=central_zone;8=bl_doubles;9=bl_service;10=bl_singles;11=br_service;12=br_singles;13=br_doubles
badminton_zones,badminton,court_zone_segmentation,train,845.png,data/badminton_zones/images/train/845.png,data/badminton_zones/masks/train/845.png,69a10ed9b2e71f1a4adc48dc799ff4a428d09e8534d93c26021453fcebf9e54f,fbf2a55a1288cbb8da1d03b688298f3d41fb1fe046abb5021ee49fe3f22ba6ba,1920,1080,14,0=background;1=fl_doubles;2=fl_service;3=fs_singles;4=fr_singles;5=fr_service;6=fr_doubles;7=central_zone;8=bl_doubles;9=bl_service;10=bl_singles;11=br_service;12=br_singles;13=br_doubles
badminton_zones,badminton,court_zone_segmentation,train,643.png,data/badminton_zones/images/train/643.png,data/badminton_zones/masks/train/643.png,e140fb16bdf1d4267681d4cb3398de56368697a2a35a117eb6834343b35be993,c30faf0ca82291517a1fe8512d49ef66c51d5bc3e5f89476dfeffd460e0097d3,1920,1080,14,0=background;1=fl_doubles;2=fl_service;3=fs_singles;4=fr_singles;5=fr_service;6=fr_doubles;7=central_zone;8=bl_doubles;9=bl_service;10=bl_singles;11=br_service;12=br_singles;13=br_doubles
badminton_zones,badminton,court_zone_segmentation,train,313.png,data/badminton_zones/images/train/313.png,data/badminton_zones/masks/train/313.png,cebca68f0ca376b5647a3acfd88ced41d2be6b9556ead5864d00dbb8a322819d,601d27e278b8e6335aba882d89712a3a1c6220f90849651aa2dcb783e536c2fe,1920,1080,14,0=background;1=fl_doubles;2=fl_service;3=fs_singles;4=fr_singles;5=fr_service;6=fr_doubles;7=central_zone;8=bl_doubles;9=bl_service;10=bl_singles;11=br_service;12=br_singles;13=br_doubles
badminton_zones,badminton,court_zone_segmentation,train,109.png,data/badminton_zones/images/train/109.png,data/badminton_zones/masks/train/109.png,6ab0b741c1fe4bb3f4a6cbcd0d3488515ec716d484808a254ffe936e46dfa93a,f585198f1d1d4b104681833a1991cf1970c8c5a73b848959c4b3825aaaf9cd9b,1920,1080,14,0=background;1=fl_doubles;2=fl_service;3=fs_singles;4=fr_singles;5=fr_service;6=fr_doubles;7=central_zone;8=bl_doubles;9=bl_service;10=bl_singles;11=br_service;12=br_singles;13=br_doubles
badminton_zones,badminton,court_zone_segmentation,train,824.png,data/badminton_zones/images/train/824.png,data/badminton_zones/masks/train/824.png,83cd33c33dd60478f1a03efb5edf7553e1babe758be75dc156f52d433a227d63,5797d59c47d743dac98206945c8bff898061b42a7c232632af37b3c1b1c9c8c1,1920,1080,14,0=background;1=fl_doubles;2=fl_service;3=fs_singles;4=fr_singles;5=fr_service;6=fr_doubles;7=central_zone;8=bl_doubles;9=bl_service;10=bl_singles;11=br_service;12=br_singles;13=br_doubles
badminton_zones,badminton,court_zone_segmentation,train,80.png,data/badminton_zones/images/train/80.png,data/badminton_zones/masks/train/80.png,2f8b4e134517db7a14473f611fcadc3a49e1ed1f149746dde170a0238ff79444,5797d59c47d743dac98206945c8bff898061b42a7c232632af37b3c1b1c9c8c1,1920,1080,14,0=background;1=fl_doubles;2=fl_service;3=fs_singles;4=fr_singles;5=fr_service;6=fr_doubles;7=central_zone;8=bl_doubles;9=bl_service;10=bl_singles;11=br_service;12=br_singles;13=br_doubles
badminton_zones,badminton,court_zone_segmentation,train,1120.png,data/badminton_zones/images/train/1120.png,data/badminton_zones/masks/train/1120.png,9c57c90da71e100305b57e3211cabdb9210ae6b331c49e84d64b6b33cd877709,ec20403acca4e66f60e1feada3247e3d5cc428b7c439d3a1423b4f3da9af0c8a,1920,1080,14,0=background;1=fl_doubles;2=fl_service;3=fs_singles;4=fr_singles;5=fr_service;6=fr_doubles;7=central_zone;8=bl_doubles;9=bl_service;10=bl_singles;11=br_service;12=br_singles;13=br_doubles
badminton_zones,badminton,court_zone_segmentation,train,980.png,data/badminton_zones/images/train/980.png,data/badminton_zones/masks/train/980.png,4540c1a4ae25b1dac6198c4d1ed27d6d274481b4a818b5f3766863a8f4f87b81,46692f9efbb09991f6567f8927be0fa47b99138ecadc27d093b8983c096d89b9,1920,1080,14,0=background;1=fl_doubles;2=fl_service;3=fs_singles;4=fr_singles;5=fr_service;6=fr_doubles;7=central_zone;8=bl_doubles;9=bl_service;10=bl_singles;11=br_service;12=br_singles;13=br_doubles
badminton_zones,badminton,court_zone_segmentation,train,927.png,data/badminton_zones/images/train/927.png,data/badminton_zones/masks/train/927.png,6e2cf8cc2d145c0b600c234d033e53164a0ffc10fb9cc58dbbe3cad9e51d98d5,ef028f4cabba193797859e583b3a7d3259cb180c6dff1712960e00c5303066d9,1920,1080,14,0=background;1=fl_doubles;2=fl_service;3=fs_singles;4=fr_singles;5=fr_service;6=fr_doubles;7=central_zone;8=bl_doubles;9=bl_service;10=bl_singles;11=br_service;12=br_singles;13=br_doubles
badminton_zones,badminton,court_zone_segmentation,train,929.png,data/badminton_zones/images/train/929.png,data/badminton_zones/masks/train/929.png,7ad44257d3ebb275abe9193627beafa1efb91ad0e7210de246c01920c86f334c,ef028f4cabba193797859e583b3a7d3259cb180c6dff1712960e00c5303066d9,1920,1080,14,0=background;1=fl_doubles;2=fl_service;3=fs_singles;4=fr_singles;5=fr_service;6=fr_doubles;7=central_zone;8=bl_doubles;9=bl_service;10=bl_singles;11=br_service;12=br_singles;13=br_doubles
badminton_zones,badminton,court_zone_segmentation,train,40.png,data/badminton_zones/images/train/40.png,data/badminton_zones/masks/train/40.png,47a3c37398de63293b166928fc8b628b5e2e3a96c5e59592430d3d2dcd8f0a08,89cd29c8557fb4188631183e8a86bb0ddd308f0d4e615ef8afba19edf65da59c,1920,1080,14,0=background;1=fl_doubles;2=fl_service;3=fs_singles;4=fr_singles;5=fr_service;6=fr_doubles;7=central_zone;8=bl_doubles;9=bl_service;10=bl_singles;11=br_service;12=br_singles;13=br_doubles
badminton_zones,badminton,court_zone_segmentation,train,479.png,data/badminton_zones/images/train/479.png,data/badminton_zones/masks/train/479.png,e182b7d3d2e29f9bc9a0a96af5eaec06c60bece5227406874d9efea45a958aeb,6233643c9fdd9664abe3f865617b9ee229e80c5924d8e4c94cd08526c75f624b,1280,720,14,0=background;1=fl_doubles;2=fl_service;3=fs_singles;4=fr_singles;5=fr_service;6=fr_doubles;7=central_zone;8=bl_doubles;9=bl_service;10=bl_singles;11=br_service;12=br_singles;13=br_doubles
badminton_zones,badminton,court_zone_segmentation,train,893.png,data/badminton_zones/images/train/893.png,data/badminton_zones/masks/train/893.png,560a5929d61657aa6f6850eca12e47c47ace6b3cd3c1bf8a3430d1f769251b9f,fbf2a55a1288cbb8da1d03b688298f3d41fb1fe046abb5021ee49fe3f22ba6ba,1920,1080,14,0=background;1=fl_doubles;2=fl_service;3=fs_singles;4=fr_singles;5=fr_service;6=fr_doubles;7=central_zone;8=bl_doubles;9=bl_service;10=bl_singles;11=br_service;12=br_singles;13=br_doubles
badminton_zones,badminton,court_zone_segmentation,train,1115.png,data/badminton_zones/images/train/1115.png,data/badminton_zones/masks/train/1115.png,0cc64a8297d99a2d545fb990ac84285fc14049a7685f06dcdff1f5fb06ab1540,ec20403acca4e66f60e1feada3247e3d5cc428b7c439d3a1423b4f3da9af0c8a,1920,1080,14,0=background;1=fl_doubles;2=fl_service;3=fs_singles;4=fr_singles;5=fr_service;6=fr_doubles;7=central_zone;8=bl_doubles;9=bl_service;10=bl_singles;11=br_service;12=br_singles;13=br_doubles
badminton_zones,badminton,court_zone_segmentation,train,874.png,data/badminton_zones/images/train/874.png,data/badminton_zones/masks/train/874.png,398bb5016c92da42036745dfc1db07bfe17452ff919d3e85843f70d3f5daf091,fbf2a55a1288cbb8da1d03b688298f3d41fb1fe046abb5021ee49fe3f22ba6ba,1920,1080,14,0=background;1=fl_doubles;2=fl_service;3=fs_singles;4=fr_singles;5=fr_service;6=fr_doubles;7=central_zone;8=bl_doubles;9=bl_service;10=bl_singles;11=br_service;12=br_singles;13=br_doubles
badminton_zones,badminton,court_zone_segmentation,train,73.png,data/badminton_zones/images/train/73.png,data/badminton_zones/masks/train/73.png,90aed2b8dd4ffff8c6d1c0cecdcdf7c504fae5fb7767f82998595b84194fcdc7,5f41e1dfd498d418573d50d1d807547ae42916064285cb16a465f62577312ab4,1920,1080,14,0=background;1=fl_doubles;2=fl_service;3=fs_singles;4=fr_singles;5=fr_service;6=fr_doubles;7=central_zone;8=bl_doubles;9=bl_service;10=bl_singles;11=br_service;12=br_singles;13=br_doubles
badminton_zones,badminton,court_zone_segmentation,train,1071.png,data/badminton_zones/images/train/1071.png,data/badminton_zones/masks/train/1071.png,aa7f1c2aaddbf92a7367f245ad4aa09d64b7074b8cc21ee5250d3d4ed3184f28,55fcb20756f8b146781dfb96f182f0dc2c44fbf2d516e8c54ec93eb5b88c511d,1920,1080,14,0=background;1=fl_doubles;2=fl_service;3=fs_singles;4=fr_singles;5=fr_service;6=fr_doubles;7=central_zone;8=bl_doubles;9=bl_service;10=bl_singles;11=br_service;12=br_singles;13=br_doubles
badminton_zones,badminton,court_zone_segmentation,train,397.png,data/badminton_zones/images/train/397.png,data/badminton_zones/masks/train/397.png,b2e2beea8895b5a7893c761ab11c6e6e8a4f2e4230d6243770b9c51cd103ae96,254539492eb44bfc611cd50e443fbd21c329e8974027373a5200c7de82d7c13b,1920,1080,14,0=background;1=fl_doubles;2=fl_service;3=fs_singles;4=fr_singles;5=fr_service;6=fr_doubles;7=central_zone;8=bl_doubles;9=bl_service;10=bl_singles;11=br_service;12=br_singles;13=br_doubles
badminton_zones,badminton,court_zone_segmentation,train,334.png,data/badminton_zones/images/train/334.png,data/badminton_zones/masks/train/334.png,fb695fca91a38a0e9ffc5273606160756369b06dcb300be142e374e889d6f58a,98a7a5849c8cb38c34580776ab059dfab4af362bd6a0d09814652891adfce786,1920,1080,14,0=background;1=fl_doubles;2=fl_service;3=fs_singles;4=fr_singles;5=fr_service;6=fr_doubles;7=central_zone;8=bl_doubles;9=bl_service;10=bl_singles;11=br_service;12=br_singles;13=br_doubles
badminton_zones,badminton,court_zone_segmentation,train,94.png,data/badminton_zones/images/train/94.png,data/badminton_zones/masks/train/94.png,9929c7464ed49f8fe6f99f527606634676424cb37cf818056474449b39259fef,5f41e1dfd498d418573d50d1d807547ae42916064285cb16a465f62577312ab4,1920,1080,14,0=background;1=fl_doubles;2=fl_service;3=fs_singles;4=fr_singles;5=fr_service;6=fr_doubles;7=central_zone;8=bl_doubles;9=bl_service;10=bl_singles;11=br_service;12=br_singles;13=br_doubles
badminton_zones,badminton,court_zone_segmentation,train,919.png,data/badminton_zones/images/train/919.png,data/badminton_zones/masks/train/919.png,976cc335c15935d41e2a9a76a23578374f2e38d8ef934ef1c74cad224fc0a211,5797d59c47d743dac98206945c8bff898061b42a7c232632af37b3c1b1c9c8c1,1920,1080,14,0=background;1=fl_doubles;2=fl_service;3=fs_singles;4=fr_singles;5=fr_service;6=fr_doubles;7=central_zone;8=bl_doubles;9=bl_service;10=bl_singles;11=br_service;12=br_singles;13=br_doubles
badminton_zones,badminton,court_zone_segmentation,train,255.png,data/badminton_zones/images/train/255.png,data/badminton_zones/masks/train/255.png,5586059d9f43614f5f391ca3a6b888f30b9e76ab10b549f68321008d08ab31a4,5797d59c47d743dac98206945c8bff898061b42a7c232632af37b3c1b1c9c8c1,1920,1080,14,0=background;1=fl_doubles;2=fl_service;3=fs_singles;4=fr_singles;5=fr_service;6=fr_doubles;7=central_zone;8=bl_doubles;9=bl_service;10=bl_singles;11=br_service;12=br_singles;13=br_doubles
badminton_zones,badminton,court_zone_segmentation,train,954.png,data/badminton_zones/images/train/954.png,data/badminton_zones/masks/train/954.png,3b167af78c535195154a19af102593ecfd67d2f80844042130e6df98e0f72079,5797d59c47d743dac98206945c8bff898061b42a7c232632af37b3c1b1c9c8c1,1920,1080,14,0=background;1=fl_doubles;2=fl_service;3=fs_singles;4=fr_singles;5=fr_service;6=fr_doubles;7=central_zone;8=bl_doubles;9=bl_service;10=bl_singles;11=br_service;12=br_singles;13=br_doubles
badminton_zones,badminton,court_zone_segmentation,train,281.png,data/badminton_zones/images/train/281.png,data/badminton_zones/masks/train/281.png,05521c7e9b61b652e525cad94ac33cfdb62a14458dc152d38b624366349c5ebe,bdbc7d9936513dbff594fa4e30c54d37afdc7a5386652e2e955132d6ccab651e,1920,1080,14,0=background;1=fl_doubles;2=fl_service;3=fs_singles;4=fr_singles;5=fr_service;6=fr_doubles;7=central_zone;8=bl_doubles;9=bl_service;10=bl_singles;11=br_service;12=br_singles;13=br_doubles
badminton_zones,badminton,court_zone_segmentation,train,16.png,data/badminton_zones/images/train/16.png,data/badminton_zones/masks/train/16.png,a97adbe1d9eb823c959a9c38f25f3b40c6cbf997097e71b983e104b9265d4d52,5797d59c47d743dac98206945c8bff898061b42a7c232632af37b3c1b1c9c8c1,1920,1080,14,0=background;1=fl_doubles;2=fl_service;3=fs_singles;4=fr_singles;5=fr_service;6=fr_doubles;7=central_zone;8=bl_doubles;9=bl_service;10=bl_singles;11=br_service;12=br_singles;13=br_doubles
badminton_zones,badminton,court_zone_segmentation,train,464.png,data/badminton_zones/images/train/464.png,data/badminton_zones/masks/train/464.png,577f605f57de01cc08f4ca66d5833689387583206046d615d2e0b2fc982376f0,6233643c9fdd9664abe3f865617b9ee229e80c5924d8e4c94cd08526c75f624b,1280,720,14,0=background;1=fl_doubles;2=fl_service;3=fs_singles;4=fr_singles;5=fr_service;6=fr_doubles;7=central_zone;8=bl_doubles;9=bl_service;10=bl_singles;11=br_service;12=br_singles;13=br_doubles
badminton_zones,badminton,court_zone_segmentation,train,1035.png,data/badminton_zones/images/train/1035.png,data/badminton_zones/masks/train/1035.png,7a1d4adecc9ffed9fb773b387c500dd0dcbde8bd1bae78b5b2644825d1f23a1a,55fcb20756f8b146781dfb96f182f0dc2c44fbf2d516e8c54ec93eb5b88c511d,1920,1080,14,0=background;1=fl_doubles;2=fl_service;3=fs_singles;4=fr_singles;5=fr_service;6=fr_doubles;7=central_zone;8=bl_doubles;9=bl_service;10=bl_singles;11=br_service;12=br_singles;13=br_doubles
badminton_zones,badminton,court_zone_segmentation,train,836.png,data/badminton_zones/images/train/836.png,data/badminton_zones/masks/train/836.png,18cfae0a6627810b0a924c4d6275543d34756ad8ba91f5090f036d220a1acc42,5797d59c47d743dac98206945c8bff898061b42a7c232632af37b3c1b1c9c8c1,1920,1080,14,0=background;1=fl_doubles;2=fl_service;3=fs_singles;4=fr_singles;5=fr_service;6=fr_doubles;7=central_zone;8=bl_doubles;9=bl_service;10=bl_singles;11=br_service;12=br_singles;13=br_doubles
badminton_zones,badminton,court_zone_segmentation,train,916.png,data/badminton_zones/images/train/916.png,data/badminton_zones/masks/train/916.png,15ce44e4394ac0141936d32d4c4ee433a9b4e4e611b97a32d5eef8b57d9ef644,5797d59c47d743dac98206945c8bff898061b42a7c232632af37b3c1b1c9c8c1,1920,1080,14,0=background;1=fl_doubles;2=fl_service;3=fs_singles;4=fr_singles;5=fr_service;6=fr_doubles;7=central_zone;8=bl_doubles;9=bl_service;10=bl_singles;11=br_service;12=br_singles;13=br_doubles
badminton_zones,badminton,court_zone_segmentation,train,499.png,data/badminton_zones/images/train/499.png,data/badminton_zones/masks/train/499.png,b245b1de8736daedbc64e32455c8c3ed75c4e50251d6f36fae07805d7b9f7611,71d7aa46c3dd90e02c635ecdf0ab09f6ac204a1998f52e0ee3941efcd009fbe8,1920,1080,14,0=background;1=fl_doubles;2=fl_service;3=fs_singles;4=fr_singles;5=fr_service;6=fr_doubles;7=central_zone;8=bl_doubles;9=bl_service;10=bl_singles;11=br_service;12=br_singles;13=br_doubles
badminton_zones,badminton,court_zone_segmentation,train,352.png,data/badminton_zones/images/train/352.png,data/badminton_zones/masks/train/352.png,e27153b82ff7b5e9b70ac7633a6287edd7c3f8e3b9584900150c4e8389f3cd88,98a7a5849c8cb38c34580776ab059dfab4af362bd6a0d09814652891adfce786,1920,1080,14,0=background;1=fl_doubles;2=fl_service;3=fs_singles;4=fr_singles;5=fr_service;6=fr_doubles;7=central_zone;8=bl_doubles;9=bl_service;10=bl_singles;11=br_service;12=br_singles;13=br_doubles
badminton_zones,badminton,court_zone_segmentation,train,382.png,data/badminton_zones/images/train/382.png,data/badminton_zones/masks/train/382.png,2c6c963b051eeb3eb84832176ec1e82546ecbb5196281f847934939dcc5f5cf7,254539492eb44bfc611cd50e443fbd21c329e8974027373a5200c7de82d7c13b,1920,1080,14,0=background;1=fl_doubles;2=fl_service;3=fs_singles;4=fr_singles;5=fr_service;6=fr_doubles;7=central_zone;8=bl_doubles;9=bl_service;10=bl_singles;11=br_service;12=br_singles;13=br_doubles
badminton_zones,badminton,court_zone_segmentation,train,784.png,data/badminton_zones/images/train/784.png,data/badminton_zones/masks/train/784.png,f6634839ce81a5a3c0e9005696e39d2e4f6917d073b0810498a065d612615458,5797d59c47d743dac98206945c8bff898061b42a7c232632af37b3c1b1c9c8c1,1920,1080,14,0=background;1=fl_doubles;2=fl_service;3=fs_singles;4=fr_singles;5=fr_service;6=fr_doubles;7=central_zone;8=bl_doubles;9=bl_service;10=bl_singles;11=br_service;12=br_singles;13=br_doubles
badminton_zones,badminton,court_zone_segmentation,train,539.png,data/badminton_zones/images/train/539.png,data/badminton_zones/masks/train/539.png,47448e1a80c33e14a35793abd5fffc866a9a057eee9a637f1f9863510b7cd816,9da2ba7d88dc40e1ae09292f7b30db902e1538a1c90d445de4e8e33dcdd87b76,1920,1080,14,0=background;1=fl_doubles;2=fl_service;3=fs_singles;4=fr_singles;5=fr_service;6=fr_doubles;7=central_zone;8=bl_doubles;9=bl_service;10=bl_singles;11=br_service;12=br_singles;13=br_doubles
badminton_zones,badminton,court_zone_segmentation,train,505.png,data/badminton_zones/images/train/505.png,data/badminton_zones/masks/train/505.png,db9138c78aa1b485d1460b88bb7799dea9b6a44e78601966e3faa903449a1e83,71d7aa46c3dd90e02c635ecdf0ab09f6ac204a1998f52e0ee3941efcd009fbe8,1920,1080,14,0=background;1=fl_doubles;2=fl_service;3=fs_singles;4=fr_singles;5=fr_service;6=fr_doubles;7=central_zone;8=bl_doubles;9=bl_service;10=bl_singles;11=br_service;12=br_singles;13=br_doubles
badminton_zones,badminton,court_zone_segmentation,train,121.png,data/badminton_zones/images/train/121.png,data/badminton_zones/masks/train/121.png,d6b65da4797da231a97b0080842049ad4311e5fdafda9c60d4f54b55459fe007,5797d59c47d743dac98206945c8bff898061b42a7c232632af37b3c1b1c9c8c1,1920,1080,14,0=background;1=fl_doubles;2=fl_service;3=fs_singles;4=fr_singles;5=fr_service;6=fr_doubles;7=central_zone;8=bl_doubles;9=bl_service;10=bl_singles;11=br_service;12=br_singles;13=br_doubles
badminton_zones,badminton,court_zone_segmentation,train,1084.png,data/badminton_zones/images/train/1084.png,data/badminton_zones/masks/train/1084.png,aef355f6a16354b2403e0ea3a7db9c906a1978e8647f3cd86fd1a8b02a9fcb6d,5797d59c47d743dac98206945c8bff898061b42a7c232632af37b3c1b1c9c8c1,1920,1080,14,0=background;1=fl_doubles;2=fl_service;3=fs_singles;4=fr_singles;5=fr_service;6=fr_doubles;7=central_zone;8=bl_doubles;9=bl_service;10=bl_singles;11=br_service;12=br_singles;13=br_doubles
badminton_zones,badminton,court_zone_segmentation,train,316.png,data/badminton_zones/images/train/316.png,data/badminton_zones/masks/train/316.png,91d1595c983ea10942aec87a894677e09baf8f145e2b2a34a80bccfaaa9ddcd7,601d27e278b8e6335aba882d89712a3a1c6220f90849651aa2dcb783e536c2fe,1920,1080,14,0=background;1=fl_doubles;2=fl_service;3=fs_singles;4=fr_singles;5=fr_service;6=fr_doubles;7=central_zone;8=bl_doubles;9=bl_service;10=bl_singles;11=br_service;12=br_singles;13=br_doubles
badminton_zones,badminton,court_zone_segmentation,train,237.png,data/badminton_zones/images/train/237.png,data/badminton_zones/masks/train/237.png,1b05da3012cb6d555258e2e7b3c748f201b493bd5ad7eecc5c576cea335108e4,1678324581faafbb7ab576435f5e9008edecd2528c2665cbd566b0af04bbdc47,1920,1080,14,0=background;1=fl_doubles;2=fl_service;3=fs_singles;4=fr_singles;5=fr_service;6=fr_doubles;7=central_zone;8=bl_doubles;9=bl_service;10=bl_singles;11=br_service;12=br_singles;13=br_doubles
badminton_zones,badminton,court_zone_segmentation,train,568.png,data/badminton_zones/images/train/568.png,data/badminton_zones/masks/train/568.png,e99f3ed07ee01ebde831fd9e2fbb2074aab072f081986ace42ff445f1d18d5be,70e1a442f5261219e46ae45ecb6788a0a2865c6afc6453bf8479539e883e1922,1920,1080,14,0=background;1=fl_doubles;2=fl_service;3=fs_singles;4=fr_singles;5=fr_service;6=fr_doubles;7=central_zone;8=bl_doubles;9=bl_service;10=bl_singles;11=br_service;12=br_singles;13=br_doubles
badminton_zones,badminton,court_zone_segmentation,train,138.png,data/badminton_zones/images/train/138.png,data/badminton_zones/masks/train/138.png,7019541bc103f4d00ba7cddfeb24788fb56d944fde4c25acfb9cf4c8a7a93364,5797d59c47d743dac98206945c8bff898061b42a7c232632af37b3c1b1c9c8c1,1920,1080,14,0=background;1=fl_doubles;2=fl_service;3=fs_singles;4=fr_singles;5=fr_service;6=fr_doubles;7=central_zone;8=bl_doubles;9=bl_service;10=bl_singles;11=br_service;12=br_singles;13=br_doubles
badminton_zones,badminton,court_zone_segmentation,train,624.png,data/badminton_zones/images/train/624.png,data/badminton_zones/masks/train/624.png,30e5b2b2449e16438dafc4b16d5107af39704a1b69d040d720b5fc4019b409c2,d99bbcef3975730b93d4b7eed3e82981b3928bdbe2e1621e58f286fb261b4c80,1280,720,14,0=background;1=fl_doubles;2=fl_service;3=fs_singles;4=fr_singles;5=fr_service;6=fr_doubles;7=central_zone;8=bl_doubles;9=bl_service;10=bl_singles;11=br_service;12=br_singles;13=br_doubles
badminton_zones,badminton,court_zone_segmentation,train,1028.png,data/badminton_zones/images/train/1028.png,data/badminton_zones/masks/train/1028.png,892c07781bc3465341ced097d26e63422b0d2667e297da4e35d7cd2116d0e8ee,5797d59c47d743dac98206945c8bff898061b42a7c232632af37b3c1b1c9c8c1,1920,1080,14,0=background;1=fl_doubles;2=fl_service;3=fs_singles;4=fr_singles;5=fr_service;6=fr_doubles;7=central_zone;8=bl_doubles;9=bl_service;10=bl_singles;11=br_service;12=br_singles;13=br_doubles
badminton_zones,badminton,court_zone_segmentation,train,843.png,data/badminton_zones/images/train/843.png,data/badminton_zones/masks/train/843.png,61caf90bbea9442ab44758c7d88418b316f35e7c1ea1ba6bf75fc20cc5bc222b,fbf2a55a1288cbb8da1d03b688298f3d41fb1fe046abb5021ee49fe3f22ba6ba,1920,1080,14,0=background;1=fl_doubles;2=fl_service;3=fs_singles;4=fr_singles;5=fr_service;6=fr_doubles;7=central_zone;8=bl_doubles;9=bl_service;10=bl_singles;11=br_service;12=br_singles;13=br_doubles
badminton_zones,badminton,court_zone_segmentation,train,72.png,data/badminton_zones/images/train/72.png,data/badminton_zones/masks/train/72.png,41621a84381970297847660476c7470d429e4c22d24285116bfdd76a1b08661d,5797d59c47d743dac98206945c8bff898061b42a7c232632af37b3c1b1c9c8c1,1920,1080,14,0=background;1=fl_doubles;2=fl_service;3=fs_singles;4=fr_singles;5=fr_service;6=fr_doubles;7=central_zone;8=bl_doubles;9=bl_service;10=bl_singles;11=br_service;12=br_singles;13=br_doubles
badminton_zones,badminton,court_zone_segmentation,train,996.png,data/badminton_zones/images/train/996.png,data/badminton_zones/masks/train/996.png,b4171576dde99e63d158681c85cea927860f8f2ed0a9e02b02990c43d7e1ae9a,5797d59c47d743dac98206945c8bff898061b42a7c232632af37b3c1b1c9c8c1,1920,1080,14,0=background;1=fl_doubles;2=fl_service;3=fs_singles;4=fr_singles;5=fr_service;6=fr_doubles;7=central_zone;8=bl_doubles;9=bl_service;10=bl_singles;11=br_service;12=br_singles;13=br_doubles
badminton_zones,badminton,court_zone_segmentation,train,587.png,data/badminton_zones/images/train/587.png,data/badminton_zones/masks/train/587.png,3ca1f0f21b1362f6e226da1ce82330a0e96abb21b509b2e0ee9aec3455daa786,70e1a442f5261219e46ae45ecb6788a0a2865c6afc6453bf8479539e883e1922,1920,1080,14,0=background;1=fl_doubles;2=fl_service;3=fs_singles;4=fr_singles;5=fr_service;6=fr_doubles;7=central_zone;8=bl_doubles;9=bl_service;10=bl_singles;11=br_service;12=br_singles;13=br_doubles
badminton_zones,badminton,court_zone_segmentation,train,331.png,data/badminton_zones/images/train/331.png,data/badminton_zones/masks/train/331.png,91411f6b0e54ad967831ab6329698145970776740e2f98974dd69df4d2c8bdf5,98a7a5849c8cb38c34580776ab059dfab4af362bd6a0d09814652891adfce786,1920,1080,14,0=background;1=fl_doubles;2=fl_service;3=fs_singles;4=fr_singles;5=fr_service;6=fr_doubles;7=central_zone;8=bl_doubles;9=bl_service;10=bl_singles;11=br_service;12=br_singles;13=br_doubles
badminton_zones,badminton,court_zone_segmentation,train,573.png,data/badminton_zones/images/train/573.png,data/badminton_zones/masks/train/573.png,bd8616a758f96f603a5ba147758605a0fec05fedd14186bac8d90529b0d0f391,70e1a442f5261219e46ae45ecb6788a0a2865c6afc6453bf8479539e883e1922,1920,1080,14,0=background;1=fl_doubles;2=fl_service;3=fs_singles;4=fr_singles;5=fr_service;6=fr_doubles;7=central_zone;8=bl_doubles;9=bl_service;10=bl_singles;11=br_service;12=br_singles;13=br_doubles
badminton_zones,badminton,court_zone_segmentation,train,923.png,data/badminton_zones/images/train/923.png,data/badminton_zones/masks/train/923.png,110a24e02c927f656bb65446403767d063e9e4f10ca80bbb1b04fe633ca7757a,5797d59c47d743dac98206945c8bff898061b42a7c232632af37b3c1b1c9c8c1,1920,1080,14,0=background;1=fl_doubles;2=fl_service;3=fs_singles;4=fr_singles;5=fr_service;6=fr_doubles;7=central_zone;8=bl_doubles;9=bl_service;10=bl_singles;11=br_service;12=br_singles;13=br_doubles
badminton_zones,badminton,court_zone_segmentation,train,260.png,data/badminton_zones/images/train/260.png,data/badminton_zones/masks/train/260.png,9643180723fc1cc046c6b71164d8828d6b9e0cb0f4dec736f108b0b1efe2a75f,5797d59c47d743dac98206945c8bff898061b42a7c232632af37b3c1b1c9c8c1,1920,1080,14,0=background;1=fl_doubles;2=fl_service;3=fs_singles;4=fr_singles;5=fr_service;6=fr_doubles;7=central_zone;8=bl_doubles;9=bl_service;10=bl_singles;11=br_service;12=br_singles;13=br_doubles
badminton_zones,badminton,court_zone_segmentation,train,951.png,data/badminton_zones/images/train/951.png,data/badminton_zones/masks/train/951.png,3b708b60a370e7a582d31705ff5489f536c8e6445c471f19faea146bb6b0a2e6,5797d59c47d743dac98206945c8bff898061b42a7c232632af37b3c1b1c9c8c1,1920,1080,14,0=background;1=fl_doubles;2=fl_service;3=fs_singles;4=fr_singles;5=fr_service;6=fr_doubles;7=central_zone;8=bl_doubles;9=bl_service;10=bl_singles;11=br_service;12=br_singles;13=br_doubles
badminton_zones,badminton,court_zone_segmentation,train,266.png,data/badminton_zones/images/train/266.png,data/badminton_zones/masks/train/266.png,624cf1d3f2b2d3d49bd7d7e467acc76c1e1e38317f73bd4d8ed388039c4337c5,bdbc7d9936513dbff594fa4e30c54d37afdc7a5386652e2e955132d6ccab651e,1920,1080,14,0=background;1=fl_doubles;2=fl_service;3=fs_singles;4=fr_singles;5=fr_service;6=fr_doubles;7=central_zone;8=bl_doubles;9=bl_service;10=bl_singles;11=br_service;12=br_singles;13=br_doubles
badminton_zones,badminton,court_zone_segmentation,train,518.png,data/badminton_zones/images/train/518.png,data/badminton_zones/masks/train/518.png,b05cf902ca95b671406b5359c304ec024dbf2691285ebaf70b21c89c512797dd,71d7aa46c3dd90e02c635ecdf0ab09f6ac204a1998f52e0ee3941efcd009fbe8,1920,1080,14,0=background;1=fl_doubles;2=fl_service;3=fs_singles;4=fr_singles;5=fr_service;6=fr_doubles;7=central_zone;8=bl_doubles;9=bl_service;10=bl_singles;11=br_service;12=br_singles;13=br_doubles
badminton_zones,badminton,court_zone_segmentation,train,991.png,data/badminton_zones/images/train/991.png,data/badminton_zones/masks/train/991.png,a85859c3c032cb3aeb7f40004fbb721ebd87e00931dd338e5078f9295a26658d,46692f9efbb09991f6567f8927be0fa47b99138ecadc27d093b8983c096d89b9,1920,1080,14,0=background;1=fl_doubles;2=fl_service;3=fs_singles;4=fr_singles;5=fr_service;6=fr_doubles;7=central_zone;8=bl_doubles;9=bl_service;10=bl_singles;11=br_service;12=br_singles;13=br_doubles
badminton_zones,badminton,court_zone_segmentation,train,840.png,data/badminton_zones/images/train/840.png,data/badminton_zones/masks/train/840.png,05918bc8fa26e20b0b6ffe42ec66402429fe6ee53f2f42036388e8f25767428c,fbf2a55a1288cbb8da1d03b688298f3d41fb1fe046abb5021ee49fe3f22ba6ba,1920,1080,14,0=background;1=fl_doubles;2=fl_service;3=fs_singles;4=fr_singles;5=fr_service;6=fr_doubles;7=central_zone;8=bl_doubles;9=bl_service;10=bl_singles;11=br_service;12=br_singles;13=br_doubles
badminton_zones,badminton,court_zone_segmentation,train,834.png,data/badminton_zones/images/train/834.png,data/badminton_zones/masks/train/834.png,3eb77d93928900fc6764b0b4011c57d4cd2f287c362c3a25a0738345f048bdc8,5797d59c47d743dac98206945c8bff898061b42a7c232632af37b3c1b1c9c8c1,1920,1080,14,0=background;1=fl_doubles;2=fl_service;3=fs_singles;4=fr_singles;5=fr_service;6=fr_doubles;7=central_zone;8=bl_doubles;9=bl_service;10=bl_singles;11=br_service;12=br_singles;13=br_doubles
badminton_zones,badminton,court_zone_segmentation,train,581.png,data/badminton_zones/images/train/581.png,data/badminton_zones/masks/train/581.png,db1d57fd78dc7d5a072388cb41ac2355923dbe74b5f8a69f9f46b5706b965a1d,70e1a442f5261219e46ae45ecb6788a0a2865c6afc6453bf8479539e883e1922,1920,1080,14,0=background;1=fl_doubles;2=fl_service;3=fs_singles;4=fr_singles;5=fr_service;6=fr_doubles;7=central_zone;8=bl_doubles;9=bl_service;10=bl_singles;11=br_service;12=br_singles;13=br_doubles
badminton_zones,badminton,court_zone_segmentation,train,957.png,data/badminton_zones/images/train/957.png,data/badminton_zones/masks/train/957.png,d4a56739b0ee1b302690d4078a1c59ab951a6d90caf88efb0c570b5e943269fa,46692f9efbb09991f6567f8927be0fa47b99138ecadc27d093b8983c096d89b9,1920,1080,14,0=background;1=fl_doubles;2=fl_service;3=fs_singles;4=fr_singles;5=fr_service;6=fr_doubles;7=central_zone;8=bl_doubles;9=bl_service;10=bl_singles;11=br_service;12=br_singles;13=br_doubles
badminton_zones,badminton,court_zone_segmentation,train,1081.png,data/badminton_zones/images/train/1081.png,data/badminton_zones/masks/train/1081.png,a787bcce9a9f29104441b4a6f7929d2a6e0dca94dfbed075ec5a0bc721c5b615,55fcb20756f8b146781dfb96f182f0dc2c44fbf2d516e8c54ec93eb5b88c511d,1920,1080,14,0=background;1=fl_doubles;2=fl_service;3=fs_singles;4=fr_singles;5=fr_service;6=fr_doubles;7=central_zone;8=bl_doubles;9=bl_service;10=bl_singles;11=br_service;12=br_singles;13=br_doubles
badminton_zones,badminton,court_zone_segmentation,train,1079.png,data/badminton_zones/images/train/1079.png,data/badminton_zones/masks/train/1079.png,95b71d63c7904fe4f2c70cf8919de10bb9ec76aab4822628ef576ae3e709c284,5797d59c47d743dac98206945c8bff898061b42a7c232632af37b3c1b1c9c8c1,1920,1080,14,0=background;1=fl_doubles;2=fl_service;3=fs_singles;4=fr_singles;5=fr_service;6=fr_doubles;7=central_zone;8=bl_doubles;9=bl_service;10=bl_singles;11=br_service;12=br_singles;13=br_doubles
badminton_zones,badminton,court_zone_segmentation,train,583.png,data/badminton_zones/images/train/583.png,data/badminton_zones/masks/train/583.png,d6f2b95ca9fe04aa25ba2fa05a494fdcd901170625293c42c6c4abbd9c3e0a36,70e1a442f5261219e46ae45ecb6788a0a2865c6afc6453bf8479539e883e1922,1920,1080,14,0=background;1=fl_doubles;2=fl_service;3=fs_singles;4=fr_singles;5=fr_service;6=fr_doubles;7=central_zone;8=bl_doubles;9=bl_service;10=bl_singles;11=br_service;12=br_singles;13=br_doubles
badminton_zones,badminton,court_zone_segmentation,train,524.png,data/badminton_zones/images/train/524.png,data/badminton_zones/masks/train/524.png,9a6ec4e7d340d42b4fb2aa676ee0511f42e6a89084286012c2f9af430709dfdd,71d7aa46c3dd90e02c635ecdf0ab09f6ac204a1998f52e0ee3941efcd009fbe8,1920,1080,14,0=background;1=fl_doubles;2=fl_service;3=fs_singles;4=fr_singles;5=fr_service;6=fr_doubles;7=central_zone;8=bl_doubles;9=bl_service;10=bl_singles;11=br_service;12=br_singles;13=br_doubles
badminton_zones,badminton,court_zone_segmentation,train,621.png,data/badminton_zones/images/train/621.png,data/badminton_zones/masks/train/621.png,a71c64d0cac678ca535767d56f1f1786e38f09b776e0a6fa15b558546d69e694,d99bbcef3975730b93d4b7eed3e82981b3928bdbe2e1621e58f286fb261b4c80,1280,720,14,0=background;1=fl_doubles;2=fl_service;3=fs_singles;4=fr_singles;5=fr_service;6=fr_doubles;7=central_zone;8=bl_doubles;9=bl_service;10=bl_singles;11=br_service;12=br_singles;13=br_doubles
badminton_zones,badminton,court_zone_segmentation,train,667.png,data/badminton_zones/images/train/667.png,data/badminton_zones/masks/train/667.png,2d0fcd48137ff4bdc0d87476de22526fb25d0fd2d6f62068479d7eb6c16006fd,c30faf0ca82291517a1fe8512d49ef66c51d5bc3e5f89476dfeffd460e0097d3,1920,1080,14,0=background;1=fl_doubles;2=fl_service;3=fs_singles;4=fr_singles;5=fr_service;6=fr_doubles;7=central_zone;8=bl_doubles;9=bl_service;10=bl_singles;11=br_service;12=br_singles;13=br_doubles
badminton_zones,badminton,court_zone_segmentation,train,346.png,data/badminton_zones/images/train/346.png,data/badminton_zones/masks/train/346.png,107375818e255e7e8f41808bd597fd4321bbfd4510276df6312f70ada66b2eeb,98a7a5849c8cb38c34580776ab059dfab4af362bd6a0d09814652891adfce786,1920,1080,14,0=background;1=fl_doubles;2=fl_service;3=fs_singles;4=fr_singles;5=fr_service;6=fr_doubles;7=central_zone;8=bl_doubles;9=bl_service;10=bl_singles;11=br_service;12=br_singles;13=br_doubles
badminton_zones,badminton,court_zone_segmentation,train,514.png,data/badminton_zones/images/train/514.png,data/badminton_zones/masks/train/514.png,82fbaa64d0a9ad57bdcd750c30be5dc88396926cc21828a8dee4798939c4c5d0,71d7aa46c3dd90e02c635ecdf0ab09f6ac204a1998f52e0ee3941efcd009fbe8,1920,1080,14,0=background;1=fl_doubles;2=fl_service;3=fs_singles;4=fr_singles;5=fr_service;6=fr_doubles;7=central_zone;8=bl_doubles;9=bl_service;10=bl_singles;11=br_service;12=br_singles;13=br_doubles
badminton_zones,badminton,court_zone_segmentation,train,1070.png,data/badminton_zones/images/train/1070.png,data/badminton_zones/masks/train/1070.png,1af19147a8674a1dff5202580980883b714c797bad4e659d7eca2e16fe2fe0b6,55fcb20756f8b146781dfb96f182f0dc2c44fbf2d516e8c54ec93eb5b88c511d,1920,1080,14,0=background;1=fl_doubles;2=fl_service;3=fs_singles;4=fr_singles;5=fr_service;6=fr_doubles;7=central_zone;8=bl_doubles;9=bl_service;10=bl_singles;11=br_service;12=br_singles;13=br_doubles
badminton_zones,badminton,court_zone_segmentation,train,229.png,data/badminton_zones/images/train/229.png,data/badminton_zones/masks/train/229.png,598c6d03a0f9852da7329eb183e01ea3277929e1ff809061bc1b402d7475074c,5797d59c47d743dac98206945c8bff898061b42a7c232632af37b3c1b1c9c8c1,1920,1080,14,0=background;1=fl_doubles;2=fl_service;3=fs_singles;4=fr_singles;5=fr_service;6=fr_doubles;7=central_zone;8=bl_doubles;9=bl_service;10=bl_singles;11=br_service;12=br_singles;13=br_doubles
badminton_zones,badminton,court_zone_segmentation,train,274.png,data/badminton_zones/images/train/274.png,data/badminton_zones/masks/train/274.png,37b8ef305bbee78670053e870e89a112c739130d67e0272333b19510b57b1ced,bdbc7d9936513dbff594fa4e30c54d37afdc7a5386652e2e955132d6ccab651e,1920,1080,14,0=background;1=fl_doubles;2=fl_service;3=fs_singles;4=fr_singles;5=fr_service;6=fr_doubles;7=central_zone;8=bl_doubles;9=bl_service;10=bl_singles;11=br_service;12=br_singles;13=br_doubles
badminton_zones,badminton,court_zone_segmentation,train,898.png,data/badminton_zones/images/train/898.png,data/badminton_zones/masks/train/898.png,f97fcf3a9d0ed539e51ac957701f779058983d3dc0cf75832456bfc704b524e6,fbf2a55a1288cbb8da1d03b688298f3d41fb1fe046abb5021ee49fe3f22ba6ba,1920,1080,14,0=background;1=fl_doubles;2=fl_service;3=fs_singles;4=fr_singles;5=fr_service;6=fr_doubles;7=central_zone;8=bl_doubles;9=bl_service;10=bl_singles;11=br_service;12=br_singles;13=br_doubles
badminton_zones,badminton,court_zone_segmentation,train,582.png,data/badminton_zones/images/train/582.png,data/badminton_zones/masks/train/582.png,a6efff1bff8a76c9142f888baa114a6ea155bfc2f3e0d500ad406c94c4d25de7,70e1a442f5261219e46ae45ecb6788a0a2865c6afc6453bf8479539e883e1922,1920,1080,14,0=background;1=fl_doubles;2=fl_service;3=fs_singles;4=fr_singles;5=fr_service;6=fr_doubles;7=central_zone;8=bl_doubles;9=bl_service;10=bl_singles;11=br_service;12=br_singles;13=br_doubles
badminton_zones,badminton,court_zone_segmentation,train,975.png,data/badminton_zones/images/train/975.png,data/badminton_zones/masks/train/975.png,76b5bb5037953e56f882b2781e864c5714425c75d86e8478a473fcefb01962bb,46692f9efbb09991f6567f8927be0fa47b99138ecadc27d093b8983c096d89b9,1920,1080,14,0=background;1=fl_doubles;2=fl_service;3=fs_singles;4=fr_singles;5=fr_service;6=fr_doubles;7=central_zone;8=bl_doubles;9=bl_service;10=bl_singles;11=br_service;12=br_singles;13=br_doubles
badminton_zones,badminton,court_zone_segmentation,train,988.png,data/badminton_zones/images/train/988.png,data/badminton_zones/masks/train/988.png,36f8b94473c646fe859435b8cf8b6d6eb79a7b1c9b25fda8c7f9949feff85e25,46692f9efbb09991f6567f8927be0fa47b99138ecadc27d093b8983c096d89b9,1920,1080,14,0=background;1=fl_doubles;2=fl_service;3=fs_singles;4=fr_singles;5=fr_service;6=fr_doubles;7=central_zone;8=bl_doubles;9=bl_service;10=bl_singles;11=br_service;12=br_singles;13=br_doubles
badminton_zones,badminton,court_zone_segmentation,train,153.png,data/badminton_zones/images/train/153.png,data/badminton_zones/masks/train/153.png,d2d7670d74979e453b232a2e0dea02d791cdecfe1e222f19c1ea090b1a026118,05aff27316ecd25aa5d2b146ce76b489e644e744e8f1afa78675cbbbebaafc51,1920,1080,14,0=background;1=fl_doubles;2=fl_service;3=fs_singles;4=fr_singles;5=fr_service;6=fr_doubles;7=central_zone;8=bl_doubles;9=bl_service;10=bl_singles;11=br_service;12=br_singles;13=br_doubles
badminton_zones,badminton,court_zone_segmentation,train,998.png,data/badminton_zones/images/train/998.png,data/badminton_zones/masks/train/998.png,5ab9726d703b737fe3e965f613653cb11ef89a4b7c6b9d160899e73e40bb477a,5797d59c47d743dac98206945c8bff898061b42a7c232632af37b3c1b1c9c8c1,1920,1080,14,0=background;1=fl_doubles;2=fl_service;3=fs_singles;4=fr_singles;5=fr_service;6=fr_doubles;7=central_zone;8=bl_doubles;9=bl_service;10=bl_singles;11=br_service;12=br_singles;13=br_doubles
badminton_zones,badminton,court_zone_segmentation,train,87.png,data/badminton_zones/images/train/87.png,data/badminton_zones/masks/train/87.png,947f463ffd629d71c820a35c1b952ffce8b8ee35954134978c7d8b245a1295f7,5f41e1dfd498d418573d50d1d807547ae42916064285cb16a465f62577312ab4,1920,1080,14,0=background;1=fl_doubles;2=fl_service;3=fs_singles;4=fr_singles;5=fr_service;6=fr_doubles;7=central_zone;8=bl_doubles;9=bl_service;10=bl_singles;11=br_service;12=br_singles;13=br_doubles
badminton_zones,badminton,court_zone_segmentation,train,776.png,data/badminton_zones/images/train/776.png,data/badminton_zones/masks/train/776.png,86a4e0086d8fbd6138024d5104cd213241bbde784aac5401d3bb555d40ac422b,d04df262bee62bf1807d13666d2f7a0bbdd93a164e7ff70974c001647626e3d8,1920,1080,14,0=background;1=fl_doubles;2=fl_service;3=fs_singles;4=fr_singles;5=fr_service;6=fr_doubles;7=central_zone;8=bl_doubles;9=bl_service;10=bl_singles;11=br_service;12=br_singles;13=br_doubles
badminton_zones,badminton,court_zone_segmentation,train,565.png,data/badminton_zones/images/train/565.png,data/badminton_zones/masks/train/565.png,da507869595653fc62adc1d91121609a0a21f6f811ed8dea030421c25b3ad4f8,70e1a442f5261219e46ae45ecb6788a0a2865c6afc6453bf8479539e883e1922,1920,1080,14,0=background;1=fl_doubles;2=fl_service;3=fs_singles;4=fr_singles;5=fr_service;6=fr_doubles;7=central_zone;8=bl_doubles;9=bl_service;10=bl_singles;11=br_service;12=br_singles;13=br_doubles
badminton_zones,badminton,court_zone_segmentation,train,825.png,data/badminton_zones/images/train/825.png,data/badminton_zones/masks/train/825.png,697939dce48c67c8778d78a5c7c5bbe51ba89eaea2d4d40aa7c79a36b5e0b9dd,d04df262bee62bf1807d13666d2f7a0bbdd93a164e7ff70974c001647626e3d8,1920,1080,14,0=background;1=fl_doubles;2=fl_service;3=fs_singles;4=fr_singles;5=fr_service;6=fr_doubles;7=central_zone;8=bl_doubles;9=bl_service;10=bl_singles;11=br_service;12=br_singles;13=br_doubles
badminton_zones,badminton,court_zone_segmentation,train,800.png,data/badminton_zones/images/train/800.png,data/badminton_zones/masks/train/800.png,73d097613fc551040f2ca933d7ddab3031c04310fbfda8a30e709d8d909556e2,d04df262bee62bf1807d13666d2f7a0bbdd93a164e7ff70974c001647626e3d8,1920,1080,14,0=background;1=fl_doubles;2=fl_service;3=fs_singles;4=fr_singles;5=fr_service;6=fr_doubles;7=central_zone;8=bl_doubles;9=bl_service;10=bl_singles;11=br_service;12=br_singles;13=br_doubles
badminton_zones,badminton,court_zone_segmentation,train,1158.png,data/badminton_zones/images/train/1158.png,data/badminton_zones/masks/train/1158.png,4328be9f8e922691f7195a74a8f8b28d21f7bcb0feedf14c0c58ea8ad40aa88d,5797d59c47d743dac98206945c8bff898061b42a7c232632af37b3c1b1c9c8c1,1920,1080,14,0=background;1=fl_doubles;2=fl_service;3=fs_singles;4=fr_singles;5=fr_service;6=fr_doubles;7=central_zone;8=bl_doubles;9=bl_service;10=bl_singles;11=br_service;12=br_singles;13=br_doubles
badminton_zones,badminton,court_zone_segmentation,train,15.png,data/badminton_zones/images/train/15.png,data/badminton_zones/masks/train/15.png,06d87974154ea1ccc6dc1d8632774ec46f1774526e167a95d681abf0e6cb79d0,89cd29c8557fb4188631183e8a86bb0ddd308f0d4e615ef8afba19edf65da59c,1920,1080,14,0=background;1=fl_doubles;2=fl_service;3=fs_singles;4=fr_singles;5=fr_service;6=fr_doubles;7=central_zone;8=bl_doubles;9=bl_service;10=bl_singles;11=br_service;12=br_singles;13=br_doubles
badminton_zones,badminton,court_zone_segmentation,train,301.png,data/badminton_zones/images/train/301.png,data/badminton_zones/masks/train/301.png,f95b543f7a120f590216640633a789d2ce85a010732b23462f91c4ac60099798,601d27e278b8e6335aba882d89712a3a1c6220f90849651aa2dcb783e536c2fe,1920,1080,14,0=background;1=fl_doubles;2=fl_service;3=fs_singles;4=fr_singles;5=fr_service;6=fr_doubles;7=central_zone;8=bl_doubles;9=bl_service;10=bl_singles;11=br_service;12=br_singles;13=br_doubles
badminton_zones,badminton,court_zone_segmentation,train,774.png,data/badminton_zones/images/train/774.png,data/badminton_zones/masks/train/774.png,0ddec06a583771df28addf34606eefb93c15f4344689f2e1d801fe20b8bbd4ca,5797d59c47d743dac98206945c8bff898061b42a7c232632af37b3c1b1c9c8c1,1920,1080,14,0=background;1=fl_doubles;2=fl_service;3=fs_singles;4=fr_singles;5=fr_service;6=fr_doubles;7=central_zone;8=bl_doubles;9=bl_service;10=bl_singles;11=br_service;12=br_singles;13=br_doubles
badminton_zones,badminton,court_zone_segmentation,train,71.png,data/badminton_zones/images/train/71.png,data/badminton_zones/masks/train/71.png,7e6c711b698a8474a161bb51741b8ffe98446f67ab89cd966687179fad7a5b45,5797d59c47d743dac98206945c8bff898061b42a7c232632af37b3c1b1c9c8c1,1920,1080,14,0=background;1=fl_doubles;2=fl_service;3=fs_singles;4=fr_singles;5=fr_service;6=fr_doubles;7=central_zone;8=bl_doubles;9=bl_service;10=bl_singles;11=br_service;12=br_singles;13=br_doubles
badminton_zones,badminton,court_zone_segmentation,train,1037.png,data/badminton_zones/images/train/1037.png,data/badminton_zones/masks/train/1037.png,5e3d9ec40b84f0ad77d0bc188bae561793e6eae96ad7f91c5a12fb2d14745cd8,5797d59c47d743dac98206945c8bff898061b42a7c232632af37b3c1b1c9c8c1,1920,1080,14,0=background;1=fl_doubles;2=fl_service;3=fs_singles;4=fr_singles;5=fr_service;6=fr_doubles;7=central_zone;8=bl_doubles;9=bl_service;10=bl_singles;11=br_service;12=br_singles;13=br_doubles
badminton_zones,badminton,court_zone_segmentation,train,867.png,data/badminton_zones/images/train/867.png,data/badminton_zones/masks/train/867.png,04a8a50caf460400fd3e62005260cb60b2155b2815887f16b9e8a177f69037f2,fbf2a55a1288cbb8da1d03b688298f3d41fb1fe046abb5021ee49fe3f22ba6ba,1920,1080,14,0=background;1=fl_doubles;2=fl_service;3=fs_singles;4=fr_singles;5=fr_service;6=fr_doubles;7=central_zone;8=bl_doubles;9=bl_service;10=bl_singles;11=br_service;12=br_singles;13=br_doubles
badminton_zones,badminton,court_zone_segmentation,train,1117.png,data/badminton_zones/images/train/1117.png,data/badminton_zones/masks/train/1117.png,1ec334a3632c19b9612b5ed16f30b9625f43e2fd1cbb41c30dd8571a3a2b4388,5797d59c47d743dac98206945c8bff898061b42a7c232632af37b3c1b1c9c8c1,1920,1080,14,0=background;1=fl_doubles;2=fl_service;3=fs_singles;4=fr_singles;5=fr_service;6=fr_doubles;7=central_zone;8=bl_doubles;9=bl_service;10=bl_singles;11=br_service;12=br_singles;13=br_doubles
badminton_zones,badminton,court_zone_segmentation,train,1034.png,data/badminton_zones/images/train/1034.png,data/badminton_zones/masks/train/1034.png,50ead575b00c9ad4f2aa53c3fee060d175e5307d5baa59f00c33e9b29ce34c37,5797d59c47d743dac98206945c8bff898061b42a7c232632af37b3c1b1c9c8c1,1920,1080,14,0=background;1=fl_doubles;2=fl_service;3=fs_singles;4=fr_singles;5=fr_service;6=fr_doubles;7=central_zone;8=bl_doubles;9=bl_service;10=bl_singles;11=br_service;12=br_singles;13=br_doubles
badminton_zones,badminton,court_zone_segmentation,train,1152.png,data/badminton_zones/images/train/1152.png,data/badminton_zones/masks/train/1152.png,832e5ecf140c6a7ca53d91150238d6282a37e1d4276e7fb23fbcce4ee5bae07e,ec20403acca4e66f60e1feada3247e3d5cc428b7c439d3a1423b4f3da9af0c8a,1920,1080,14,0=background;1=fl_doubles;2=fl_service;3=fs_singles;4=fr_singles;5=fr_service;6=fr_doubles;7=central_zone;8=bl_doubles;9=bl_service;10=bl_singles;11=br_service;12=br_singles;13=br_doubles
badminton_zones,badminton,court_zone_segmentation,train,962.png,data/badminton_zones/images/train/962.png,data/badminton_zones/masks/train/962.png,af6da820f143d9bf47bf38211d7077604b38dad0a97a6087f6bede888222e46f,46692f9efbb09991f6567f8927be0fa47b99138ecadc27d093b8983c096d89b9,1920,1080,14,0=background;1=fl_doubles;2=fl_service;3=fs_singles;4=fr_singles;5=fr_service;6=fr_doubles;7=central_zone;8=bl_doubles;9=bl_service;10=bl_singles;11=br_service;12=br_singles;13=br_doubles
badminton_zones,badminton,court_zone_segmentation,train,1223.png,data/badminton_zones/images/train/1223.png,data/badminton_zones/masks/train/1223.png,0837c4ca5d00587653ca49347f870eac941944a1d54dd8d66cceeaa1c898881a,afaec54053472401e2da7525b34b8233c97a110a6cf8dbca3bbbdbf908ee31df,1280,720,14,0=background;1=fl_doubles;2=fl_service;3=fs_singles;4=fr_singles;5=fr_service;6=fr_doubles;7=central_zone;8=bl_doubles;9=bl_service;10=bl_singles;11=br_service;12=br_singles;13=br_doubles
badminton_zones,badminton,court_zone_segmentation,train,446.png,data/badminton_zones/images/train/446.png,data/badminton_zones/masks/train/446.png,e9c21c9b671677ed175b109c1c25264fc40c0fca3ec79e9ccdb5057cba4bc69d,6233643c9fdd9664abe3f865617b9ee229e80c5924d8e4c94cd08526c75f624b,1280,720,14,0=background;1=fl_doubles;2=fl_service;3=fs_singles;4=fr_singles;5=fr_service;6=fr_doubles;7=central_zone;8=bl_doubles;9=bl_service;10=bl_singles;11=br_service;12=br_singles;13=br_doubles
badminton_zones,badminton,court_zone_segmentation,train,228.png,data/badminton_zones/images/train/228.png,data/badminton_zones/masks/train/228.png,571d7b8e2d56c54908cbd2e429b13f07c821247a8e54ef7c88746477eb53d68d,5797d59c47d743dac98206945c8bff898061b42a7c232632af37b3c1b1c9c8c1,1920,1080,14,0=background;1=fl_doubles;2=fl_service;3=fs_singles;4=fr_singles;5=fr_service;6=fr_doubles;7=central_zone;8=bl_doubles;9=bl_service;10=bl_singles;11=br_service;12=br_singles;13=br_doubles
badminton_zones,badminton,court_zone_segmentation,train,1196.png,data/badminton_zones/images/train/1196.png,data/badminton_zones/masks/train/1196.png,33d4310f089a9e5a4e98e81fd25ebfbdd6c19b75a3de207a1cc19959a8fbc842,5797d59c47d743dac98206945c8bff898061b42a7c232632af37b3c1b1c9c8c1,1280,720,14,0=background;1=fl_doubles;2=fl_service;3=fs_singles;4=fr_singles;5=fr_service;6=fr_doubles;7=central_zone;8=bl_doubles;9=bl_service;10=bl_singles;11=br_service;12=br_singles;13=br_doubles
badminton_zones,badminton,court_zone_segmentation,train,157.png,data/badminton_zones/images/train/157.png,data/badminton_zones/masks/train/157.png,e9666c4995bf558f3625c70d7951cad715c44a60c3f27ab48b65efbbd0e5a5a3,5797d59c47d743dac98206945c8bff898061b42a7c232632af37b3c1b1c9c8c1,1920,1080,14,0=background;1=fl_doubles;2=fl_service;3=fs_singles;4=fr_singles;5=fr_service;6=fr_doubles;7=central_zone;8=bl_doubles;9=bl_service;10=bl_singles;11=br_service;12=br_singles;13=br_doubles
badminton_zones,badminton,court_zone_segmentation,train,75.png,data/badminton_zones/images/train/75.png,data/badminton_zones/masks/train/75.png,6ae219f9a462413876d0bbb914aa9d386e002f36f7f8e272439261a7eca959cd,5f41e1dfd498d418573d50d1d807547ae42916064285cb16a465f62577312ab4,1920,1080,14,0=background;1=fl_doubles;2=fl_service;3=fs_singles;4=fr_singles;5=fr_service;6=fr_doubles;7=central_zone;8=bl_doubles;9=bl_service;10=bl_singles;11=br_service;12=br_singles;13=br_doubles
badminton_zones,badminton,court_zone_segmentation,train,386.png,data/badminton_zones/images/train/386.png,data/badminton_zones/masks/train/386.png,f272d698c376b803679e321f4296bda3f85b646d26be9fd011f4972ee196eae5,254539492eb44bfc611cd50e443fbd21c329e8974027373a5200c7de82d7c13b,1920,1080,14,0=background;1=fl_doubles;2=fl_service;3=fs_singles;4=fr_singles;5=fr_service;6=fr_doubles;7=central_zone;8=bl_doubles;9=bl_service;10=bl_singles;11=br_service;12=br_singles;13=br_doubles
badminton_zones,badminton,court_zone_segmentation,train,303.png,data/badminton_zones/images/train/303.png,data/badminton_zones/masks/train/303.png,50314960ea69864f22d91ec439951a2cb3a61efba48e67726c0fb2c4421af815,601d27e278b8e6335aba882d89712a3a1c6220f90849651aa2dcb783e536c2fe,1920,1080,14,0=background;1=fl_doubles;2=fl_service;3=fs_singles;4=fr_singles;5=fr_service;6=fr_doubles;7=central_zone;8=bl_doubles;9=bl_service;10=bl_singles;11=br_service;12=br_singles;13=br_doubles
badminton_zones,badminton,court_zone_segmentation,train,646.png,data/badminton_zones/images/train/646.png,data/badminton_zones/masks/train/646.png,f681ea6dfda54f7bae8370ae6ac107609347431ad0baf0966407a412a9454445,c30faf0ca82291517a1fe8512d49ef66c51d5bc3e5f89476dfeffd460e0097d3,1920,1080,14,0=background;1=fl_doubles;2=fl_service;3=fs_singles;4=fr_singles;5=fr_service;6=fr_doubles;7=central_zone;8=bl_doubles;9=bl_service;10=bl_singles;11=br_service;12=br_singles;13=br_doubles
badminton_zones,badminton,court_zone_segmentation,train,1207.png,data/badminton_zones/images/train/1207.png,data/badminton_zones/masks/train/1207.png,a7d9de960f7609a5871c3dbafd7dbe6b912e67168e206df4029ed5d73a208331,685f2b53d49e79da469e0ab002e1f9702eb26f8c273a0ed28c51dfac57ff8256,1280,720,14,0=background;1=fl_doubles;2=fl_service;3=fs_singles;4=fr_singles;5=fr_service;6=fr_doubles;7=central_zone;8=bl_doubles;9=bl_service;10=bl_singles;11=br_service;12=br_singles;13=br_doubles
badminton_zones,badminton,court_zone_segmentation,train,801.png,data/badminton_zones/images/train/801.png,data/badminton_zones/masks/train/801.png,7c1ff398e3e1f742bb08343d659d860f165c67ba3b36d729aa24487c5ab28d6c,d04df262bee62bf1807d13666d2f7a0bbdd93a164e7ff70974c001647626e3d8,1920,1080,14,0=background;1=fl_doubles;2=fl_service;3=fs_singles;4=fr_singles;5=fr_service;6=fr_doubles;7=central_zone;8=bl_doubles;9=bl_service;10=bl_singles;11=br_service;12=br_singles;13=br_doubles
badminton_zones,badminton,court_zone_segmentation,train,0.png,data/badminton_zones/images/train/0.png,data/badminton_zones/masks/train/0.png,622970c6215b470537a0aad65421e2efbf7ba836d96359e5d1472b6ee3ff30df,5797d59c47d743dac98206945c8bff898061b42a7c232632af37b3c1b1c9c8c1,1920,1080,14,0=background;1=fl_doubles;2=fl_service;3=fs_singles;4=fr_singles;5=fr_service;6=fr_doubles;7=central_zone;8=bl_doubles;9=bl_service;10=bl_singles;11=br_service;12=br_singles;13=br_doubles
badminton_zones,badminton,court_zone_segmentation,train,519.png,data/badminton_zones/images/train/519.png,data/badminton_zones/masks/train/519.png,7e7d5161ea0ff0b0d3a82fe8a96ed0270efd006bc58005cf9c54dc9afc013da6,71d7aa46c3dd90e02c635ecdf0ab09f6ac204a1998f52e0ee3941efcd009fbe8,1920,1080,14,0=background;1=fl_doubles;2=fl_service;3=fs_singles;4=fr_singles;5=fr_service;6=fr_doubles;7=central_zone;8=bl_doubles;9=bl_service;10=bl_singles;11=br_service;12=br_singles;13=br_doubles
badminton_zones,badminton,court_zone_segmentation,train,815.png,data/badminton_zones/images/train/815.png,data/badminton_zones/masks/train/815.png,479cb3ad88891ccd3452f0e2eae54195968738c5d698f31bcfe74a314029e200,5797d59c47d743dac98206945c8bff898061b42a7c232632af37b3c1b1c9c8c1,1920,1080,14,0=background;1=fl_doubles;2=fl_service;3=fs_singles;4=fr_singles;5=fr_service;6=fr_doubles;7=central_zone;8=bl_doubles;9=bl_service;10=bl_singles;11=br_service;12=br_singles;13=br_doubles
badminton_zones,badminton,court_zone_segmentation,train,1144.png,data/badminton_zones/images/train/1144.png,data/badminton_zones/masks/train/1144.png,ac1c8333fff3acc0c75dcda4a72fd998f5f6a21c476dda0e11baba5a2cd35a49,ec20403acca4e66f60e1feada3247e3d5cc428b7c439d3a1423b4f3da9af0c8a,1920,1080,14,0=background;1=fl_doubles;2=fl_service;3=fs_singles;4=fr_singles;5=fr_service;6=fr_doubles;7=central_zone;8=bl_doubles;9=bl_service;10=bl_singles;11=br_service;12=br_singles;13=br_doubles
badminton_zones,badminton,court_zone_segmentation,train,343.png,data/badminton_zones/images/train/343.png,data/badminton_zones/masks/train/343.png,b0557efc4b9bb06d987541ec23c3ef7ab18256836d88d302bd37896af68a725b,98a7a5849c8cb38c34580776ab059dfab4af362bd6a0d09814652891adfce786,1920,1080,14,0=background;1=fl_doubles;2=fl_service;3=fs_singles;4=fr_singles;5=fr_service;6=fr_doubles;7=central_zone;8=bl_doubles;9=bl_service;10=bl_singles;11=br_service;12=br_singles;13=br_doubles
badminton_zones,badminton,court_zone_segmentation,train,84.png,data/badminton_zones/images/train/84.png,data/badminton_zones/masks/train/84.png,c037c0b2aa68ec70a8dbedc494d6a271a8a375fbf8599f5410fd4cc198f48930,5f41e1dfd498d418573d50d1d807547ae42916064285cb16a465f62577312ab4,1920,1080,14,0=background;1=fl_doubles;2=fl_service;3=fs_singles;4=fr_singles;5=fr_service;6=fr_doubles;7=central_zone;8=bl_doubles;9=bl_service;10=bl_singles;11=br_service;12=br_singles;13=br_doubles
badminton_zones,badminton,court_zone_segmentation,train,844.png,data/badminton_zones/images/train/844.png,data/badminton_zones/masks/train/844.png,9e34a5c20912663c5d972ccefbcd4abae7960fa253b4a63c4398c89b01747a8f,fbf2a55a1288cbb8da1d03b688298f3d41fb1fe046abb5021ee49fe3f22ba6ba,1920,1080,14,0=background;1=fl_doubles;2=fl_service;3=fs_singles;4=fr_singles;5=fr_service;6=fr_doubles;7=central_zone;8=bl_doubles;9=bl_service;10=bl_singles;11=br_service;12=br_singles;13=br_doubles
badminton_zones,badminton,court_zone_segmentation,train,351.png,data/badminton_zones/images/train/351.png,data/badminton_zones/masks/train/351.png,3a8cb9b6e1052b077d2aa137cb6edcb68423ee051c207031c298336ae6b754a3,98a7a5849c8cb38c34580776ab059dfab4af362bd6a0d09814652891adfce786,1920,1080,14,0=background;1=fl_doubles;2=fl_service;3=fs_singles;4=fr_singles;5=fr_service;6=fr_doubles;7=central_zone;8=bl_doubles;9=bl_service;10=bl_singles;11=br_service;12=br_singles;13=br_doubles
badminton_zones,badminton,court_zone_segmentation,train,291.png,data/badminton_zones/images/train/291.png,data/badminton_zones/masks/train/291.png,01371ae409cbb149a6cfb49185c69eb7a9dc122cecdc514e55b4f66dabce191b,5797d59c47d743dac98206945c8bff898061b42a7c232632af37b3c1b1c9c8c1,1920,1080,14,0=background;1=fl_doubles;2=fl_service;3=fs_singles;4=fr_singles;5=fr_service;6=fr_doubles;7=central_zone;8=bl_doubles;9=bl_service;10=bl_singles;11=br_service;12=br_singles;13=br_doubles
badminton_zones,badminton,court_zone_segmentation,train,46.png,data/badminton_zones/images/train/46.png,data/badminton_zones/masks/train/46.png,5534e61ed2372de20a0098bc80ed2add869754b40541ce60a58b9c62302299db,89cd29c8557fb4188631183e8a86bb0ddd308f0d4e615ef8afba19edf65da59c,1920,1080,14,0=background;1=fl_doubles;2=fl_service;3=fs_singles;4=fr_singles;5=fr_service;6=fr_doubles;7=central_zone;8=bl_doubles;9=bl_service;10=bl_singles;11=br_service;12=br_singles;13=br_doubles
badminton_zones,badminton,court_zone_segmentation,train,242.png,data/badminton_zones/images/train/242.png,data/badminton_zones/masks/train/242.png,756e25045197493e482380bc97dc0480c796cb3b08f6025ee2f8e3c7ab55fde7,5797d59c47d743dac98206945c8bff898061b42a7c232632af37b3c1b1c9c8c1,1920,1080,14,0=background;1=fl_doubles;2=fl_service;3=fs_singles;4=fr_singles;5=fr_service;6=fr_doubles;7=central_zone;8=bl_doubles;9=bl_service;10=bl_singles;11=br_service;12=br_singles;13=br_doubles
badminton_zones,badminton,court_zone_segmentation,train,161.png,data/badminton_zones/images/train/161.png,data/badminton_zones/masks/train/161.png,5e0433493a67a470a384a06592a0856883ab1614c6b071bee1c5c076d9647f85,05aff27316ecd25aa5d2b146ce76b489e644e744e8f1afa78675cbbbebaafc51,1920,1080,14,0=background;1=fl_doubles;2=fl_service;3=fs_singles;4=fr_singles;5=fr_service;6=fr_doubles;7=central_zone;8=bl_doubles;9=bl_service;10=bl_singles;11=br_service;12=br_singles;13=br_doubles
badminton_zones,badminton,court_zone_segmentation,train,829.png,data/badminton_zones/images/train/829.png,data/badminton_zones/masks/train/829.png,34ff0d79bf8c4a0bc8da3746538bd203081bf02ea2cf230557ceaa3d2139440f,d04df262bee62bf1807d13666d2f7a0bbdd93a164e7ff70974c001647626e3d8,1920,1080,14,0=background;1=fl_doubles;2=fl_service;3=fs_singles;4=fr_singles;5=fr_service;6=fr_doubles;7=central_zone;8=bl_doubles;9=bl_service;10=bl_singles;11=br_service;12=br_singles;13=br_doubles
badminton_zones,badminton,court_zone_segmentation,train,515.png,data/badminton_zones/images/train/515.png,data/badminton_zones/masks/train/515.png,022f3c527e36e488d0686f0e34c4bc2e06ae86365ff4459627b5dbbe24d45810,71d7aa46c3dd90e02c635ecdf0ab09f6ac204a1998f52e0ee3941efcd009fbe8,1920,1080,14,0=background;1=fl_doubles;2=fl_service;3=fs_singles;4=fr_singles;5=fr_service;6=fr_doubles;7=central_zone;8=bl_doubles;9=bl_service;10=bl_singles;11=br_service;12=br_singles;13=br_doubles
badminton_zones,badminton,court_zone_segmentation,train,611.png,data/badminton_zones/images/train/611.png,data/badminton_zones/masks/train/611.png,2f824b54dd757c68305b5ae1c4e1a678462ecb749f843949b06d8a3eee75b061,d99bbcef3975730b93d4b7eed3e82981b3928bdbe2e1621e58f286fb261b4c80,1280,720,14,0=background;1=fl_doubles;2=fl_service;3=fs_singles;4=fr_singles;5=fr_service;6=fr_doubles;7=central_zone;8=bl_doubles;9=bl_service;10=bl_singles;11=br_service;12=br_singles;13=br_doubles
badminton_zones,badminton,court_zone_segmentation,train,973.png,data/badminton_zones/images/train/973.png,data/badminton_zones/masks/train/973.png,fb3ac578f3f69af896c86d9cd40474f9452b0eb7b7b81223592d43eff83b0f5d,46692f9efbb09991f6567f8927be0fa47b99138ecadc27d093b8983c096d89b9,1920,1080,14,0=background;1=fl_doubles;2=fl_service;3=fs_singles;4=fr_singles;5=fr_service;6=fr_doubles;7=central_zone;8=bl_doubles;9=bl_service;10=bl_singles;11=br_service;12=br_singles;13=br_doubles
badminton_zones,badminton,court_zone_segmentation,train,309.png,data/badminton_zones/images/train/309.png,data/badminton_zones/masks/train/309.png,2073270034cc21dfe5830d3f279470e122661e3d0ba6d6aee9a88134dace49c1,601d27e278b8e6335aba882d89712a3a1c6220f90849651aa2dcb783e536c2fe,1920,1080,14,0=background;1=fl_doubles;2=fl_service;3=fs_singles;4=fr_singles;5=fr_service;6=fr_doubles;7=central_zone;8=bl_doubles;9=bl_service;10=bl_singles;11=br_service;12=br_singles;13=br_doubles
badminton_zones,badminton,court_zone_segmentation,train,513.png,data/badminton_zones/images/train/513.png,data/badminton_zones/masks/train/513.png,9238ecb1ed6c074359ce166e59e5fec1e3fd6b1a0262b3dcf66b533bf6f0824d,71d7aa46c3dd90e02c635ecdf0ab09f6ac204a1998f52e0ee3941efcd009fbe8,1920,1080,14,0=background;1=fl_doubles;2=fl_service;3=fs_singles;4=fr_singles;5=fr_service;6=fr_doubles;7=central_zone;8=bl_doubles;9=bl_service;10=bl_singles;11=br_service;12=br_singles;13=br_doubles
badminton_zones,badminton,court_zone_segmentation,train,136.png,data/badminton_zones/images/train/136.png,data/badminton_zones/masks/train/136.png,bf04fdf80a15ab62633a62a46422aad5c496d4d1b8f3c239066e14e7ab8ec4c8,5797d59c47d743dac98206945c8bff898061b42a7c232632af37b3c1b1c9c8c1,1920,1080,14,0=background;1=fl_doubles;2=fl_service;3=fs_singles;4=fr_singles;5=fr_service;6=fr_doubles;7=central_zone;8=bl_doubles;9=bl_service;10=bl_singles;11=br_service;12=br_singles;13=br_doubles
badminton_zones,badminton,court_zone_segmentation,train,658.png,data/badminton_zones/images/train/658.png,data/badminton_zones/masks/train/658.png,ef9ad2b922d2971de739b9b6937349c0ee4eeea48a30fdc1ca35060d6e508410,c30faf0ca82291517a1fe8512d49ef66c51d5bc3e5f89476dfeffd460e0097d3,1920,1080,14,0=background;1=fl_doubles;2=fl_service;3=fs_singles;4=fr_singles;5=fr_service;6=fr_doubles;7=central_zone;8=bl_doubles;9=bl_service;10=bl_singles;11=br_service;12=br_singles;13=br_doubles
badminton_zones,badminton,court_zone_segmentation,train,236.png,data/badminton_zones/images/train/236.png,data/badminton_zones/masks/train/236.png,88fd204a5107bf4d963e1caf22848b23e8fafc95375784b888afe21e898ca27e,1678324581faafbb7ab576435f5e9008edecd2528c2665cbd566b0af04bbdc47,1920,1080,14,0=background;1=fl_doubles;2=fl_service;3=fs_singles;4=fr_singles;5=fr_service;6=fr_doubles;7=central_zone;8=bl_doubles;9=bl_service;10=bl_singles;11=br_service;12=br_singles;13=br_doubles
badminton_zones,badminton,court_zone_segmentation,train,276.png,data/badminton_zones/images/train/276.png,data/badminton_zones/masks/train/276.png,00fae50bc37518cf72a44a77a51bcc78a29fef48827533d10f043815b8be67e7,bdbc7d9936513dbff594fa4e30c54d37afdc7a5386652e2e955132d6ccab651e,1920,1080,14,0=background;1=fl_doubles;2=fl_service;3=fs_singles;4=fr_singles;5=fr_service;6=fr_doubles;7=central_zone;8=bl_doubles;9=bl_service;10=bl_singles;11=br_service;12=br_singles;13=br_doubles
badminton_zones,badminton,court_zone_segmentation,train,1134.png,data/badminton_zones/images/train/1134.png,data/badminton_zones/masks/train/1134.png,143fa48ba01137b0a489d7bc466d16cd937e71b915f9138ee4115892cafb8188,ec20403acca4e66f60e1feada3247e3d5cc428b7c439d3a1423b4f3da9af0c8a,1920,1080,14,0=background;1=fl_doubles;2=fl_service;3=fs_singles;4=fr_singles;5=fr_service;6=fr_doubles;7=central_zone;8=bl_doubles;9=bl_service;10=bl_singles;11=br_service;12=br_singles;13=br_doubles
badminton_zones,badminton,court_zone_segmentation,train,638.png,data/badminton_zones/images/train/638.png,data/badminton_zones/masks/train/638.png,65b7b1431c4a4ae52d1b1d8aa0019afd00094b63f2656ac78c81c2d2bd936c14,d99bbcef3975730b93d4b7eed3e82981b3928bdbe2e1621e58f286fb261b4c80,1280,720,14,0=background;1=fl_doubles;2=fl_service;3=fs_singles;4=fr_singles;5=fr_service;6=fr_doubles;7=central_zone;8=bl_doubles;9=bl_service;10=bl_singles;11=br_service;12=br_singles;13=br_doubles
badminton_zones,badminton,court_zone_segmentation,train,317.png,data/badminton_zones/images/train/317.png,data/badminton_zones/masks/train/317.png,da1b97bf28b4df533b5b8ea76dc43c3b808730e9498a4b3ee2d026b89121dd3c,601d27e278b8e6335aba882d89712a3a1c6220f90849651aa2dcb783e536c2fe,1920,1080,14,0=background;1=fl_doubles;2=fl_service;3=fs_singles;4=fr_singles;5=fr_service;6=fr_doubles;7=central_zone;8=bl_doubles;9=bl_service;10=bl_singles;11=br_service;12=br_singles;13=br_doubles
badminton_zones,badminton,court_zone_segmentation,train,474.png,data/badminton_zones/images/train/474.png,data/badminton_zones/masks/train/474.png,5954a1568e696a9d20136664b89dbccc9bfd16e05922af123d35cc668647435c,6233643c9fdd9664abe3f865617b9ee229e80c5924d8e4c94cd08526c75f624b,1280,720,14,0=background;1=fl_doubles;2=fl_service;3=fs_singles;4=fr_singles;5=fr_service;6=fr_doubles;7=central_zone;8=bl_doubles;9=bl_service;10=bl_singles;11=br_service;12=br_singles;13=br_doubles
badminton_zones,badminton,court_zone_segmentation,train,135.png,data/badminton_zones/images/train/135.png,data/badminton_zones/masks/train/135.png,9ce5b8c7545c87597aad98f99d132b821479d05a0a46879dfa85635213680224,5797d59c47d743dac98206945c8bff898061b42a7c232632af37b3c1b1c9c8c1,1920,1080,14,0=background;1=fl_doubles;2=fl_service;3=fs_singles;4=fr_singles;5=fr_service;6=fr_doubles;7=central_zone;8=bl_doubles;9=bl_service;10=bl_singles;11=br_service;12=br_singles;13=br_doubles
badminton_zones,badminton,court_zone_segmentation,train,1212.png,data/badminton_zones/images/train/1212.png,data/badminton_zones/masks/train/1212.png,cb164550108163ec25470810fab8ccf1333f5187a2dbb5b4f2247954f6c2795f,afaec54053472401e2da7525b34b8233c97a110a6cf8dbca3bbbdbf908ee31df,1280,720,14,0=background;1=fl_doubles;2=fl_service;3=fs_singles;4=fr_singles;5=fr_service;6=fr_doubles;7=central_zone;8=bl_doubles;9=bl_service;10=bl_singles;11=br_service;12=br_singles;13=br_doubles
badminton_zones,badminton,court_zone_segmentation,train,12.png,data/badminton_zones/images/train/12.png,data/badminton_zones/masks/train/12.png,1c36c928827d5d1d83a9deec3f023857ceaaf6ff515cc6cb687b8da5e23a333e,89cd29c8557fb4188631183e8a86bb0ddd308f0d4e615ef8afba19edf65da59c,1920,1080,14,0=background;1=fl_doubles;2=fl_service;3=fs_singles;4=fr_singles;5=fr_service;6=fr_doubles;7=central_zone;8=bl_doubles;9=bl_service;10=bl_singles;11=br_service;12=br_singles;13=br_doubles
badminton_zones,badminton,court_zone_segmentation,train,374.png,data/badminton_zones/images/train/374.png,data/badminton_zones/masks/train/374.png,1a494f091f02260bc88a0757ebd3a9d1a1062e4d45fdee2f5fd154620c5de794,254539492eb44bfc611cd50e443fbd21c329e8974027373a5200c7de82d7c13b,1920,1080,14,0=background;1=fl_doubles;2=fl_service;3=fs_singles;4=fr_singles;5=fr_service;6=fr_doubles;7=central_zone;8=bl_doubles;9=bl_service;10=bl_singles;11=br_service;12=br_singles;13=br_doubles
badminton_zones,badminton,court_zone_segmentation,train,31.png,data/badminton_zones/images/train/31.png,data/badminton_zones/masks/train/31.png,3d8eb84ab3bc3533b1a659de84f3d346f3bc09e634db4f8ca4c2e1f327ca7eba,89cd29c8557fb4188631183e8a86bb0ddd308f0d4e615ef8afba19edf65da59c,1920,1080,14,0=background;1=fl_doubles;2=fl_service;3=fs_singles;4=fr_singles;5=fr_service;6=fr_doubles;7=central_zone;8=bl_doubles;9=bl_service;10=bl_singles;11=br_service;12=br_singles;13=br_doubles
badminton_zones,badminton,court_zone_segmentation,train,26.png,data/badminton_zones/images/train/26.png,data/badminton_zones/masks/train/26.png,73ca8b6aaf683ee428d03a26e3f4e106ee7e3dc9816673a1c3a13eef8306ee19,89cd29c8557fb4188631183e8a86bb0ddd308f0d4e615ef8afba19edf65da59c,1920,1080,14,0=background;1=fl_doubles;2=fl_service;3=fs_singles;4=fr_singles;5=fr_service;6=fr_doubles;7=central_zone;8=bl_doubles;9=bl_service;10=bl_singles;11=br_service;12=br_singles;13=br_doubles
badminton_zones,badminton,court_zone_segmentation,train,264.png,data/badminton_zones/images/train/264.png,data/badminton_zones/masks/train/264.png,c925d00b41a80b0986ed5df9b3bced0d23d4dee6f27ec4e4fe125d65a6261622,5797d59c47d743dac98206945c8bff898061b42a7c232632af37b3c1b1c9c8c1,1920,1080,14,0=background;1=fl_doubles;2=fl_service;3=fs_singles;4=fr_singles;5=fr_service;6=fr_doubles;7=central_zone;8=bl_doubles;9=bl_service;10=bl_singles;11=br_service;12=br_singles;13=br_doubles
badminton_zones,badminton,court_zone_segmentation,train,1227.png,data/badminton_zones/images/train/1227.png,data/badminton_zones/masks/train/1227.png,fa25dc2dbfde48a400e49797fc6062cd6d4301202c87d1380bbb28494d0bf942,b485f3817fa572af5386bcbfed433de4e3b181d5c5d2901c323e3fcf468ef892,1280,720,14,0=background;1=fl_doubles;2=fl_service;3=fs_singles;4=fr_singles;5=fr_service;6=fr_doubles;7=central_zone;8=bl_doubles;9=bl_service;10=bl_singles;11=br_service;12=br_singles;13=br_doubles
badminton_zones,badminton,court_zone_segmentation,train,1054.png,data/badminton_zones/images/train/1054.png,data/badminton_zones/masks/train/1054.png,02aa846aae2fa8afd2ff6926bdcb8d4ad6a729da280c9143c710b95f0b847d6e,55fcb20756f8b146781dfb96f182f0dc2c44fbf2d516e8c54ec93eb5b88c511d,1920,1080,14,0=background;1=fl_doubles;2=fl_service;3=fs_singles;4=fr_singles;5=fr_service;6=fr_doubles;7=central_zone;8=bl_doubles;9=bl_service;10=bl_singles;11=br_service;12=br_singles;13=br_doubles
badminton_zones,badminton,court_zone_segmentation,train,319.png,data/badminton_zones/images/train/319.png,data/badminton_zones/masks/train/319.png,7722bd7e0443b64d7de78f1ab7d76c4bcb898b692f7797de657c0cc6201ff51f,5797d59c47d743dac98206945c8bff898061b42a7c232632af37b3c1b1c9c8c1,1920,1080,14,0=background;1=fl_doubles;2=fl_service;3=fs_singles;4=fr_singles;5=fr_service;6=fr_doubles;7=central_zone;8=bl_doubles;9=bl_service;10=bl_singles;11=br_service;12=br_singles;13=br_doubles
badminton_zones,badminton,court_zone_segmentation,train,978.png,data/badminton_zones/images/train/978.png,data/badminton_zones/masks/train/978.png,dde72dad715a67d2d4f49ff771e1dc20ecb055548ce76f94f9c20f4ec29c5b49,46692f9efbb09991f6567f8927be0fa47b99138ecadc27d093b8983c096d89b9,1920,1080,14,0=background;1=fl_doubles;2=fl_service;3=fs_singles;4=fr_singles;5=fr_service;6=fr_doubles;7=central_zone;8=bl_doubles;9=bl_service;10=bl_singles;11=br_service;12=br_singles;13=br_doubles
badminton_zones,badminton,court_zone_segmentation,train,1162.png,data/badminton_zones/images/train/1162.png,data/badminton_zones/masks/train/1162.png,122d29abc9b74ebc83d104f8a5ebf193adafe6344791ce198e9404110c3fa027,ec20403acca4e66f60e1feada3247e3d5cc428b7c439d3a1423b4f3da9af0c8a,1920,1080,14,0=background;1=fl_doubles;2=fl_service;3=fs_singles;4=fr_singles;5=fr_service;6=fr_doubles;7=central_zone;8=bl_doubles;9=bl_service;10=bl_singles;11=br_service;12=br_singles;13=br_doubles
badminton_zones,badminton,court_zone_segmentation,train,381.png,data/badminton_zones/images/train/381.png,data/badminton_zones/masks/train/381.png,525f1e6332efa055de0d6d3c384ed040a044b364ad1e253c8820828850c1e9ac,254539492eb44bfc611cd50e443fbd21c329e8974027373a5200c7de82d7c13b,1920,1080,14,0=background;1=fl_doubles;2=fl_service;3=fs_singles;4=fr_singles;5=fr_service;6=fr_doubles;7=central_zone;8=bl_doubles;9=bl_service;10=bl_singles;11=br_service;12=br_singles;13=br_doubles
badminton_zones,badminton,court_zone_segmentation,train,81.png,data/badminton_zones/images/train/81.png,data/badminton_zones/masks/train/81.png,4a2231d45aa3d71e0c9364579441ccb6fc726e11b52fdcf80ba7ea75c48d4b93,5f41e1dfd498d418573d50d1d807547ae42916064285cb16a465f62577312ab4,1920,1080,14,0=background;1=fl_doubles;2=fl_service;3=fs_singles;4=fr_singles;5=fr_service;6=fr_doubles;7=central_zone;8=bl_doubles;9=bl_service;10=bl_singles;11=br_service;12=br_singles;13=br_doubles
badminton_zones,badminton,court_zone_segmentation,train,507.png,data/badminton_zones/images/train/507.png,data/badminton_zones/masks/train/507.png,38f35ec5713bdb02d9120d846799bdcd6070f46b13181b6ed0766934f8cb70bf,71d7aa46c3dd90e02c635ecdf0ab09f6ac204a1998f52e0ee3941efcd009fbe8,1920,1080,14,0=background;1=fl_doubles;2=fl_service;3=fs_singles;4=fr_singles;5=fr_service;6=fr_doubles;7=central_zone;8=bl_doubles;9=bl_service;10=bl_singles;11=br_service;12=br_singles;13=br_doubles
badminton_zones,badminton,court_zone_segmentation,train,30.png,data/badminton_zones/images/train/30.png,data/badminton_zones/masks/train/30.png,599a60f8110caf38c62f5dc8d0f6859a3fa1a2f2e1e7d2d5f3c84a3c64283e7b,89cd29c8557fb4188631183e8a86bb0ddd308f0d4e615ef8afba19edf65da59c,1920,1080,14,0=background;1=fl_doubles;2=fl_service;3=fs_singles;4=fr_singles;5=fr_service;6=fr_doubles;7=central_zone;8=bl_doubles;9=bl_service;10=bl_singles;11=br_service;12=br_singles;13=br_doubles
badminton_zones,badminton,court_zone_segmentation,train,655.png,data/badminton_zones/images/train/655.png,data/badminton_zones/masks/train/655.png,46a1993e7951db183fbb5f8aa49bd17f2da0e47bb1c7d65de3f03dcc0b7046d4,c30faf0ca82291517a1fe8512d49ef66c51d5bc3e5f89476dfeffd460e0097d3,1920,1080,14,0=background;1=fl_doubles;2=fl_service;3=fs_singles;4=fr_singles;5=fr_service;6=fr_doubles;7=central_zone;8=bl_doubles;9=bl_service;10=bl_singles;11=br_service;12=br_singles;13=br_doubles
badminton_zones,badminton,court_zone_segmentation,train,958.png,data/badminton_zones/images/train/958.png,data/badminton_zones/masks/train/958.png,8066c7a58918b6b9e22b6f035852e5aecd4f75940f1892dd05a03b3a21af202a,5797d59c47d743dac98206945c8bff898061b42a7c232632af37b3c1b1c9c8c1,1920,1080,14,0=background;1=fl_doubles;2=fl_service;3=fs_singles;4=fr_singles;5=fr_service;6=fr_doubles;7=central_zone;8=bl_doubles;9=bl_service;10=bl_singles;11=br_service;12=br_singles;13=br_doubles
badminton_zones,badminton,court_zone_segmentation,train,1046.png,data/badminton_zones/images/train/1046.png,data/badminton_zones/masks/train/1046.png,29738423b51e16a9f93a3416317b46560b46d07d57da5def67a98e69412e0a66,55fcb20756f8b146781dfb96f182f0dc2c44fbf2d516e8c54ec93eb5b88c511d,1920,1080,14,0=background;1=fl_doubles;2=fl_service;3=fs_singles;4=fr_singles;5=fr_service;6=fr_doubles;7=central_zone;8=bl_doubles;9=bl_service;10=bl_singles;11=br_service;12=br_singles;13=br_doubles
badminton_zones,badminton,court_zone_segmentation,train,96.png,data/badminton_zones/images/train/96.png,data/badminton_zones/masks/train/96.png,42f4e72e6e907d7a1b158550ffe66415828ee61ad6f2d0dd9dae7ed2076beacd,5f41e1dfd498d418573d50d1d807547ae42916064285cb16a465f62577312ab4,1920,1080,14,0=background;1=fl_doubles;2=fl_service;3=fs_singles;4=fr_singles;5=fr_service;6=fr_doubles;7=central_zone;8=bl_doubles;9=bl_service;10=bl_singles;11=br_service;12=br_singles;13=br_doubles
badminton_zones,badminton,court_zone_segmentation,train,150.png,data/badminton_zones/images/train/150.png,data/badminton_zones/masks/train/150.png,fe6828af224d02a0279086a80e6765109ee2cf7b86f2fd60585cd968bba1f751,5797d59c47d743dac98206945c8bff898061b42a7c232632af37b3c1b1c9c8c1,1920,1080,14,0=background;1=fl_doubles;2=fl_service;3=fs_singles;4=fr_singles;5=fr_service;6=fr_doubles;7=central_zone;8=bl_doubles;9=bl_service;10=bl_singles;11=br_service;12=br_singles;13=br_doubles
badminton_zones,badminton,court_zone_segmentation,train,1068.png,data/badminton_zones/images/train/1068.png,data/badminton_zones/masks/train/1068.png,df8681f85502c4209612e33a5a810e1218c229d21b4a3545d198e471535bd898,55fcb20756f8b146781dfb96f182f0dc2c44fbf2d516e8c54ec93eb5b88c511d,1920,1080,14,0=background;1=fl_doubles;2=fl_service;3=fs_singles;4=fr_singles;5=fr_service;6=fr_doubles;7=central_zone;8=bl_doubles;9=bl_service;10=bl_singles;11=br_service;12=br_singles;13=br_doubles
badminton_zones,badminton,court_zone_segmentation,train,827.png,data/badminton_zones/images/train/827.png,data/badminton_zones/masks/train/827.png,88853f21a531019bb009e7586a7b16af54e5e6dd1a8554047d49f06eefb98deb,d04df262bee62bf1807d13666d2f7a0bbdd93a164e7ff70974c001647626e3d8,1920,1080,14,0=background;1=fl_doubles;2=fl_service;3=fs_singles;4=fr_singles;5=fr_service;6=fr_doubles;7=central_zone;8=bl_doubles;9=bl_service;10=bl_singles;11=br_service;12=br_singles;13=br_doubles
badminton_zones,badminton,court_zone_segmentation,train,971.png,data/badminton_zones/images/train/971.png,data/badminton_zones/masks/train/971.png,07bbb818928327e2fbf73e6175e3f508b377107dfafe37218ff0fc4c1347c53b,5797d59c47d743dac98206945c8bff898061b42a7c232632af37b3c1b1c9c8c1,1920,1080,14,0=background;1=fl_doubles;2=fl_service;3=fs_singles;4=fr_singles;5=fr_service;6=fr_doubles;7=central_zone;8=bl_doubles;9=bl_service;10=bl_singles;11=br_service;12=br_singles;13=br_doubles
badminton_zones,badminton,court_zone_segmentation,train,630.png,data/badminton_zones/images/train/630.png,data/badminton_zones/masks/train/630.png,5f3ed758fe45a250265dc839c3679c7e2b9d232ce5be53d582c51f7c805639f3,d99bbcef3975730b93d4b7eed3e82981b3928bdbe2e1621e58f286fb261b4c80,1280,720,14,0=background;1=fl_doubles;2=fl_service;3=fs_singles;4=fr_singles;5=fr_service;6=fr_doubles;7=central_zone;8=bl_doubles;9=bl_service;10=bl_singles;11=br_service;12=br_singles;13=br_doubles
badminton_zones,badminton,court_zone_segmentation,train,938.png,data/badminton_zones/images/train/938.png,data/badminton_zones/masks/train/938.png,0e0fb605bc1d92848cff88a9290f8faa1624f40ae2f65d0a29fcb4b65adb8249,ef028f4cabba193797859e583b3a7d3259cb180c6dff1712960e00c5303066d9,1920,1080,14,0=background;1=fl_doubles;2=fl_service;3=fs_singles;4=fr_singles;5=fr_service;6=fr_doubles;7=central_zone;8=bl_doubles;9=bl_service;10=bl_singles;11=br_service;12=br_singles;13=br_doubles
badminton_zones,badminton,court_zone_segmentation,train,162.png,data/badminton_zones/images/train/162.png,data/badminton_zones/masks/train/162.png,c742ae07187e8fa8b5a6f36af020cf2c32f627020a7da526e157ec2d066d54a6,5797d59c47d743dac98206945c8bff898061b42a7c232632af37b3c1b1c9c8c1,1920,1080,14,0=background;1=fl_doubles;2=fl_service;3=fs_singles;4=fr_singles;5=fr_service;6=fr_doubles;7=central_zone;8=bl_doubles;9=bl_service;10=bl_singles;11=br_service;12=br_singles;13=br_doubles
badminton_zones,badminton,court_zone_segmentation,train,1188.png,data/badminton_zones/images/train/1188.png,data/badminton_zones/masks/train/1188.png,f562170ae79216d6d19449cfa79498fa530e251d55730130bf11b26b51ef0d2b,5797d59c47d743dac98206945c8bff898061b42a7c232632af37b3c1b1c9c8c1,1280,720,14,0=background;1=fl_doubles;2=fl_service;3=fs_singles;4=fr_singles;5=fr_service;6=fr_doubles;7=central_zone;8=bl_doubles;9=bl_service;10=bl_singles;11=br_service;12=br_singles;13=br_doubles
badminton_zones,badminton,court_zone_segmentation,train,224.png,data/badminton_zones/images/train/224.png,data/badminton_zones/masks/train/224.png,350b5c2fc264de0eeb467e3d16f27c52b8943b288d6a34a8b4d31335758d4877,1678324581faafbb7ab576435f5e9008edecd2528c2665cbd566b0af04bbdc47,1920,1080,14,0=background;1=fl_doubles;2=fl_service;3=fs_singles;4=fr_singles;5=fr_service;6=fr_doubles;7=central_zone;8=bl_doubles;9=bl_service;10=bl_singles;11=br_service;12=br_singles;13=br_doubles
badminton_zones,badminton,court_zone_segmentation,train,1067.png,data/badminton_zones/images/train/1067.png,data/badminton_zones/masks/train/1067.png,fdbe2b8096cfd7abffd6b25df9c4befaab2722845ee6063056b9abdf2e6f2352,55fcb20756f8b146781dfb96f182f0dc2c44fbf2d516e8c54ec93eb5b88c511d,1920,1080,14,0=background;1=fl_doubles;2=fl_service;3=fs_singles;4=fr_singles;5=fr_service;6=fr_doubles;7=central_zone;8=bl_doubles;9=bl_service;10=bl_singles;11=br_service;12=br_singles;13=br_doubles
badminton_zones,badminton,court_zone_segmentation,train,1151.png,data/badminton_zones/images/train/1151.png,data/badminton_zones/masks/train/1151.png,55bd7c68c3d472955aa0a8f08b358c328787ce59ac4cbb74fcc906e285e0dc66,ec20403acca4e66f60e1feada3247e3d5cc428b7c439d3a1423b4f3da9af0c8a,1920,1080,14,0=background;1=fl_doubles;2=fl_service;3=fs_singles;4=fr_singles;5=fr_service;6=fr_doubles;7=central_zone;8=bl_doubles;9=bl_service;10=bl_singles;11=br_service;12=br_singles;13=br_doubles
badminton_zones,badminton,court_zone_segmentation,train,880.png,data/badminton_zones/images/train/880.png,data/badminton_zones/masks/train/880.png,6e66e2c88bc1f7a0f95dd714cee33b6d1ba7571b35dae182d20da8c3e3fb9105,5797d59c47d743dac98206945c8bff898061b42a7c232632af37b3c1b1c9c8c1,1920,1080,14,0=background;1=fl_doubles;2=fl_service;3=fs_singles;4=fr_singles;5=fr_service;6=fr_doubles;7=central_zone;8=bl_doubles;9=bl_service;10=bl_singles;11=br_service;12=br_singles;13=br_doubles
badminton_zones,badminton,court_zone_segmentation,train,92.png,data/badminton_zones/images/train/92.png,data/badminton_zones/masks/train/92.png,aec3c44221c56ffdc982d30cdb1058961ac754f3e968d5c845bff80b4691ac85,5f41e1dfd498d418573d50d1d807547ae42916064285cb16a465f62577312ab4,1920,1080,14,0=background;1=fl_doubles;2=fl_service;3=fs_singles;4=fr_singles;5=fr_service;6=fr_doubles;7=central_zone;8=bl_doubles;9=bl_service;10=bl_singles;11=br_service;12=br_singles;13=br_doubles
badminton_zones,badminton,court_zone_segmentation,train,265.png,data/badminton_zones/images/train/265.png,data/badminton_zones/masks/train/265.png,e30022413042ead299080a9b0750270b1a84f57490563c287f57085e3e0a6d8e,5797d59c47d743dac98206945c8bff898061b42a7c232632af37b3c1b1c9c8c1,1920,1080,14,0=background;1=fl_doubles;2=fl_service;3=fs_singles;4=fr_singles;5=fr_service;6=fr_doubles;7=central_zone;8=bl_doubles;9=bl_service;10=bl_singles;11=br_service;12=br_singles;13=br_doubles
badminton_zones,badminton,court_zone_segmentation,train,302.png,data/badminton_zones/images/train/302.png,data/badminton_zones/masks/train/302.png,b49abaa95642032d42f583810f066df11c0a565a3bf34ae54f333f76acba10d3,601d27e278b8e6335aba882d89712a3a1c6220f90849651aa2dcb783e536c2fe,1920,1080,14,0=background;1=fl_doubles;2=fl_service;3=fs_singles;4=fr_singles;5=fr_service;6=fr_doubles;7=central_zone;8=bl_doubles;9=bl_service;10=bl_singles;11=br_service;12=br_singles;13=br_doubles
badminton_zones,badminton,court_zone_segmentation,train,254.png,data/badminton_zones/images/train/254.png,data/badminton_zones/masks/train/254.png,dfd07f7c1b5ee78577908fc613a1e32f36dd803acf90a8c0f3cc19171d1157cd,5797d59c47d743dac98206945c8bff898061b42a7c232632af37b3c1b1c9c8c1,1920,1080,14,0=background;1=fl_doubles;2=fl_service;3=fs_singles;4=fr_singles;5=fr_service;6=fr_doubles;7=central_zone;8=bl_doubles;9=bl_service;10=bl_singles;11=br_service;12=br_singles;13=br_doubles
badminton_zones,badminton,court_zone_segmentation,train,1053.png,data/badminton_zones/images/train/1053.png,data/badminton_zones/masks/train/1053.png,ee8b719d11021fd50997905afc4c2e4a5288c4f512c0cf655f0e4bd4fb4c9af4,55fcb20756f8b146781dfb96f182f0dc2c44fbf2d516e8c54ec93eb5b88c511d,1920,1080,14,0=background;1=fl_doubles;2=fl_service;3=fs_singles;4=fr_singles;5=fr_service;6=fr_doubles;7=central_zone;8=bl_doubles;9=bl_service;10=bl_singles;11=br_service;12=br_singles;13=br_doubles
badminton_zones,badminton,court_zone_segmentation,train,38.png,data/badminton_zones/images/train/38.png,data/badminton_zones/masks/train/38.png,0457783f0a4dffb01077c586e0c2be78dcdf6f34491b5e01d852f5abe740c5d6,89cd29c8557fb4188631183e8a86bb0ddd308f0d4e615ef8afba19edf65da59c,1920,1080,14,0=background;1=fl_doubles;2=fl_service;3=fs_singles;4=fr_singles;5=fr_service;6=fr_doubles;7=central_zone;8=bl_doubles;9=bl_service;10=bl_singles;11=br_service;12=br_singles;13=br_doubles
badminton_zones,badminton,court_zone_segmentation,train,857.png,data/badminton_zones/images/train/857.png,data/badminton_zones/masks/train/857.png,94952c35df535086d13785d0c1003fc118deb91bc1b35af4b71c3d18ede94f88,fbf2a55a1288cbb8da1d03b688298f3d41fb1fe046abb5021ee49fe3f22ba6ba,1920,1080,14,0=background;1=fl_doubles;2=fl_service;3=fs_singles;4=fr_singles;5=fr_service;6=fr_doubles;7=central_zone;8=bl_doubles;9=bl_service;10=bl_singles;11=br_service;12=br_singles;13=br_doubles
badminton_zones,badminton,court_zone_segmentation,train,74.png,data/badminton_zones/images/train/74.png,data/badminton_zones/masks/train/74.png,5881b420a1b5af99c7c30a25aaa0f252c41f4fc3715c311c61c2853b3eec78b5,5f41e1dfd498d418573d50d1d807547ae42916064285cb16a465f62577312ab4,1920,1080,14,0=background;1=fl_doubles;2=fl_service;3=fs_singles;4=fr_singles;5=fr_service;6=fr_doubles;7=central_zone;8=bl_doubles;9=bl_service;10=bl_singles;11=br_service;12=br_singles;13=br_doubles
badminton_zones,badminton,court_zone_segmentation,train,879.png,data/badminton_zones/images/train/879.png,data/badminton_zones/masks/train/879.png,694eeecc98c3a6bdcbd6275ff711d277e6d25536368b97e75575e66bc5f83647,5797d59c47d743dac98206945c8bff898061b42a7c232632af37b3c1b1c9c8c1,1920,1080,14,0=background;1=fl_doubles;2=fl_service;3=fs_singles;4=fr_singles;5=fr_service;6=fr_doubles;7=central_zone;8=bl_doubles;9=bl_service;10=bl_singles;11=br_service;12=br_singles;13=br_doubles
badminton_zones,badminton,court_zone_segmentation,train,338.png,data/badminton_zones/images/train/338.png,data/badminton_zones/masks/train/338.png,142c498667802bcb786990c079a7053ee30d3ce2be5f4d1cf534d2386f5f6f5f,98a7a5849c8cb38c34580776ab059dfab4af362bd6a0d09814652891adfce786,1920,1080,14,0=background;1=fl_doubles;2=fl_service;3=fs_singles;4=fr_singles;5=fr_service;6=fr_doubles;7=central_zone;8=bl_doubles;9=bl_service;10=bl_singles;11=br_service;12=br_singles;13=br_doubles
badminton_zones,badminton,court_zone_segmentation,train,491.png,data/badminton_zones/images/train/491.png,data/badminton_zones/masks/train/491.png,0412e9e1e6d8ed13e7db92283a74337deee97315f8dae5f33aa8854dddfa7661,6233643c9fdd9664abe3f865617b9ee229e80c5924d8e4c94cd08526c75f624b,1280,720,14,0=background;1=fl_doubles;2=fl_service;3=fs_singles;4=fr_singles;5=fr_service;6=fr_doubles;7=central_zone;8=bl_doubles;9=bl_service;10=bl_singles;11=br_service;12=br_singles;13=br_doubles
badminton_zones,badminton,court_zone_segmentation,train,324.png,data/badminton_zones/images/train/324.png,data/badminton_zones/masks/train/324.png,237377f3d48c7d8674a80d0a8fcf1044b86bbc4da75972bb4811259285272afe,5797d59c47d743dac98206945c8bff898061b42a7c232632af37b3c1b1c9c8c1,1920,1080,14,0=background;1=fl_doubles;2=fl_service;3=fs_singles;4=fr_singles;5=fr_service;6=fr_doubles;7=central_zone;8=bl_doubles;9=bl_service;10=bl_singles;11=br_service;12=br_singles;13=br_doubles
badminton_zones,badminton,court_zone_segmentation,train,510.png,data/badminton_zones/images/train/510.png,data/badminton_zones/masks/train/510.png,75236aa7bf96ebe5fb023f0458f85220fed11c6727736a7ce1eb31a48fa9109d,71d7aa46c3dd90e02c635ecdf0ab09f6ac204a1998f52e0ee3941efcd009fbe8,1920,1080,14,0=background;1=fl_doubles;2=fl_service;3=fs_singles;4=fr_singles;5=fr_service;6=fr_doubles;7=central_zone;8=bl_doubles;9=bl_service;10=bl_singles;11=br_service;12=br_singles;13=br_doubles
badminton_zones,badminton,court_zone_segmentation,train,34.png,data/badminton_zones/images/train/34.png,data/badminton_zones/masks/train/34.png,97cfc3079c2e18c5461108a43392f9dc17348311bc106db309479a97edc5a59e,89cd29c8557fb4188631183e8a86bb0ddd308f0d4e615ef8afba19edf65da59c,1920,1080,14,0=background;1=fl_doubles;2=fl_service;3=fs_singles;4=fr_singles;5=fr_service;6=fr_doubles;7=central_zone;8=bl_doubles;9=bl_service;10=bl_singles;11=br_service;12=br_singles;13=br_doubles
badminton_zones,badminton,court_zone_segmentation,train,937.png,data/badminton_zones/images/train/937.png,data/badminton_zones/masks/train/937.png,ba941686aa6db1ba52c278cc0b8551de222ca8b2865179f2849c7d5a5da553d3,5797d59c47d743dac98206945c8bff898061b42a7c232632af37b3c1b1c9c8c1,1920,1080,14,0=background;1=fl_doubles;2=fl_service;3=fs_singles;4=fr_singles;5=fr_service;6=fr_doubles;7=central_zone;8=bl_doubles;9=bl_service;10=bl_singles;11=br_service;12=br_singles;13=br_doubles
badminton_zones,badminton,court_zone_segmentation,train,454.png,data/badminton_zones/images/train/454.png,data/badminton_zones/masks/train/454.png,81b0dcfc07316ec8ab214026fd13ed75eaea1357e18506cee50bd7ea0bc0013c,6233643c9fdd9664abe3f865617b9ee229e80c5924d8e4c94cd08526c75f624b,1280,720,14,0=background;1=fl_doubles;2=fl_service;3=fs_singles;4=fr_singles;5=fr_service;6=fr_doubles;7=central_zone;8=bl_doubles;9=bl_service;10=bl_singles;11=br_service;12=br_singles;13=br_doubles
badminton_zones,badminton,court_zone_segmentation,train,1122.png,data/badminton_zones/images/train/1122.png,data/badminton_zones/masks/train/1122.png,48a08136e030d3b59317a2b2ffdfca7a5474e59ecb2fad3bfbf86d8003c71d24,ec20403acca4e66f60e1feada3247e3d5cc428b7c439d3a1423b4f3da9af0c8a,1920,1080,14,0=background;1=fl_doubles;2=fl_service;3=fs_singles;4=fr_singles;5=fr_service;6=fr_doubles;7=central_zone;8=bl_doubles;9=bl_service;10=bl_singles;11=br_service;12=br_singles;13=br_doubles
badminton_zones,badminton,court_zone_segmentation,train,52.png,data/badminton_zones/images/train/52.png,data/badminton_zones/masks/train/52.png,44cac373fa3388740e7c88736c519f15ce6995787f39b54d59ea20a739dbfa90,89cd29c8557fb4188631183e8a86bb0ddd308f0d4e615ef8afba19edf65da59c,1920,1080,14,0=background;1=fl_doubles;2=fl_service;3=fs_singles;4=fr_singles;5=fr_service;6=fr_doubles;7=central_zone;8=bl_doubles;9=bl_service;10=bl_singles;11=br_service;12=br_singles;13=br_doubles
badminton_zones,badminton,court_zone_segmentation,train,1030.png,data/badminton_zones/images/train/1030.png,data/badminton_zones/masks/train/1030.png,19928fa03181dcad372709a2cea795c439962d5b117f9e8809a4660e0dc102b1,5797d59c47d743dac98206945c8bff898061b42a7c232632af37b3c1b1c9c8c1,1920,1080,14,0=background;1=fl_doubles;2=fl_service;3=fs_singles;4=fr_singles;5=fr_service;6=fr_doubles;7=central_zone;8=bl_doubles;9=bl_service;10=bl_singles;11=br_service;12=br_singles;13=br_doubles
badminton_zones,badminton,court_zone_segmentation,train,500.png,data/badminton_zones/images/train/500.png,data/badminton_zones/masks/train/500.png,cb75c8a52084cb6a929372d0c599a5205e8606b788a7c2bb8c4c93d92eea383b,71d7aa46c3dd90e02c635ecdf0ab09f6ac204a1998f52e0ee3941efcd009fbe8,1920,1080,14,0=background;1=fl_doubles;2=fl_service;3=fs_singles;4=fr_singles;5=fr_service;6=fr_doubles;7=central_zone;8=bl_doubles;9=bl_service;10=bl_singles;11=br_service;12=br_singles;13=br_doubles
badminton_zones,badminton,court_zone_segmentation,train,917.png,data/badminton_zones/images/train/917.png,data/badminton_zones/masks/train/917.png,6fe45dad6a3273a95f35a4af6b986df66a59aecc0b1133bdf91a65ad6080e8c3,5797d59c47d743dac98206945c8bff898061b42a7c232632af37b3c1b1c9c8c1,1920,1080,14,0=background;1=fl_doubles;2=fl_service;3=fs_singles;4=fr_singles;5=fr_service;6=fr_doubles;7=central_zone;8=bl_doubles;9=bl_service;10=bl_singles;11=br_service;12=br_singles;13=br_doubles
badminton_zones,badminton,court_zone_segmentation,train,985.png,data/badminton_zones/images/train/985.png,data/badminton_zones/masks/train/985.png,0446f6be501dad3d1da7fb33d3edb8b960a3789dba9f1d31641fed1d49f13447,46692f9efbb09991f6567f8927be0fa47b99138ecadc27d093b8983c096d89b9,1920,1080,14,0=background;1=fl_doubles;2=fl_service;3=fs_singles;4=fr_singles;5=fr_service;6=fr_doubles;7=central_zone;8=bl_doubles;9=bl_service;10=bl_singles;11=br_service;12=br_singles;13=br_doubles
badminton_zones,badminton,court_zone_segmentation,train,398.png,data/badminton_zones/images/train/398.png,data/badminton_zones/masks/train/398.png,43dd397ff03addb7095450c6f24e1c8bb92eea4ee6a231304dd50bb144ae4d56,254539492eb44bfc611cd50e443fbd21c329e8974027373a5200c7de82d7c13b,1920,1080,14,0=background;1=fl_doubles;2=fl_service;3=fs_singles;4=fr_singles;5=fr_service;6=fr_doubles;7=central_zone;8=bl_doubles;9=bl_service;10=bl_singles;11=br_service;12=br_singles;13=br_doubles
badminton_zones,badminton,court_zone_segmentation,train,115.png,data/badminton_zones/images/train/115.png,data/badminton_zones/masks/train/115.png,6821249651041df33538f4429cada1c79bc29df59dd94f333762b543698c91c5,f585198f1d1d4b104681833a1991cf1970c8c5a73b848959c4b3825aaaf9cd9b,1920,1080,14,0=background;1=fl_doubles;2=fl_service;3=fs_singles;4=fr_singles;5=fr_service;6=fr_doubles;7=central_zone;8=bl_doubles;9=bl_service;10=bl_singles;11=br_service;12=br_singles;13=br_doubles
badminton_zones,badminton,court_zone_segmentation,train,349.png,data/badminton_zones/images/train/349.png,data/badminton_zones/masks/train/349.png,452e57bae8d0168868427f18879e9ed9f55c73c793362a19de1976bc2c60f7de,5797d59c47d743dac98206945c8bff898061b42a7c232632af37b3c1b1c9c8c1,1920,1080,14,0=background;1=fl_doubles;2=fl_service;3=fs_singles;4=fr_singles;5=fr_service;6=fr_doubles;7=central_zone;8=bl_doubles;9=bl_service;10=bl_singles;11=br_service;12=br_singles;13=br_doubles
badminton_zones,badminton,court_zone_segmentation,train,372.png,data/badminton_zones/images/train/372.png,data/badminton_zones/masks/train/372.png,767ca2d2b5f1f27b8896083cdd9e9fceda31aee8dff71c84674881eea9e58924,254539492eb44bfc611cd50e443fbd21c329e8974027373a5200c7de82d7c13b,1920,1080,14,0=background;1=fl_doubles;2=fl_service;3=fs_singles;4=fr_singles;5=fr_service;6=fr_doubles;7=central_zone;8=bl_doubles;9=bl_service;10=bl_singles;11=br_service;12=br_singles;13=br_doubles
badminton_zones,badminton,court_zone_segmentation,train,1167.png,data/badminton_zones/images/train/1167.png,data/badminton_zones/masks/train/1167.png,d9515a13efabce6331c1a6cd53eeda97c4a3d234f428e5febdf5dae4746bbb27,5797d59c47d743dac98206945c8bff898061b42a7c232632af37b3c1b1c9c8c1,1920,1080,14,0=background;1=fl_doubles;2=fl_service;3=fs_singles;4=fr_singles;5=fr_service;6=fr_doubles;7=central_zone;8=bl_doubles;9=bl_service;10=bl_singles;11=br_service;12=br_singles;13=br_doubles
badminton_zones,badminton,court_zone_segmentation,train,1065.png,data/badminton_zones/images/train/1065.png,data/badminton_zones/masks/train/1065.png,a35892e007e23c93c9b74b331305047b8e74d4a29eda9425d918feca84ab7cea,55fcb20756f8b146781dfb96f182f0dc2c44fbf2d516e8c54ec93eb5b88c511d,1920,1080,14,0=background;1=fl_doubles;2=fl_service;3=fs_singles;4=fr_singles;5=fr_service;6=fr_doubles;7=central_zone;8=bl_doubles;9=bl_service;10=bl_singles;11=br_service;12=br_singles;13=br_doubles
badminton_zones,badminton,court_zone_segmentation,train,1103.png,data/badminton_zones/images/train/1103.png,data/badminton_zones/masks/train/1103.png,01d3adade3c21e9279aaff1771b62f86982849914f21d9e5d19f2b0c621444e4,ec20403acca4e66f60e1feada3247e3d5cc428b7c439d3a1423b4f3da9af0c8a,1920,1080,14,0=background;1=fl_doubles;2=fl_service;3=fs_singles;4=fr_singles;5=fr_service;6=fr_doubles;7=central_zone;8=bl_doubles;9=bl_service;10=bl_singles;11=br_service;12=br_singles;13=br_doubles
badminton_zones,badminton,court_zone_segmentation,train,340.png,data/badminton_zones/images/train/340.png,data/badminton_zones/masks/train/340.png,4359e26ec816648aa9ae5004852f3f37316f10cea29543258a4a58a07a8d835a,98a7a5849c8cb38c34580776ab059dfab4af362bd6a0d09814652891adfce786,1920,1080,14,0=background;1=fl_doubles;2=fl_service;3=fs_singles;4=fr_singles;5=fr_service;6=fr_doubles;7=central_zone;8=bl_doubles;9=bl_service;10=bl_singles;11=br_service;12=br_singles;13=br_doubles
badminton_zones,badminton,court_zone_segmentation,train,788.png,data/badminton_zones/images/train/788.png,data/badminton_zones/masks/train/788.png,1210042a33f625815ddd6bb0aa61a5c08b63d3a3c064613c015d5105883dd5a7,d04df262bee62bf1807d13666d2f7a0bbdd93a164e7ff70974c001647626e3d8,1920,1080,14,0=background;1=fl_doubles;2=fl_service;3=fs_singles;4=fr_singles;5=fr_service;6=fr_doubles;7=central_zone;8=bl_doubles;9=bl_service;10=bl_singles;11=br_service;12=br_singles;13=br_doubles
badminton_zones,badminton,court_zone_segmentation,train,1114.png,data/badminton_zones/images/train/1114.png,data/badminton_zones/masks/train/1114.png,91d9d5d6e2b735ad4ee9f366ac4bb0cb291443ffac1bcde38f0b9f75afb3d13b,ec20403acca4e66f60e1feada3247e3d5cc428b7c439d3a1423b4f3da9af0c8a,1920,1080,14,0=background;1=fl_doubles;2=fl_service;3=fs_singles;4=fr_singles;5=fr_service;6=fr_doubles;7=central_zone;8=bl_doubles;9=bl_service;10=bl_singles;11=br_service;12=br_singles;13=br_doubles
badminton_zones,badminton,court_zone_segmentation,train,20.png,data/badminton_zones/images/train/20.png,data/badminton_zones/masks/train/20.png,8f3e09d1dee543c4acf689a6f7bba7580d089714c396558e67cfc0d33386e162,89cd29c8557fb4188631183e8a86bb0ddd308f0d4e615ef8afba19edf65da59c,1920,1080,14,0=background;1=fl_doubles;2=fl_service;3=fs_singles;4=fr_singles;5=fr_service;6=fr_doubles;7=central_zone;8=bl_doubles;9=bl_service;10=bl_singles;11=br_service;12=br_singles;13=br_doubles
badminton_zones,badminton,court_zone_segmentation,train,966.png,data/badminton_zones/images/train/966.png,data/badminton_zones/masks/train/966.png,88c45d438016d361132e8a8b3a9240e77a599f6a7b741ef51ba22c71c42c3f5e,46692f9efbb09991f6567f8927be0fa47b99138ecadc27d093b8983c096d89b9,1920,1080,14,0=background;1=fl_doubles;2=fl_service;3=fs_singles;4=fr_singles;5=fr_service;6=fr_doubles;7=central_zone;8=bl_doubles;9=bl_service;10=bl_singles;11=br_service;12=br_singles;13=br_doubles
badminton_zones,badminton,court_zone_segmentation,train,810.png,data/badminton_zones/images/train/810.png,data/badminton_zones/masks/train/810.png,c4bde539adffc9b71278db1c9da0e5a1d6503fcc72017100c5d3a33bc133e350,d04df262bee62bf1807d13666d2f7a0bbdd93a164e7ff70974c001647626e3d8,1920,1080,14,0=background;1=fl_doubles;2=fl_service;3=fs_singles;4=fr_singles;5=fr_service;6=fr_doubles;7=central_zone;8=bl_doubles;9=bl_service;10=bl_singles;11=br_service;12=br_singles;13=br_doubles
badminton_zones,badminton,court_zone_segmentation,train,91.png,data/badminton_zones/images/train/91.png,data/badminton_zones/masks/train/91.png,2666f69a8695176672679facadd9c38e4086b5f4c3d529f084b65d7d6ca6f497,5f41e1dfd498d418573d50d1d807547ae42916064285cb16a465f62577312ab4,1920,1080,14,0=background;1=fl_doubles;2=fl_service;3=fs_singles;4=fr_singles;5=fr_service;6=fr_doubles;7=central_zone;8=bl_doubles;9=bl_service;10=bl_singles;11=br_service;12=br_singles;13=br_doubles
badminton_zones,badminton,court_zone_segmentation,train,964.png,data/badminton_zones/images/train/964.png,data/badminton_zones/masks/train/964.png,eed7efec2c9d2863d7683e9c53089a218be06fd14433b5ea603577e9ef61354e,46692f9efbb09991f6567f8927be0fa47b99138ecadc27d093b8983c096d89b9,1920,1080,14,0=background;1=fl_doubles;2=fl_service;3=fs_singles;4=fr_singles;5=fr_service;6=fr_doubles;7=central_zone;8=bl_doubles;9=bl_service;10=bl_singles;11=br_service;12=br_singles;13=br_doubles
badminton_zones,badminton,court_zone_segmentation,train,106.png,data/badminton_zones/images/train/106.png,data/badminton_zones/masks/train/106.png,c681d22c74e720ee845f675e37000ed792bd26c5a4963b192b5d72a46e6f6a1f,5797d59c47d743dac98206945c8bff898061b42a7c232632af37b3c1b1c9c8c1,1920,1080,14,0=background;1=fl_doubles;2=fl_service;3=fs_singles;4=fr_singles;5=fr_service;6=fr_doubles;7=central_zone;8=bl_doubles;9=bl_service;10=bl_singles;11=br_service;12=br_singles;13=br_doubles
badminton_zones,badminton,court_zone_segmentation,train,230.png,data/badminton_zones/images/train/230.png,data/badminton_zones/masks/train/230.png,c46982d514b60e0818e3f161675c6bb35f732789feaecb6ba319cbab7e70a9ec,5797d59c47d743dac98206945c8bff898061b42a7c232632af37b3c1b1c9c8c1,1920,1080,14,0=background;1=fl_doubles;2=fl_service;3=fs_singles;4=fr_singles;5=fr_service;6=fr_doubles;7=central_zone;8=bl_doubles;9=bl_service;10=bl_singles;11=br_service;12=br_singles;13=br_doubles
badminton_zones,badminton,court_zone_segmentation,train,376.png,data/badminton_zones/images/train/376.png,data/badminton_zones/masks/train/376.png,168335be17bf5ca4abc5f6de7d6bb39b667450dc239d22987b7ec41760b8e059,254539492eb44bfc611cd50e443fbd21c329e8974027373a5200c7de82d7c13b,1920,1080,14,0=background;1=fl_doubles;2=fl_service;3=fs_singles;4=fr_singles;5=fr_service;6=fr_doubles;7=central_zone;8=bl_doubles;9=bl_service;10=bl_singles;11=br_service;12=br_singles;13=br_doubles
badminton_zones,badminton,court_zone_segmentation,train,27.png,data/badminton_zones/images/train/27.png,data/badminton_zones/masks/train/27.png,9340f145361175bc3a9ca524c525daab0577d4bf0e0857a3c73a442d58946aa4,5797d59c47d743dac98206945c8bff898061b42a7c232632af37b3c1b1c9c8c1,1920,1080,14,0=background;1=fl_doubles;2=fl_service;3=fs_singles;4=fr_singles;5=fr_service;6=fr_doubles;7=central_zone;8=bl_doubles;9=bl_service;10=bl_singles;11=br_service;12=br_singles;13=br_doubles
badminton_zones,badminton,court_zone_segmentation,train,564.png,data/badminton_zones/images/train/564.png,data/badminton_zones/masks/train/564.png,c0c9c7e0622425b88759d031bc25e7ef810b551f4ca326e0b256a2f1ca9c948d,70e1a442f5261219e46ae45ecb6788a0a2865c6afc6453bf8479539e883e1922,1920,1080,14,0=background;1=fl_doubles;2=fl_service;3=fs_singles;4=fr_singles;5=fr_service;6=fr_doubles;7=central_zone;8=bl_doubles;9=bl_service;10=bl_singles;11=br_service;12=br_singles;13=br_doubles
badminton_zones,badminton,court_zone_segmentation,train,406.png,data/badminton_zones/images/train/406.png,data/badminton_zones/masks/train/406.png,e6f08795a019775454f9ea5fdfec682a5c335a1cd5e704a9aa7d2cf84ef63ed0,c30faf0ca82291517a1fe8512d49ef66c51d5bc3e5f89476dfeffd460e0097d3,1920,1080,14,0=background;1=fl_doubles;2=fl_service;3=fs_singles;4=fr_singles;5=fr_service;6=fr_doubles;7=central_zone;8=bl_doubles;9=bl_service;10=bl_singles;11=br_service;12=br_singles;13=br_doubles
badminton_zones,badminton,court_zone_segmentation,train,482.png,data/badminton_zones/images/train/482.png,data/badminton_zones/masks/train/482.png,7e874c1e705e00bac2d1c4d4cb9529204437e306ec7060e16dd60672d4a50014,6233643c9fdd9664abe3f865617b9ee229e80c5924d8e4c94cd08526c75f624b,1280,720,14,0=background;1=fl_doubles;2=fl_service;3=fs_singles;4=fr_singles;5=fr_service;6=fr_doubles;7=central_zone;8=bl_doubles;9=bl_service;10=bl_singles;11=br_service;12=br_singles;13=br_doubles
badminton_zones,badminton,court_zone_segmentation,train,1116.png,data/badminton_zones/images/train/1116.png,data/badminton_zones/masks/train/1116.png,47cd754107dda913a13c5b531f8eec4af7a375f0aba66b05ecd5d841da1e33d0,ec20403acca4e66f60e1feada3247e3d5cc428b7c439d3a1423b4f3da9af0c8a,1920,1080,14,0=background;1=fl_doubles;2=fl_service;3=fs_singles;4=fr_singles;5=fr_service;6=fr_doubles;7=central_zone;8=bl_doubles;9=bl_service;10=bl_singles;11=br_service;12=br_singles;13=br_doubles
badminton_zones,badminton,court_zone_segmentation,train,57.png,data/badminton_zones/images/train/57.png,data/badminton_zones/masks/train/57.png,edd8ce94d431c89c16d41b3629d2c5605b107212107123447c7ae9d20814e263,89cd29c8557fb4188631183e8a86bb0ddd308f0d4e615ef8afba19edf65da59c,1920,1080,14,0=background;1=fl_doubles;2=fl_service;3=fs_singles;4=fr_singles;5=fr_service;6=fr_doubles;7=central_zone;8=bl_doubles;9=bl_service;10=bl_singles;11=br_service;12=br_singles;13=br_doubles
badminton_zones,badminton,court_zone_segmentation,train,598.png,data/badminton_zones/images/train/598.png,data/badminton_zones/masks/train/598.png,647e11bc5725d6edca96f428e61c69dd9e488391a3505da924bd28b53b4393d4,70e1a442f5261219e46ae45ecb6788a0a2865c6afc6453bf8479539e883e1922,1920,1080,14,0=background;1=fl_doubles;2=fl_service;3=fs_singles;4=fr_singles;5=fr_service;6=fr_doubles;7=central_zone;8=bl_doubles;9=bl_service;10=bl_singles;11=br_service;12=br_singles;13=br_doubles
badminton_zones,badminton,court_zone_segmentation,val,1295.png,data/badminton_zones/images/val/1295.png,data/badminton_zones/masks/val/1295.png,3f5d820fe248f7dad004fdf5119937a55afc50208570b464c4ea549a2e5b43b8,90e4e44b5e1af578d1970acebab13a738a6361f2ad8ae4c9ab60f8139037d6a3,1920,1080,14,0=background;1=fl_doubles;2=fl_service;3=fs_singles;4=fr_singles;5=fr_service;6=fr_doubles;7=central_zone;8=bl_doubles;9=bl_service;10=bl_singles;11=br_service;12=br_singles;13=br_doubles
badminton_zones,badminton,court_zone_segmentation,val,1344.png,data/badminton_zones/images/val/1344.png,data/badminton_zones/masks/val/1344.png,c5e2761b3a75a32ebbb48557239f584befd9e89f089f8420b4b959903cb0e842,5797d59c47d743dac98206945c8bff898061b42a7c232632af37b3c1b1c9c8c1,1920,1080,14,0=background;1=fl_doubles;2=fl_service;3=fs_singles;4=fr_singles;5=fr_service;6=fr_doubles;7=central_zone;8=bl_doubles;9=bl_service;10=bl_singles;11=br_service;12=br_singles;13=br_doubles
badminton_zones,badminton,court_zone_segmentation,val,1278.png,data/badminton_zones/images/val/1278.png,data/badminton_zones/masks/val/1278.png,2f1463692957036b34ca017cb7d31de24bdb6f1a3775c7d9f94ab175deabba53,90e4e44b5e1af578d1970acebab13a738a6361f2ad8ae4c9ab60f8139037d6a3,1920,1080,14,0=background;1=fl_doubles;2=fl_service;3=fs_singles;4=fr_singles;5=fr_service;6=fr_doubles;7=central_zone;8=bl_doubles;9=bl_service;10=bl_singles;11=br_service;12=br_singles;13=br_doubles
badminton_zones,badminton,court_zone_segmentation,val,1342.png,data/badminton_zones/images/val/1342.png,data/badminton_zones/masks/val/1342.png,2893a5b4565b1463361877bd9a4935b85efbefcbe9991c9091101e46c3857cf8,ad78a482ee9a34d2e06a129a7288540d80cc6adb6f686bd6b67ff72219c5677c,1920,1080,14,0=background;1=fl_doubles;2=fl_service;3=fs_singles;4=fr_singles;5=fr_service;6=fr_doubles;7=central_zone;8=bl_doubles;9=bl_service;10=bl_singles;11=br_service;12=br_singles;13=br_doubles
badminton_zones,badminton,court_zone_segmentation,val,1254.png,data/badminton_zones/images/val/1254.png,data/badminton_zones/masks/val/1254.png,040306bb85602a69a9690a30b648415a7e782466b86a0eb08cedef42d2b0e299,5797d59c47d743dac98206945c8bff898061b42a7c232632af37b3c1b1c9c8c1,1920,1080,14,0=background;1=fl_doubles;2=fl_service;3=fs_singles;4=fr_singles;5=fr_service;6=fr_doubles;7=central_zone;8=bl_doubles;9=bl_service;10=bl_singles;11=br_service;12=br_singles;13=br_doubles
badminton_zones,badminton,court_zone_segmentation,val,1245.png,data/badminton_zones/images/val/1245.png,data/badminton_zones/masks/val/1245.png,8fc6c72f88fa885042a7a53f78d52a23f1891f91f5a9f51852bf5d8521eb27be,90e4e44b5e1af578d1970acebab13a738a6361f2ad8ae4c9ab60f8139037d6a3,1920,1080,14,0=background;1=fl_doubles;2=fl_service;3=fs_singles;4=fr_singles;5=fr_service;6=fr_doubles;7=central_zone;8=bl_doubles;9=bl_service;10=bl_singles;11=br_service;12=br_singles;13=br_doubles
badminton_zones,badminton,court_zone_segmentation,val,1378.png,data/badminton_zones/images/val/1378.png,data/badminton_zones/masks/val/1378.png,3517adf1e5d27399c363296cdaf9cb0018690fb8ec3b522fac77223e89b34bb7,ad78a482ee9a34d2e06a129a7288540d80cc6adb6f686bd6b67ff72219c5677c,1920,1080,14,0=background;1=fl_doubles;2=fl_service;3=fs_singles;4=fr_singles;5=fr_service;6=fr_doubles;7=central_zone;8=bl_doubles;9=bl_service;10=bl_singles;11=br_service;12=br_singles;13=br_doubles
badminton_zones,badminton,court_zone_segmentation,val,1257.png,data/badminton_zones/images/val/1257.png,data/badminton_zones/masks/val/1257.png,c31e8a01252b46284168e8920c06fc5e715fc9fc885de78530d26a1c226d8ed0,90e4e44b5e1af578d1970acebab13a738a6361f2ad8ae4c9ab60f8139037d6a3,1920,1080,14,0=background;1=fl_doubles;2=fl_service;3=fs_singles;4=fr_singles;5=fr_service;6=fr_doubles;7=central_zone;8=bl_doubles;9=bl_service;10=bl_singles;11=br_service;12=br_singles;13=br_doubles
badminton_zones,badminton,court_zone_segmentation,val,1376.png,data/badminton_zones/images/val/1376.png,data/badminton_zones/masks/val/1376.png,5ba643687bb4d20ffc5765599a47c2e41cc318bfb9f83010945688907822b576,ad78a482ee9a34d2e06a129a7288540d80cc6adb6f686bd6b67ff72219c5677c,1920,1080,14,0=background;1=fl_doubles;2=fl_service;3=fs_singles;4=fr_singles;5=fr_service;6=fr_doubles;7=central_zone;8=bl_doubles;9=bl_service;10=bl_singles;11=br_service;12=br_singles;13=br_doubles
badminton_zones,badminton,court_zone_segmentation,val,1410.png,data/badminton_zones/images/val/1410.png,data/badminton_zones/masks/val/1410.png,10d064ff9abe023a7699ffb687f20c93b91f73d9f6e360c9173a305ad63345dc,5797d59c47d743dac98206945c8bff898061b42a7c232632af37b3c1b1c9c8c1,1920,1080,14,0=background;1=fl_doubles;2=fl_service;3=fs_singles;4=fr_singles;5=fr_service;6=fr_doubles;7=central_zone;8=bl_doubles;9=bl_service;10=bl_singles;11=br_service;12=br_singles;13=br_doubles
badminton_zones,badminton,court_zone_segmentation,val,1349.png,data/badminton_zones/images/val/1349.png,data/badminton_zones/masks/val/1349.png,d062c0d9e5ea663f88f9b8914b6acaffb514507b1702204fcdba3f447e68e8c3,ad78a482ee9a34d2e06a129a7288540d80cc6adb6f686bd6b67ff72219c5677c,1920,1080,14,0=background;1=fl_doubles;2=fl_service;3=fs_singles;4=fr_singles;5=fr_service;6=fr_doubles;7=central_zone;8=bl_doubles;9=bl_service;10=bl_singles;11=br_service;12=br_singles;13=br_doubles
badminton_zones,badminton,court_zone_segmentation,val,1282.png,data/badminton_zones/images/val/1282.png,data/badminton_zones/masks/val/1282.png,105148bf9ba95a9265e15d2d03112cde6c326b143cec671b20d3ce871b9f87fe,5797d59c47d743dac98206945c8bff898061b42a7c232632af37b3c1b1c9c8c1,1920,1080,14,0=background;1=fl_doubles;2=fl_service;3=fs_singles;4=fr_singles;5=fr_service;6=fr_doubles;7=central_zone;8=bl_doubles;9=bl_service;10=bl_singles;11=br_service;12=br_singles;13=br_doubles
badminton_zones,badminton,court_zone_segmentation,val,1360.png,data/badminton_zones/images/val/1360.png,data/badminton_zones/masks/val/1360.png,ba4b8e767de51166747e4db575b208dd6ef53d77653f0879d3812119dbbe6ad7,ad78a482ee9a34d2e06a129a7288540d80cc6adb6f686bd6b67ff72219c5677c,1920,1080,14,0=background;1=fl_doubles;2=fl_service;3=fs_singles;4=fr_singles;5=fr_service;6=fr_doubles;7=central_zone;8=bl_doubles;9=bl_service;10=bl_singles;11=br_service;12=br_singles;13=br_doubles
badminton_zones,badminton,court_zone_segmentation,val,1247.png,data/badminton_zones/images/val/1247.png,data/badminton_zones/masks/val/1247.png,83d47cefb039a75a62e992cb3386692fc6ad17cfc4c64e176b15aa73bad86ebd,5797d59c47d743dac98206945c8bff898061b42a7c232632af37b3c1b1c9c8c1,1920,1080,14,0=background;1=fl_doubles;2=fl_service;3=fs_singles;4=fr_singles;5=fr_service;6=fr_doubles;7=central_zone;8=bl_doubles;9=bl_service;10=bl_singles;11=br_service;12=br_singles;13=br_doubles
badminton_zones,badminton,court_zone_segmentation,val,1324.png,data/badminton_zones/images/val/1324.png,data/badminton_zones/masks/val/1324.png,5258c5614fb91529fdeb74e54795cea5b771287ebc646e840add42866221aeaf,90e4e44b5e1af578d1970acebab13a738a6361f2ad8ae4c9ab60f8139037d6a3,1920,1080,14,0=background;1=fl_doubles;2=fl_service;3=fs_singles;4=fr_singles;5=fr_service;6=fr_doubles;7=central_zone;8=bl_doubles;9=bl_service;10=bl_singles;11=br_service;12=br_singles;13=br_doubles
badminton_zones,badminton,court_zone_segmentation,val,1260.png,data/badminton_zones/images/val/1260.png,data/badminton_zones/masks/val/1260.png,1f09481ab5662b6395b06559ac4318f6aceff0291e4a6df54edf2893259d6b7c,5797d59c47d743dac98206945c8bff898061b42a7c232632af37b3c1b1c9c8c1,1920,1080,14,0=background;1=fl_doubles;2=fl_service;3=fs_singles;4=fr_singles;5=fr_service;6=fr_doubles;7=central_zone;8=bl_doubles;9=bl_service;10=bl_singles;11=br_service;12=br_singles;13=br_doubles
badminton_zones,badminton,court_zone_segmentation,val,1341.png,data/badminton_zones/images/val/1341.png,data/badminton_zones/masks/val/1341.png,b6b2ff161693204c12c4afa2801cacba173e2d425cd49436b774ac40943d3c8c,5797d59c47d743dac98206945c8bff898061b42a7c232632af37b3c1b1c9c8c1,1920,1080,14,0=background;1=fl_doubles;2=fl_service;3=fs_singles;4=fr_singles;5=fr_service;6=fr_doubles;7=central_zone;8=bl_doubles;9=bl_service;10=bl_singles;11=br_service;12=br_singles;13=br_doubles
badminton_zones,badminton,court_zone_segmentation,val,1405.png,data/badminton_zones/images/val/1405.png,data/badminton_zones/masks/val/1405.png,ddcb47a1953b567a212fcc2659737f1b046dfdae4158317cb54e75c66c496a0b,5797d59c47d743dac98206945c8bff898061b42a7c232632af37b3c1b1c9c8c1,1920,1080,14,0=background;1=fl_doubles;2=fl_service;3=fs_singles;4=fr_singles;5=fr_service;6=fr_doubles;7=central_zone;8=bl_doubles;9=bl_service;10=bl_singles;11=br_service;12=br_singles;13=br_doubles
badminton_zones,badminton,court_zone_segmentation,val,1332.png,data/badminton_zones/images/val/1332.png,data/badminton_zones/masks/val/1332.png,1dcbbcd762ef98e3a7775b2216de9e251edf4fe7d4e64aeffa70bab4e4bb33e2,ad78a482ee9a34d2e06a129a7288540d80cc6adb6f686bd6b67ff72219c5677c,1920,1080,14,0=background;1=fl_doubles;2=fl_service;3=fs_singles;4=fr_singles;5=fr_service;6=fr_doubles;7=central_zone;8=bl_doubles;9=bl_service;10=bl_singles;11=br_service;12=br_singles;13=br_doubles
badminton_zones,badminton,court_zone_segmentation,val,1270.png,data/badminton_zones/images/val/1270.png,data/badminton_zones/masks/val/1270.png,8627f276aebdc92a6b09485ead132575fb7cd261b26ed462f872688aab536c6a,5797d59c47d743dac98206945c8bff898061b42a7c232632af37b3c1b1c9c8c1,1920,1080,14,0=background;1=fl_doubles;2=fl_service;3=fs_singles;4=fr_singles;5=fr_service;6=fr_doubles;7=central_zone;8=bl_doubles;9=bl_service;10=bl_singles;11=br_service;12=br_singles;13=br_doubles
badminton_zones,badminton,court_zone_segmentation,val,1435.png,data/badminton_zones/images/val/1435.png,data/badminton_zones/masks/val/1435.png,5770e688339966dfe00dc9460e5f7fe20d00f3ece02cbf37143c78b90b94d63a,7da3d7f3127d5f58b29ffc5730fe601204b62e3a5c5e9fb6c0f626ab5f8726e7,1920,1080,14,0=background;1=fl_doubles;2=fl_service;3=fs_singles;4=fr_singles;5=fr_service;6=fr_doubles;7=central_zone;8=bl_doubles;9=bl_service;10=bl_singles;11=br_service;12=br_singles;13=br_doubles
badminton_zones,badminton,court_zone_segmentation,val,1430.png,data/badminton_zones/images/val/1430.png,data/badminton_zones/masks/val/1430.png,125b754242f41274c55d0de8d18e88d98b222439b39245d031ad3a8ce8bc845d,7da3d7f3127d5f58b29ffc5730fe601204b62e3a5c5e9fb6c0f626ab5f8726e7,1920,1080,14,0=background;1=fl_doubles;2=fl_service;3=fs_singles;4=fr_singles;5=fr_service;6=fr_doubles;7=central_zone;8=bl_doubles;9=bl_service;10=bl_singles;11=br_service;12=br_singles;13=br_doubles
badminton_zones,badminton,court_zone_segmentation,val,1448.png,data/badminton_zones/images/val/1448.png,data/badminton_zones/masks/val/1448.png,380836d06bb42eb50bf25de99a3efdbdbaa9d4bb531d0306b633b854cbb6e9d5,5797d59c47d743dac98206945c8bff898061b42a7c232632af37b3c1b1c9c8c1,1920,1080,14,0=background;1=fl_doubles;2=fl_service;3=fs_singles;4=fr_singles;5=fr_service;6=fr_doubles;7=central_zone;8=bl_doubles;9=bl_service;10=bl_singles;11=br_service;12=br_singles;13=br_doubles
badminton_zones,badminton,court_zone_segmentation,val,1439.png,data/badminton_zones/images/val/1439.png,data/badminton_zones/masks/val/1439.png,19140a0dc5e5fda101305b14c9483919a40359b62e0cc0897f96437fd27324c5,7da3d7f3127d5f58b29ffc5730fe601204b62e3a5c5e9fb6c0f626ab5f8726e7,1920,1080,14,0=background;1=fl_doubles;2=fl_service;3=fs_singles;4=fr_singles;5=fr_service;6=fr_doubles;7=central_zone;8=bl_doubles;9=bl_service;10=bl_singles;11=br_service;12=br_singles;13=br_doubles
badminton_zones,badminton,court_zone_segmentation,val,1291.png,data/badminton_zones/images/val/1291.png,data/badminton_zones/masks/val/1291.png,2a869075eb34fcf54bd2afe48f83db1d251d9dd4b7fa141e297b591d8235d9b8,5797d59c47d743dac98206945c8bff898061b42a7c232632af37b3c1b1c9c8c1,1920,1080,14,0=background;1=fl_doubles;2=fl_service;3=fs_singles;4=fr_singles;5=fr_service;6=fr_doubles;7=central_zone;8=bl_doubles;9=bl_service;10=bl_singles;11=br_service;12=br_singles;13=br_doubles
badminton_zones,badminton,court_zone_segmentation,val,1442.png,data/badminton_zones/images/val/1442.png,data/badminton_zones/masks/val/1442.png,0f067af7e51018f698f98b318c8c5636355308414cf0c3ea87e5957f34ec0cd0,7da3d7f3127d5f58b29ffc5730fe601204b62e3a5c5e9fb6c0f626ab5f8726e7,1920,1080,14,0=background;1=fl_doubles;2=fl_service;3=fs_singles;4=fr_singles;5=fr_service;6=fr_doubles;7=central_zone;8=bl_doubles;9=bl_service;10=bl_singles;11=br_service;12=br_singles;13=br_doubles
badminton_zones,badminton,court_zone_segmentation,val,1277.png,data/badminton_zones/images/val/1277.png,data/badminton_zones/masks/val/1277.png,6f7723f3158cbee8b8f3c9da6a7758048837507b53b2f64e38b8d20456324c44,5797d59c47d743dac98206945c8bff898061b42a7c232632af37b3c1b1c9c8c1,1920,1080,14,0=background;1=fl_doubles;2=fl_service;3=fs_singles;4=fr_singles;5=fr_service;6=fr_doubles;7=central_zone;8=bl_doubles;9=bl_service;10=bl_singles;11=br_service;12=br_singles;13=br_doubles
badminton_zones,badminton,court_zone_segmentation,val,1335.png,data/badminton_zones/images/val/1335.png,data/badminton_zones/masks/val/1335.png,3a829c0ca6f267b14d95489606e08c81a80690780d74c917d6f00260c9d2bf71,5797d59c47d743dac98206945c8bff898061b42a7c232632af37b3c1b1c9c8c1,1920,1080,14,0=background;1=fl_doubles;2=fl_service;3=fs_singles;4=fr_singles;5=fr_service;6=fr_doubles;7=central_zone;8=bl_doubles;9=bl_service;10=bl_singles;11=br_service;12=br_singles;13=br_doubles
badminton_zones,badminton,court_zone_segmentation,val,1420.png,data/badminton_zones/images/val/1420.png,data/badminton_zones/masks/val/1420.png,a5a7629ad5e84d7573ad6286c417ef865cce72d6ffa94d9877a30a2795fbf1c1,7da3d7f3127d5f58b29ffc5730fe601204b62e3a5c5e9fb6c0f626ab5f8726e7,1920,1080,14,0=background;1=fl_doubles;2=fl_service;3=fs_singles;4=fr_singles;5=fr_service;6=fr_doubles;7=central_zone;8=bl_doubles;9=bl_service;10=bl_singles;11=br_service;12=br_singles;13=br_doubles
badminton_zones,badminton,court_zone_segmentation,val,1374.png,data/badminton_zones/images/val/1374.png,data/badminton_zones/masks/val/1374.png,bdb894d4ebd610e8308d46651cb10acb104274ce4d92023d8853729296c32898,ad78a482ee9a34d2e06a129a7288540d80cc6adb6f686bd6b67ff72219c5677c,1920,1080,14,0=background;1=fl_doubles;2=fl_service;3=fs_singles;4=fr_singles;5=fr_service;6=fr_doubles;7=central_zone;8=bl_doubles;9=bl_service;10=bl_singles;11=br_service;12=br_singles;13=br_doubles
badminton_zones,badminton,court_zone_segmentation,val,1354.png,data/badminton_zones/images/val/1354.png,data/badminton_zones/masks/val/1354.png,dadaba7da20952540745c2006b23d9f3a91f47819a93741ec70a2b7818800936,5797d59c47d743dac98206945c8bff898061b42a7c232632af37b3c1b1c9c8c1,1920,1080,14,0=background;1=fl_doubles;2=fl_service;3=fs_singles;4=fr_singles;5=fr_service;6=fr_doubles;7=central_zone;8=bl_doubles;9=bl_service;10=bl_singles;11=br_service;12=br_singles;13=br_doubles
badminton_zones,badminton,court_zone_segmentation,val,1317.png,data/badminton_zones/images/val/1317.png,data/badminton_zones/masks/val/1317.png,3668c0c03c158adb1429c4b8d2198c217cc9b775eb0cd70e686f256b4321847b,90e4e44b5e1af578d1970acebab13a738a6361f2ad8ae4c9ab60f8139037d6a3,1920,1080,14,0=background;1=fl_doubles;2=fl_service;3=fs_singles;4=fr_singles;5=fr_service;6=fr_doubles;7=central_zone;8=bl_doubles;9=bl_service;10=bl_singles;11=br_service;12=br_singles;13=br_doubles
badminton_zones,badminton,court_zone_segmentation,val,1427.png,data/badminton_zones/images/val/1427.png,data/badminton_zones/masks/val/1427.png,359e592ce78e76bfc24a7b2a583e56b48b00cef8597503e210cf8b95326484ab,7da3d7f3127d5f58b29ffc5730fe601204b62e3a5c5e9fb6c0f626ab5f8726e7,1920,1080,14,0=background;1=fl_doubles;2=fl_service;3=fs_singles;4=fr_singles;5=fr_service;6=fr_doubles;7=central_zone;8=bl_doubles;9=bl_service;10=bl_singles;11=br_service;12=br_singles;13=br_doubles
badminton_zones,badminton,court_zone_segmentation,val,1283.png,data/badminton_zones/images/val/1283.png,data/badminton_zones/masks/val/1283.png,8da82cb98db8d44254f493d61c8cc28b1f862973abc873d3247af8fdde04ac2a,90e4e44b5e1af578d1970acebab13a738a6361f2ad8ae4c9ab60f8139037d6a3,1920,1080,14,0=background;1=fl_doubles;2=fl_service;3=fs_singles;4=fr_singles;5=fr_service;6=fr_doubles;7=central_zone;8=bl_doubles;9=bl_service;10=bl_singles;11=br_service;12=br_singles;13=br_doubles
badminton_zones,badminton,court_zone_segmentation,val,1320.png,data/badminton_zones/images/val/1320.png,data/badminton_zones/masks/val/1320.png,c026d68e44519ecaa652ca00474495f4c6dbcfe9856a5645af428852a6d5279b,90e4e44b5e1af578d1970acebab13a738a6361f2ad8ae4c9ab60f8139037d6a3,1920,1080,14,0=background;1=fl_doubles;2=fl_service;3=fs_singles;4=fr_singles;5=fr_service;6=fr_doubles;7=central_zone;8=bl_doubles;9=bl_service;10=bl_singles;11=br_service;12=br_singles;13=br_doubles
badminton_zones,badminton,court_zone_segmentation,val,1426.png,data/badminton_zones/images/val/1426.png,data/badminton_zones/masks/val/1426.png,a8811c29a0c8f1ddbac5a1022896aac12e54a19d2c17419e0d68debdddd9be7c,7da3d7f3127d5f58b29ffc5730fe601204b62e3a5c5e9fb6c0f626ab5f8726e7,1920,1080,14,0=background;1=fl_doubles;2=fl_service;3=fs_singles;4=fr_singles;5=fr_service;6=fr_doubles;7=central_zone;8=bl_doubles;9=bl_service;10=bl_singles;11=br_service;12=br_singles;13=br_doubles
badminton_zones,badminton,court_zone_segmentation,val,1348.png,data/badminton_zones/images/val/1348.png,data/badminton_zones/masks/val/1348.png,396f733457dd9c8c508a120cfe6f765b126721844233639a5be62b775272ec4e,ad78a482ee9a34d2e06a129a7288540d80cc6adb6f686bd6b67ff72219c5677c,1920,1080,14,0=background;1=fl_doubles;2=fl_service;3=fs_singles;4=fr_singles;5=fr_service;6=fr_doubles;7=central_zone;8=bl_doubles;9=bl_service;10=bl_singles;11=br_service;12=br_singles;13=br_doubles
badminton_zones,badminton,court_zone_segmentation,val,1305.png,data/badminton_zones/images/val/1305.png,data/badminton_zones/masks/val/1305.png,fd77223ffe52af5e3618c2de154b1917b8eded889b460027f3788adfb479c602,90e4e44b5e1af578d1970acebab13a738a6361f2ad8ae4c9ab60f8139037d6a3,1920,1080,14,0=background;1=fl_doubles;2=fl_service;3=fs_singles;4=fr_singles;5=fr_service;6=fr_doubles;7=central_zone;8=bl_doubles;9=bl_service;10=bl_singles;11=br_service;12=br_singles;13=br_doubles
badminton_zones,badminton,court_zone_segmentation,val,1436.png,data/badminton_zones/images/val/1436.png,data/badminton_zones/masks/val/1436.png,7af0eaed37da9e311aef4b91986fb816523399a1a7a8de255fc908b1536ca054,7da3d7f3127d5f58b29ffc5730fe601204b62e3a5c5e9fb6c0f626ab5f8726e7,1920,1080,14,0=background;1=fl_doubles;2=fl_service;3=fs_singles;4=fr_singles;5=fr_service;6=fr_doubles;7=central_zone;8=bl_doubles;9=bl_service;10=bl_singles;11=br_service;12=br_singles;13=br_doubles
badminton_zones,badminton,court_zone_segmentation,val,1382.png,data/badminton_zones/images/val/1382.png,data/badminton_zones/masks/val/1382.png,cef911ffa3a54242b75f2b9c0f719a3f840b6e628335a7334e1946c2b8e330f2,ad78a482ee9a34d2e06a129a7288540d80cc6adb6f686bd6b67ff72219c5677c,1920,1080,14,0=background;1=fl_doubles;2=fl_service;3=fs_singles;4=fr_singles;5=fr_service;6=fr_doubles;7=central_zone;8=bl_doubles;9=bl_service;10=bl_singles;11=br_service;12=br_singles;13=br_doubles
badminton_zones,badminton,court_zone_segmentation,val,1371.png,data/badminton_zones/images/val/1371.png,data/badminton_zones/masks/val/1371.png,f0b9f05d69a7aeab98a03cdc5674e134036f5858aa1820ad4edf64c09aa33a76,ad78a482ee9a34d2e06a129a7288540d80cc6adb6f686bd6b67ff72219c5677c,1920,1080,14,0=background;1=fl_doubles;2=fl_service;3=fs_singles;4=fr_singles;5=fr_service;6=fr_doubles;7=central_zone;8=bl_doubles;9=bl_service;10=bl_singles;11=br_service;12=br_singles;13=br_doubles
badminton_zones,badminton,court_zone_segmentation,val,1313.png,data/badminton_zones/images/val/1313.png,data/badminton_zones/masks/val/1313.png,b00ae68c032f39dfe0355522b8a00115829697a39064ec99d3733cbb0ca567b2,90e4e44b5e1af578d1970acebab13a738a6361f2ad8ae4c9ab60f8139037d6a3,1920,1080,14,0=background;1=fl_doubles;2=fl_service;3=fs_singles;4=fr_singles;5=fr_service;6=fr_doubles;7=central_zone;8=bl_doubles;9=bl_service;10=bl_singles;11=br_service;12=br_singles;13=br_doubles
badminton_zones,badminton,court_zone_segmentation,val,1445.png,data/badminton_zones/images/val/1445.png,data/badminton_zones/masks/val/1445.png,8333e40fddb819b6936d22139d5bd3f183f077bd4e8fdd75f3355694879fd6cf,7da3d7f3127d5f58b29ffc5730fe601204b62e3a5c5e9fb6c0f626ab5f8726e7,1920,1080,14,0=background;1=fl_doubles;2=fl_service;3=fs_singles;4=fr_singles;5=fr_service;6=fr_doubles;7=central_zone;8=bl_doubles;9=bl_service;10=bl_singles;11=br_service;12=br_singles;13=br_doubles
badminton_zones,badminton,court_zone_segmentation,val,1415.png,data/badminton_zones/images/val/1415.png,data/badminton_zones/masks/val/1415.png,47cf83cec93a0906d927e8b0a5d4e8637fc351f4b3ffed67e954848591e0d0b3,7da3d7f3127d5f58b29ffc5730fe601204b62e3a5c5e9fb6c0f626ab5f8726e7,1920,1080,14,0=background;1=fl_doubles;2=fl_service;3=fs_singles;4=fr_singles;5=fr_service;6=fr_doubles;7=central_zone;8=bl_doubles;9=bl_service;10=bl_singles;11=br_service;12=br_singles;13=br_doubles
badminton_zones,badminton,court_zone_segmentation,val,1347.png,data/badminton_zones/images/val/1347.png,data/badminton_zones/masks/val/1347.png,1091c5932634050726226513da53c5fec5f1c406fe2cf8569bbd1b87a8b0b454,ad78a482ee9a34d2e06a129a7288540d80cc6adb6f686bd6b67ff72219c5677c,1920,1080,14,0=background;1=fl_doubles;2=fl_service;3=fs_singles;4=fr_singles;5=fr_service;6=fr_doubles;7=central_zone;8=bl_doubles;9=bl_service;10=bl_singles;11=br_service;12=br_singles;13=br_doubles
badminton_zones,badminton,court_zone_segmentation,val,1350.png,data/badminton_zones/images/val/1350.png,data/badminton_zones/masks/val/1350.png,69264e8b63dad0c37732b7d87a2955aa1892399305b1584e1eff7c08377db45e,ad78a482ee9a34d2e06a129a7288540d80cc6adb6f686bd6b67ff72219c5677c,1920,1080,14,0=background;1=fl_doubles;2=fl_service;3=fs_singles;4=fr_singles;5=fr_service;6=fr_doubles;7=central_zone;8=bl_doubles;9=bl_service;10=bl_singles;11=br_service;12=br_singles;13=br_doubles
badminton_zones,badminton,court_zone_segmentation,val,1308.png,data/badminton_zones/images/val/1308.png,data/badminton_zones/masks/val/1308.png,45f317bee289545bc7d8a6b8af55bdce194f1c093c7e4713fc6bad245e62a69f,90e4e44b5e1af578d1970acebab13a738a6361f2ad8ae4c9ab60f8139037d6a3,1920,1080,14,0=background;1=fl_doubles;2=fl_service;3=fs_singles;4=fr_singles;5=fr_service;6=fr_doubles;7=central_zone;8=bl_doubles;9=bl_service;10=bl_singles;11=br_service;12=br_singles;13=br_doubles
badminton_zones,badminton,court_zone_segmentation,val,1302.png,data/badminton_zones/images/val/1302.png,data/badminton_zones/masks/val/1302.png,e9721fbbaedf97a1cc020b157b318add283ba88762c17bddbf05d610eab52df0,90e4e44b5e1af578d1970acebab13a738a6361f2ad8ae4c9ab60f8139037d6a3,1920,1080,14,0=background;1=fl_doubles;2=fl_service;3=fs_singles;4=fr_singles;5=fr_service;6=fr_doubles;7=central_zone;8=bl_doubles;9=bl_service;10=bl_singles;11=br_service;12=br_singles;13=br_doubles
badminton_zones,badminton,court_zone_segmentation,val,1362.png,data/badminton_zones/images/val/1362.png,data/badminton_zones/masks/val/1362.png,3fbd96df38596d0099cdb81307e0c46cb61cb2df263ff2a625e966044b2533e4,ad78a482ee9a34d2e06a129a7288540d80cc6adb6f686bd6b67ff72219c5677c,1920,1080,14,0=background;1=fl_doubles;2=fl_service;3=fs_singles;4=fr_singles;5=fr_service;6=fr_doubles;7=central_zone;8=bl_doubles;9=bl_service;10=bl_singles;11=br_service;12=br_singles;13=br_doubles
badminton_zones,badminton,court_zone_segmentation,val,1267.png,data/badminton_zones/images/val/1267.png,data/badminton_zones/masks/val/1267.png,8ea54a1902fae999f894649402ccf393fde71c87246d39efc2db1ab0b25fd71d,90e4e44b5e1af578d1970acebab13a738a6361f2ad8ae4c9ab60f8139037d6a3,1920,1080,14,0=background;1=fl_doubles;2=fl_service;3=fs_singles;4=fr_singles;5=fr_service;6=fr_doubles;7=central_zone;8=bl_doubles;9=bl_service;10=bl_singles;11=br_service;12=br_singles;13=br_doubles
badminton_zones,badminton,court_zone_segmentation,val,1316.png,data/badminton_zones/images/val/1316.png,data/badminton_zones/masks/val/1316.png,a0f59560e726d3dbf93eea0efd175d2e9781d7562e3db1f278f16e10010cb432,90e4e44b5e1af578d1970acebab13a738a6361f2ad8ae4c9ab60f8139037d6a3,1920,1080,14,0=background;1=fl_doubles;2=fl_service;3=fs_singles;4=fr_singles;5=fr_service;6=fr_doubles;7=central_zone;8=bl_doubles;9=bl_service;10=bl_singles;11=br_service;12=br_singles;13=br_doubles
badminton_zones,badminton,court_zone_segmentation,val,1265.png,data/badminton_zones/images/val/1265.png,data/badminton_zones/masks/val/1265.png,84e6f66ba9947d2b2190e1d99fb82b2bbecc1ebb2afd26347e44229679b3145f,90e4e44b5e1af578d1970acebab13a738a6361f2ad8ae4c9ab60f8139037d6a3,1920,1080,14,0=background;1=fl_doubles;2=fl_service;3=fs_singles;4=fr_singles;5=fr_service;6=fr_doubles;7=central_zone;8=bl_doubles;9=bl_service;10=bl_singles;11=br_service;12=br_singles;13=br_doubles
badminton_zones,badminton,court_zone_segmentation,val,1386.png,data/badminton_zones/images/val/1386.png,data/badminton_zones/masks/val/1386.png,bbd53f4f10c5bc23845d7359cd77c67c3692272497ccb4d8b2ec99c893b06eb4,5797d59c47d743dac98206945c8bff898061b42a7c232632af37b3c1b1c9c8c1,1920,1080,14,0=background;1=fl_doubles;2=fl_service;3=fs_singles;4=fr_singles;5=fr_service;6=fr_doubles;7=central_zone;8=bl_doubles;9=bl_service;10=bl_singles;11=br_service;12=br_singles;13=br_doubles
badminton_zones,badminton,court_zone_segmentation,val,1280.png,data/badminton_zones/images/val/1280.png,data/badminton_zones/masks/val/1280.png,e0befadaf164ba156ba125f7ef925415b94d39c1f5eb94e8e4ef77a131b0685e,90e4e44b5e1af578d1970acebab13a738a6361f2ad8ae4c9ab60f8139037d6a3,1920,1080,14,0=background;1=fl_doubles;2=fl_service;3=fs_singles;4=fr_singles;5=fr_service;6=fr_doubles;7=central_zone;8=bl_doubles;9=bl_service;10=bl_singles;11=br_service;12=br_singles;13=br_doubles
badminton_zones,badminton,court_zone_segmentation,val,1352.png,data/badminton_zones/images/val/1352.png,data/badminton_zones/masks/val/1352.png,d8fb8cf50a2b916419dbf9c924125d170c0cd01f280049e3d19ac0ce4e3865dd,ad78a482ee9a34d2e06a129a7288540d80cc6adb6f686bd6b67ff72219c5677c,1920,1080,14,0=background;1=fl_doubles;2=fl_service;3=fs_singles;4=fr_singles;5=fr_service;6=fr_doubles;7=central_zone;8=bl_doubles;9=bl_service;10=bl_singles;11=br_service;12=br_singles;13=br_doubles
badminton_zones,badminton,court_zone_segmentation,val,1309.png,data/badminton_zones/images/val/1309.png,data/badminton_zones/masks/val/1309.png,2a2ff2c1326d4673f542fae063f4ce82c12452482873610935b6d347f063297e,90e4e44b5e1af578d1970acebab13a738a6361f2ad8ae4c9ab60f8139037d6a3,1920,1080,14,0=background;1=fl_doubles;2=fl_service;3=fs_singles;4=fr_singles;5=fr_service;6=fr_doubles;7=central_zone;8=bl_doubles;9=bl_service;10=bl_singles;11=br_service;12=br_singles;13=br_doubles
badminton_zones,badminton,court_zone_segmentation,val,1268.png,data/badminton_zones/images/val/1268.png,data/badminton_zones/masks/val/1268.png,f7e571f38f4ff2ecc74f3b24da7281dd98321e8ca986cea993cea70896b1f209,5797d59c47d743dac98206945c8bff898061b42a7c232632af37b3c1b1c9c8c1,1920,1080,14,0=background;1=fl_doubles;2=fl_service;3=fs_singles;4=fr_singles;5=fr_service;6=fr_doubles;7=central_zone;8=bl_doubles;9=bl_service;10=bl_singles;11=br_service;12=br_singles;13=br_doubles
badminton_zones,badminton,court_zone_segmentation,val,1300.png,data/badminton_zones/images/val/1300.png,data/badminton_zones/masks/val/1300.png,0156dbba3a6550d39832e9d1e79baa5f5844d5a95f874c2822d9517a52259085,5797d59c47d743dac98206945c8bff898061b42a7c232632af37b3c1b1c9c8c1,1920,1080,14,0=background;1=fl_doubles;2=fl_service;3=fs_singles;4=fr_singles;5=fr_service;6=fr_doubles;7=central_zone;8=bl_doubles;9=bl_service;10=bl_singles;11=br_service;12=br_singles;13=br_doubles
badminton_zones,badminton,court_zone_segmentation,val,1431.png,data/badminton_zones/images/val/1431.png,data/badminton_zones/masks/val/1431.png,2259bd9c06412a047a255d5694ace606f2830f499c12da9a5d5fc18a3497c5e4,5797d59c47d743dac98206945c8bff898061b42a7c232632af37b3c1b1c9c8c1,1920,1080,14,0=background;1=fl_doubles;2=fl_service;3=fs_singles;4=fr_singles;5=fr_service;6=fr_doubles;7=central_zone;8=bl_doubles;9=bl_service;10=bl_singles;11=br_service;12=br_singles;13=br_doubles
badminton_zones,badminton,court_zone_segmentation,val,1384.png,data/badminton_zones/images/val/1384.png,data/badminton_zones/masks/val/1384.png,fe647ad1a911d15bb09f1b0e19b8a2087b21570f2502f4efa7202402bfa64f44,ad78a482ee9a34d2e06a129a7288540d80cc6adb6f686bd6b67ff72219c5677c,1920,1080,14,0=background;1=fl_doubles;2=fl_service;3=fs_singles;4=fr_singles;5=fr_service;6=fr_doubles;7=central_zone;8=bl_doubles;9=bl_service;10=bl_singles;11=br_service;12=br_singles;13=br_doubles
badminton_zones,badminton,court_zone_segmentation,val,1390.png,data/badminton_zones/images/val/1390.png,data/badminton_zones/masks/val/1390.png,964672be6707446302ff247e130f36f55cf9de5bb367340d668f501c9548a2cb,ad78a482ee9a34d2e06a129a7288540d80cc6adb6f686bd6b67ff72219c5677c,1920,1080,14,0=background;1=fl_doubles;2=fl_service;3=fs_singles;4=fr_singles;5=fr_service;6=fr_doubles;7=central_zone;8=bl_doubles;9=bl_service;10=bl_singles;11=br_service;12=br_singles;13=br_doubles
badminton_zones,badminton,court_zone_segmentation,val,1253.png,data/badminton_zones/images/val/1253.png,data/badminton_zones/masks/val/1253.png,a24f1d1a04c611e00c3506ff19534395e454364e83321d77accc832cc3a6aa50,90e4e44b5e1af578d1970acebab13a738a6361f2ad8ae4c9ab60f8139037d6a3,1920,1080,14,0=background;1=fl_doubles;2=fl_service;3=fs_singles;4=fr_singles;5=fr_service;6=fr_doubles;7=central_zone;8=bl_doubles;9=bl_service;10=bl_singles;11=br_service;12=br_singles;13=br_doubles
badminton_zones,badminton,court_zone_segmentation,val,1269.png,data/badminton_zones/images/val/1269.png,data/badminton_zones/masks/val/1269.png,679208df0446660a9f6929626605efd896f64e0f3004f9faa87170352aaba664,90e4e44b5e1af578d1970acebab13a738a6361f2ad8ae4c9ab60f8139037d6a3,1920,1080,14,0=background;1=fl_doubles;2=fl_service;3=fs_singles;4=fr_singles;5=fr_service;6=fr_doubles;7=central_zone;8=bl_doubles;9=bl_service;10=bl_singles;11=br_service;12=br_singles;13=br_doubles
badminton_zones,badminton,court_zone_segmentation,val,1447.png,data/badminton_zones/images/val/1447.png,data/badminton_zones/masks/val/1447.png,259fc211c4171e3a8522432f0a7efe7b50cc144ea91d253450017dc38949d5a6,7da3d7f3127d5f58b29ffc5730fe601204b62e3a5c5e9fb6c0f626ab5f8726e7,1920,1080,14,0=background;1=fl_doubles;2=fl_service;3=fs_singles;4=fr_singles;5=fr_service;6=fr_doubles;7=central_zone;8=bl_doubles;9=bl_service;10=bl_singles;11=br_service;12=br_singles;13=br_doubles
badminton_zones,badminton,court_zone_segmentation,val,1428.png,data/badminton_zones/images/val/1428.png,data/badminton_zones/masks/val/1428.png,c9b668cd389444e7de56d1ef33518abb103e0a0636c80e878b3012697b3998e5,5797d59c47d743dac98206945c8bff898061b42a7c232632af37b3c1b1c9c8c1,1920,1080,14,0=background;1=fl_doubles;2=fl_service;3=fs_singles;4=fr_singles;5=fr_service;6=fr_doubles;7=central_zone;8=bl_doubles;9=bl_service;10=bl_singles;11=br_service;12=br_singles;13=br_doubles
badminton_zones,badminton,court_zone_segmentation,val,1255.png,data/badminton_zones/images/val/1255.png,data/badminton_zones/masks/val/1255.png,0998e08f644c78adf724e1df15bb5edd5fc11e38bb6013c209f8e9f0769cf827,90e4e44b5e1af578d1970acebab13a738a6361f2ad8ae4c9ab60f8139037d6a3,1920,1080,14,0=background;1=fl_doubles;2=fl_service;3=fs_singles;4=fr_singles;5=fr_service;6=fr_doubles;7=central_zone;8=bl_doubles;9=bl_service;10=bl_singles;11=br_service;12=br_singles;13=br_doubles
badminton_zones,badminton,court_zone_segmentation,val,1419.png,data/badminton_zones/images/val/1419.png,data/badminton_zones/masks/val/1419.png,a98a3d69c18373a62301f7b4b8aa0c093d994331f261486fb19b2521f22e8e0a,7da3d7f3127d5f58b29ffc5730fe601204b62e3a5c5e9fb6c0f626ab5f8726e7,1920,1080,14,0=background;1=fl_doubles;2=fl_service;3=fs_singles;4=fr_singles;5=fr_service;6=fr_doubles;7=central_zone;8=bl_doubles;9=bl_service;10=bl_singles;11=br_service;12=br_singles;13=br_doubles
badminton_zones,badminton,court_zone_segmentation,val,1318.png,data/badminton_zones/images/val/1318.png,data/badminton_zones/masks/val/1318.png,fabe89623d785550f3ff2127ec83160ca4a1a0b1d998c1e583f000a399ce8eac,90e4e44b5e1af578d1970acebab13a738a6361f2ad8ae4c9ab60f8139037d6a3,1920,1080,14,0=background;1=fl_doubles;2=fl_service;3=fs_singles;4=fr_singles;5=fr_service;6=fr_doubles;7=central_zone;8=bl_doubles;9=bl_service;10=bl_singles;11=br_service;12=br_singles;13=br_doubles
badminton_zones,badminton,court_zone_segmentation,val,1450.png,data/badminton_zones/images/val/1450.png,data/badminton_zones/masks/val/1450.png,7742d7708a071633f4bdd4d36e2c33c51ae39baf241dcd79102345244181ea80,7da3d7f3127d5f58b29ffc5730fe601204b62e3a5c5e9fb6c0f626ab5f8726e7,1920,1080,14,0=background;1=fl_doubles;2=fl_service;3=fs_singles;4=fr_singles;5=fr_service;6=fr_doubles;7=central_zone;8=bl_doubles;9=bl_service;10=bl_singles;11=br_service;12=br_singles;13=br_doubles
badminton_zones,badminton,court_zone_segmentation,val,1452.png,data/badminton_zones/images/val/1452.png,data/badminton_zones/masks/val/1452.png,f069d8259bafa8352c6de2f44c0798e80ff170eadb31d977a3cd113ae552cfa4,5797d59c47d743dac98206945c8bff898061b42a7c232632af37b3c1b1c9c8c1,1920,1080,14,0=background;1=fl_doubles;2=fl_service;3=fs_singles;4=fr_singles;5=fr_service;6=fr_doubles;7=central_zone;8=bl_doubles;9=bl_service;10=bl_singles;11=br_service;12=br_singles;13=br_doubles
badminton_zones,badminton,court_zone_segmentation,val,1338.png,data/badminton_zones/images/val/1338.png,data/badminton_zones/masks/val/1338.png,77820a40997bdf9327f007e2afe9a0d77438ff860d1bbe81f8b590637e417b51,ad78a482ee9a34d2e06a129a7288540d80cc6adb6f686bd6b67ff72219c5677c,1920,1080,14,0=background;1=fl_doubles;2=fl_service;3=fs_singles;4=fr_singles;5=fr_service;6=fr_doubles;7=central_zone;8=bl_doubles;9=bl_service;10=bl_singles;11=br_service;12=br_singles;13=br_doubles
badminton_zones,badminton,court_zone_segmentation,val,1367.png,data/badminton_zones/images/val/1367.png,data/badminton_zones/masks/val/1367.png,2ca1c819c96782038dd4f4f5a5e0cb92a17ed57807a4152f97213dbf9f3961e0,ad78a482ee9a34d2e06a129a7288540d80cc6adb6f686bd6b67ff72219c5677c,1920,1080,14,0=background;1=fl_doubles;2=fl_service;3=fs_singles;4=fr_singles;5=fr_service;6=fr_doubles;7=central_zone;8=bl_doubles;9=bl_service;10=bl_singles;11=br_service;12=br_singles;13=br_doubles
badminton_zones,badminton,court_zone_segmentation,val,1266.png,data/badminton_zones/images/val/1266.png,data/badminton_zones/masks/val/1266.png,37c1bf203af351b7889b956076de174e2433cb1b8a9ab6b875d61a7cc3fde5a1,5797d59c47d743dac98206945c8bff898061b42a7c232632af37b3c1b1c9c8c1,1920,1080,14,0=background;1=fl_doubles;2=fl_service;3=fs_singles;4=fr_singles;5=fr_service;6=fr_doubles;7=central_zone;8=bl_doubles;9=bl_service;10=bl_singles;11=br_service;12=br_singles;13=br_doubles
badminton_zones,badminton,court_zone_segmentation,val,1368.png,data/badminton_zones/images/val/1368.png,data/badminton_zones/masks/val/1368.png,453689767e4aaa473b1d2e6a3612d3b0b301c944296b27ab6a425f845852d365,ad78a482ee9a34d2e06a129a7288540d80cc6adb6f686bd6b67ff72219c5677c,1920,1080,14,0=background;1=fl_doubles;2=fl_service;3=fs_singles;4=fr_singles;5=fr_service;6=fr_doubles;7=central_zone;8=bl_doubles;9=bl_service;10=bl_singles;11=br_service;12=br_singles;13=br_doubles
badminton_zones,badminton,court_zone_segmentation,val,1387.png,data/badminton_zones/images/val/1387.png,data/badminton_zones/masks/val/1387.png,64807b45bf605b4c98ad3018753df66b8cb0d8a56acda0bf3d1bb4375086f726,ad78a482ee9a34d2e06a129a7288540d80cc6adb6f686bd6b67ff72219c5677c,1920,1080,14,0=background;1=fl_doubles;2=fl_service;3=fs_singles;4=fr_singles;5=fr_service;6=fr_doubles;7=central_zone;8=bl_doubles;9=bl_service;10=bl_singles;11=br_service;12=br_singles;13=br_doubles
badminton_zones,badminton,court_zone_segmentation,val,1274.png,data/badminton_zones/images/val/1274.png,data/badminton_zones/masks/val/1274.png,b3c5df87aba70cc350c23c9718043a3baece0a0b499ad653962625bdada20536,5797d59c47d743dac98206945c8bff898061b42a7c232632af37b3c1b1c9c8c1,1920,1080,14,0=background;1=fl_doubles;2=fl_service;3=fs_singles;4=fr_singles;5=fr_service;6=fr_doubles;7=central_zone;8=bl_doubles;9=bl_service;10=bl_singles;11=br_service;12=br_singles;13=br_doubles
badminton_zones,badminton,court_zone_segmentation,val,1418.png,data/badminton_zones/images/val/1418.png,data/badminton_zones/masks/val/1418.png,22d88c64aa5bdc4e67fe202685404d6fff0ee81acc15cf3e011720d3bfe14368,7da3d7f3127d5f58b29ffc5730fe601204b62e3a5c5e9fb6c0f626ab5f8726e7,1920,1080,14,0=background;1=fl_doubles;2=fl_service;3=fs_singles;4=fr_singles;5=fr_service;6=fr_doubles;7=central_zone;8=bl_doubles;9=bl_service;10=bl_singles;11=br_service;12=br_singles;13=br_doubles
badminton_zones,badminton,court_zone_segmentation,val,1395.png,data/badminton_zones/images/val/1395.png,data/badminton_zones/masks/val/1395.png,729a1d0196014118c13118d31f7a4f8ac9ffd31905f6f3f78768f6379379c929,5797d59c47d743dac98206945c8bff898061b42a7c232632af37b3c1b1c9c8c1,1920,1080,14,0=background;1=fl_doubles;2=fl_service;3=fs_singles;4=fr_singles;5=fr_service;6=fr_doubles;7=central_zone;8=bl_doubles;9=bl_service;10=bl_singles;11=br_service;12=br_singles;13=br_doubles
badminton_zones,badminton,court_zone_segmentation,val,1259.png,data/badminton_zones/images/val/1259.png,data/badminton_zones/masks/val/1259.png,9625b50601bf1fa7bd120f91de73bb4ea05754ad6c1a4b5f1dfc9ae4b8fd9e70,5797d59c47d743dac98206945c8bff898061b42a7c232632af37b3c1b1c9c8c1,1920,1080,14,0=background;1=fl_doubles;2=fl_service;3=fs_singles;4=fr_singles;5=fr_service;6=fr_doubles;7=central_zone;8=bl_doubles;9=bl_service;10=bl_singles;11=br_service;12=br_singles;13=br_doubles
badminton_zones,badminton,court_zone_segmentation,val,1413.png,data/badminton_zones/images/val/1413.png,data/badminton_zones/masks/val/1413.png,22bd4a3e8cb8f5196a51b620615ccdc52758e91baa3db8a3d2877c22206878a0,7da3d7f3127d5f58b29ffc5730fe601204b62e3a5c5e9fb6c0f626ab5f8726e7,1920,1080,14,0=background;1=fl_doubles;2=fl_service;3=fs_singles;4=fr_singles;5=fr_service;6=fr_doubles;7=central_zone;8=bl_doubles;9=bl_service;10=bl_singles;11=br_service;12=br_singles;13=br_doubles
badminton_zones,badminton,court_zone_segmentation,val,1364.png,data/badminton_zones/images/val/1364.png,data/badminton_zones/masks/val/1364.png,7c364a764cd51a53ebc8dfe5611fbe896f8405ffc79b71f387592976d7b9c45c,ad78a482ee9a34d2e06a129a7288540d80cc6adb6f686bd6b67ff72219c5677c,1920,1080,14,0=background;1=fl_doubles;2=fl_service;3=fs_singles;4=fr_singles;5=fr_service;6=fr_doubles;7=central_zone;8=bl_doubles;9=bl_service;10=bl_singles;11=br_service;12=br_singles;13=br_doubles
badminton_zones,badminton,court_zone_segmentation,val,1281.png,data/badminton_zones/images/val/1281.png,data/badminton_zones/masks/val/1281.png,6a0531b0464a46df97a22ce94053b113a69f6f990e5c216906944edb45edf6a7,90e4e44b5e1af578d1970acebab13a738a6361f2ad8ae4c9ab60f8139037d6a3,1920,1080,14,0=background;1=fl_doubles;2=fl_service;3=fs_singles;4=fr_singles;5=fr_service;6=fr_doubles;7=central_zone;8=bl_doubles;9=bl_service;10=bl_singles;11=br_service;12=br_singles;13=br_doubles
badminton_zones,badminton,court_zone_segmentation,val,1264.png,data/badminton_zones/images/val/1264.png,data/badminton_zones/masks/val/1264.png,c008a442bbcd82b921110c0dc3f3041a2462626dcbdd0d00eee74c5885c8ef87,90e4e44b5e1af578d1970acebab13a738a6361f2ad8ae4c9ab60f8139037d6a3,1920,1080,14,0=background;1=fl_doubles;2=fl_service;3=fs_singles;4=fr_singles;5=fr_service;6=fr_doubles;7=central_zone;8=bl_doubles;9=bl_service;10=bl_singles;11=br_service;12=br_singles;13=br_doubles
badminton_zones,badminton,court_zone_segmentation,val,1449.png,data/badminton_zones/images/val/1449.png,data/badminton_zones/masks/val/1449.png,df6b7557ffc0fea9a5c305308444b9f874173e00473b8483058c699aeb93e343,7da3d7f3127d5f58b29ffc5730fe601204b62e3a5c5e9fb6c0f626ab5f8726e7,1920,1080,14,0=background;1=fl_doubles;2=fl_service;3=fs_singles;4=fr_singles;5=fr_service;6=fr_doubles;7=central_zone;8=bl_doubles;9=bl_service;10=bl_singles;11=br_service;12=br_singles;13=br_doubles
badminton_zones,badminton,court_zone_segmentation,val,1417.png,data/badminton_zones/images/val/1417.png,data/badminton_zones/masks/val/1417.png,08654ce8d1040b7294786def04f11700172447dce606fd2f2a74fdfd30544025,7da3d7f3127d5f58b29ffc5730fe601204b62e3a5c5e9fb6c0f626ab5f8726e7,1920,1080,14,0=background;1=fl_doubles;2=fl_service;3=fs_singles;4=fr_singles;5=fr_service;6=fr_doubles;7=central_zone;8=bl_doubles;9=bl_service;10=bl_singles;11=br_service;12=br_singles;13=br_doubles
badminton_zones,badminton,court_zone_segmentation,val,1327.png,data/badminton_zones/images/val/1327.png,data/badminton_zones/masks/val/1327.png,b79d139d98df41939528159664fd1c29a14aedf88325dfe2f32aed43cdc661c3,5797d59c47d743dac98206945c8bff898061b42a7c232632af37b3c1b1c9c8c1,1920,1080,14,0=background;1=fl_doubles;2=fl_service;3=fs_singles;4=fr_singles;5=fr_service;6=fr_doubles;7=central_zone;8=bl_doubles;9=bl_service;10=bl_singles;11=br_service;12=br_singles;13=br_doubles
badminton_zones,badminton,court_zone_segmentation,val,1301.png,data/badminton_zones/images/val/1301.png,data/badminton_zones/masks/val/1301.png,b388b1ce8d9f50f512362009ba721ec0a8e54bc425c7195fe95b8e2c01d49b59,90e4e44b5e1af578d1970acebab13a738a6361f2ad8ae4c9ab60f8139037d6a3,1920,1080,14,0=background;1=fl_doubles;2=fl_service;3=fs_singles;4=fr_singles;5=fr_service;6=fr_doubles;7=central_zone;8=bl_doubles;9=bl_service;10=bl_singles;11=br_service;12=br_singles;13=br_doubles
badminton_zones,badminton,court_zone_segmentation,val,1356.png,data/badminton_zones/images/val/1356.png,data/badminton_zones/masks/val/1356.png,00c7efde5261efd4483643c17ae3cf083a9f6df6aedf08601abbcec141c57a1b,ad78a482ee9a34d2e06a129a7288540d80cc6adb6f686bd6b67ff72219c5677c,1920,1080,14,0=background;1=fl_doubles;2=fl_service;3=fs_singles;4=fr_singles;5=fr_service;6=fr_doubles;7=central_zone;8=bl_doubles;9=bl_service;10=bl_singles;11=br_service;12=br_singles;13=br_doubles
badminton_zones,badminton,court_zone_segmentation,val,1292.png,data/badminton_zones/images/val/1292.png,data/badminton_zones/masks/val/1292.png,35760b336e7e7f441453eee0b48223550d4afe407b952ccddfb55c2ecdc6675c,5797d59c47d743dac98206945c8bff898061b42a7c232632af37b3c1b1c9c8c1,1920,1080,14,0=background;1=fl_doubles;2=fl_service;3=fs_singles;4=fr_singles;5=fr_service;6=fr_doubles;7=central_zone;8=bl_doubles;9=bl_service;10=bl_singles;11=br_service;12=br_singles;13=br_doubles
badminton_zones,badminton,court_zone_segmentation,val,1391.png,data/badminton_zones/images/val/1391.png,data/badminton_zones/masks/val/1391.png,992b60eb912e8735118eebc021ffb2b75daa7708a26f202e579fde793aba7354,ad78a482ee9a34d2e06a129a7288540d80cc6adb6f686bd6b67ff72219c5677c,1920,1080,14,0=background;1=fl_doubles;2=fl_service;3=fs_singles;4=fr_singles;5=fr_service;6=fr_doubles;7=central_zone;8=bl_doubles;9=bl_service;10=bl_singles;11=br_service;12=br_singles;13=br_doubles
badminton_zones,badminton,court_zone_segmentation,val,1336.png,data/badminton_zones/images/val/1336.png,data/badminton_zones/masks/val/1336.png,d698d54a6a5cc7e97152061b3fa2bd5adb90778133864c4cc347ce2574819241,ad78a482ee9a34d2e06a129a7288540d80cc6adb6f686bd6b67ff72219c5677c,1920,1080,14,0=background;1=fl_doubles;2=fl_service;3=fs_singles;4=fr_singles;5=fr_service;6=fr_doubles;7=central_zone;8=bl_doubles;9=bl_service;10=bl_singles;11=br_service;12=br_singles;13=br_doubles
badminton_zones,badminton,court_zone_segmentation,val,1319.png,data/badminton_zones/images/val/1319.png,data/badminton_zones/masks/val/1319.png,22efc15d5a8f0afb8b3a49426648f855daec106b9e42a66dcf0b514ce0917d52,90e4e44b5e1af578d1970acebab13a738a6361f2ad8ae4c9ab60f8139037d6a3,1920,1080,14,0=background;1=fl_doubles;2=fl_service;3=fs_singles;4=fr_singles;5=fr_service;6=fr_doubles;7=central_zone;8=bl_doubles;9=bl_service;10=bl_singles;11=br_service;12=br_singles;13=br_doubles
badminton_zones,badminton,court_zone_segmentation,val,1284.png,data/badminton_zones/images/val/1284.png,data/badminton_zones/masks/val/1284.png,069eb7bdd9e5e9ab40ad01e61f725bfd7ed166994fb4266ffcc30dc4b876ed06,90e4e44b5e1af578d1970acebab13a738a6361f2ad8ae4c9ab60f8139037d6a3,1920,1080,14,0=background;1=fl_doubles;2=fl_service;3=fs_singles;4=fr_singles;5=fr_service;6=fr_doubles;7=central_zone;8=bl_doubles;9=bl_service;10=bl_singles;11=br_service;12=br_singles;13=br_doubles
badminton_zones,badminton,court_zone_segmentation,val,1437.png,data/badminton_zones/images/val/1437.png,data/badminton_zones/masks/val/1437.png,44df58e47ee12a3c55b449c11dbbdf42b7d4cdcf3ddf47a502895483d9d01a43,7da3d7f3127d5f58b29ffc5730fe601204b62e3a5c5e9fb6c0f626ab5f8726e7,1920,1080,14,0=background;1=fl_doubles;2=fl_service;3=fs_singles;4=fr_singles;5=fr_service;6=fr_doubles;7=central_zone;8=bl_doubles;9=bl_service;10=bl_singles;11=br_service;12=br_singles;13=br_doubles
badminton_zones,badminton,court_zone_segmentation,val,1333.png,data/badminton_zones/images/val/1333.png,data/badminton_zones/masks/val/1333.png,aa7f84f350d3fd81faae1d01b5beb3c6453019e633ec3a0880a633ec8967c182,5797d59c47d743dac98206945c8bff898061b42a7c232632af37b3c1b1c9c8c1,1920,1080,14,0=background;1=fl_doubles;2=fl_service;3=fs_singles;4=fr_singles;5=fr_service;6=fr_doubles;7=central_zone;8=bl_doubles;9=bl_service;10=bl_singles;11=br_service;12=br_singles;13=br_doubles
badminton_zones,badminton,court_zone_segmentation,test,752.png,data/badminton_zones/images/test/752.png,data/badminton_zones/masks/test/752.png,1021027e0a9cf42093192fa377d442aee021558ec7c54562b97562510903e69b,5797d59c47d743dac98206945c8bff898061b42a7c232632af37b3c1b1c9c8c1,1920,1080,14,0=background;1=fl_doubles;2=fl_service;3=fs_singles;4=fr_singles;5=fr_service;6=fr_doubles;7=central_zone;8=bl_doubles;9=bl_service;10=bl_singles;11=br_service;12=br_singles;13=br_doubles
badminton_zones,badminton,court_zone_segmentation,test,750.png,data/badminton_zones/images/test/750.png,data/badminton_zones/masks/test/750.png,da52f1a0449366a8b7bba7ed4f942897c2250f53aa1f5db6b0d9ca7705c3098b,5797d59c47d743dac98206945c8bff898061b42a7c232632af37b3c1b1c9c8c1,1920,1080,14,0=background;1=fl_doubles;2=fl_service;3=fs_singles;4=fr_singles;5=fr_service;6=fr_doubles;7=central_zone;8=bl_doubles;9=bl_service;10=bl_singles;11=br_service;12=br_singles;13=br_doubles
badminton_zones,badminton,court_zone_segmentation,test,190.png,data/badminton_zones/images/test/190.png,data/badminton_zones/masks/test/190.png,e2fff0d472044e5c3c8bbb24710cf905f4ff46266a089120bef9d99d89cc6618,ab7cb845c24e4f848e141c7177a1a68fcb3b29eeb0a8f7feb1b59accee0ea91a,1920,1080,14,0=background;1=fl_doubles;2=fl_service;3=fs_singles;4=fr_singles;5=fr_service;6=fr_doubles;7=central_zone;8=bl_doubles;9=bl_service;10=bl_singles;11=br_service;12=br_singles;13=br_doubles
badminton_zones,badminton,court_zone_segmentation,test,719.png,data/badminton_zones/images/test/719.png,data/badminton_zones/masks/test/719.png,2649b404e595fe0943faee611ca434a392625e6927d276a2dbaa578b90565fec,5797d59c47d743dac98206945c8bff898061b42a7c232632af37b3c1b1c9c8c1,1920,1080,14,0=background;1=fl_doubles;2=fl_service;3=fs_singles;4=fr_singles;5=fr_service;6=fr_doubles;7=central_zone;8=bl_doubles;9=bl_service;10=bl_singles;11=br_service;12=br_singles;13=br_doubles
badminton_zones,badminton,court_zone_segmentation,test,725.png,data/badminton_zones/images/test/725.png,data/badminton_zones/masks/test/725.png,b382ac4bbfa6f868a1b7cabd73c1b3c0ec402ac9559458143676bec3d40a6fcd,2e643cd1312a66b98d9061b9c5cb9d2f8e8d2e5dca0c8d7043906f15571e490a,1920,1080,14,0=background;1=fl_doubles;2=fl_service;3=fs_singles;4=fr_singles;5=fr_service;6=fr_doubles;7=central_zone;8=bl_doubles;9=bl_service;10=bl_singles;11=br_service;12=br_singles;13=br_doubles
badminton_zones,badminton,court_zone_segmentation,test,737.png,data/badminton_zones/images/test/737.png,data/badminton_zones/masks/test/737.png,cbd2f546274b20b729524b115772fd289153cafde941516dc0955f91cb14c6ad,2e643cd1312a66b98d9061b9c5cb9d2f8e8d2e5dca0c8d7043906f15571e490a,1920,1080,14,0=background;1=fl_doubles;2=fl_service;3=fs_singles;4=fr_singles;5=fr_service;6=fr_doubles;7=central_zone;8=bl_doubles;9=bl_service;10=bl_singles;11=br_service;12=br_singles;13=br_doubles
badminton_zones,badminton,court_zone_segmentation,test,736.png,data/badminton_zones/images/test/736.png,data/badminton_zones/masks/test/736.png,cdcf31ca5cffd2b2637308dd5ef7f9ec9f73c459056e0b3838f1b0e29cc2d0e3,2e643cd1312a66b98d9061b9c5cb9d2f8e8d2e5dca0c8d7043906f15571e490a,1920,1080,14,0=background;1=fl_doubles;2=fl_service;3=fs_singles;4=fr_singles;5=fr_service;6=fr_doubles;7=central_zone;8=bl_doubles;9=bl_service;10=bl_singles;11=br_service;12=br_singles;13=br_doubles
badminton_zones,badminton,court_zone_segmentation,test,202.png,data/badminton_zones/images/test/202.png,data/badminton_zones/masks/test/202.png,b8acff82032fcf93c7c04f5fe8d08c7495243d348da05492d4916a38c2ce75ff,ab7cb845c24e4f848e141c7177a1a68fcb3b29eeb0a8f7feb1b59accee0ea91a,1920,1080,14,0=background;1=fl_doubles;2=fl_service;3=fs_singles;4=fr_singles;5=fr_service;6=fr_doubles;7=central_zone;8=bl_doubles;9=bl_service;10=bl_singles;11=br_service;12=br_singles;13=br_doubles
badminton_zones,badminton,court_zone_segmentation,test,741.png,data/badminton_zones/images/test/741.png,data/badminton_zones/masks/test/741.png,891e1a215001543ea7be98b45d9e119104f4642fd12789fe55db1682acdc14f2,2e643cd1312a66b98d9061b9c5cb9d2f8e8d2e5dca0c8d7043906f15571e490a,1920,1080,14,0=background;1=fl_doubles;2=fl_service;3=fs_singles;4=fr_singles;5=fr_service;6=fr_doubles;7=central_zone;8=bl_doubles;9=bl_service;10=bl_singles;11=br_service;12=br_singles;13=br_doubles
badminton_zones,badminton,court_zone_segmentation,test,716.png,data/badminton_zones/images/test/716.png,data/badminton_zones/masks/test/716.png,ef78763dc8699c51b5b6a301f36df5af5359e1790832ed87e79498392c8ee7f2,2e643cd1312a66b98d9061b9c5cb9d2f8e8d2e5dca0c8d7043906f15571e490a,1920,1080,14,0=background;1=fl_doubles;2=fl_service;3=fs_singles;4=fr_singles;5=fr_service;6=fr_doubles;7=central_zone;8=bl_doubles;9=bl_service;10=bl_singles;11=br_service;12=br_singles;13=br_doubles
badminton_zones,badminton,court_zone_segmentation,test,193.png,data/badminton_zones/images/test/193.png,data/badminton_zones/masks/test/193.png,7b1b5287736c1bdbc95ef855c1d080b7a5ff43acfd5dc499e539a154968b0d62,ab7cb845c24e4f848e141c7177a1a68fcb3b29eeb0a8f7feb1b59accee0ea91a,1920,1080,14,0=background;1=fl_doubles;2=fl_service;3=fs_singles;4=fr_singles;5=fr_service;6=fr_doubles;7=central_zone;8=bl_doubles;9=bl_service;10=bl_singles;11=br_service;12=br_singles;13=br_doubles
badminton_zones,badminton,court_zone_segmentation,test,192.png,data/badminton_zones/images/test/192.png,data/badminton_zones/masks/test/192.png,317204ecabdc8db4bfbc2cadc464d0bd3c81c37672e9aad83f37912d744537c9,ab7cb845c24e4f848e141c7177a1a68fcb3b29eeb0a8f7feb1b59accee0ea91a,1920,1080,14,0=background;1=fl_doubles;2=fl_service;3=fs_singles;4=fr_singles;5=fr_service;6=fr_doubles;7=central_zone;8=bl_doubles;9=bl_service;10=bl_singles;11=br_service;12=br_singles;13=br_doubles
badminton_zones,badminton,court_zone_segmentation,test,731.png,data/badminton_zones/images/test/731.png,data/badminton_zones/masks/test/731.png,56121821428ed27c37463ba42efae525ffcfecb7aefc11aaf96729d5fc1602cf,2e643cd1312a66b98d9061b9c5cb9d2f8e8d2e5dca0c8d7043906f15571e490a,1920,1080,14,0=background;1=fl_doubles;2=fl_service;3=fs_singles;4=fr_singles;5=fr_service;6=fr_doubles;7=central_zone;8=bl_doubles;9=bl_service;10=bl_singles;11=br_service;12=br_singles;13=br_doubles
badminton_zones,badminton,court_zone_segmentation,test,745.png,data/badminton_zones/images/test/745.png,data/badminton_zones/masks/test/745.png,74e486d5e1f6e4a65c621f530e3a71d2429315c9dbd8fd98abaa2a751f7480f5,2e643cd1312a66b98d9061b9c5cb9d2f8e8d2e5dca0c8d7043906f15571e490a,1920,1080,14,0=background;1=fl_doubles;2=fl_service;3=fs_singles;4=fr_singles;5=fr_service;6=fr_doubles;7=central_zone;8=bl_doubles;9=bl_service;10=bl_singles;11=br_service;12=br_singles;13=br_doubles
badminton_zones,badminton,court_zone_segmentation,test,199.png,data/badminton_zones/images/test/199.png,data/badminton_zones/masks/test/199.png,ef4d3cf351fd3dc96d0111f98c6265a7701e2f7c0d4842f18591dfbda918c1fc,ab7cb845c24e4f848e141c7177a1a68fcb3b29eeb0a8f7feb1b59accee0ea91a,1920,1080,14,0=background;1=fl_doubles;2=fl_service;3=fs_singles;4=fr_singles;5=fr_service;6=fr_doubles;7=central_zone;8=bl_doubles;9=bl_service;10=bl_singles;11=br_service;12=br_singles;13=br_doubles
badminton_zones,badminton,court_zone_segmentation,test,705.png,data/badminton_zones/images/test/705.png,data/badminton_zones/masks/test/705.png,e6ac5db9081becdfc37dbbb6cec9d3db07a83237e810ba1b041c50b3b7f724f6,5797d59c47d743dac98206945c8bff898061b42a7c232632af37b3c1b1c9c8c1,1920,1080,14,0=background;1=fl_doubles;2=fl_service;3=fs_singles;4=fr_singles;5=fr_service;6=fr_doubles;7=central_zone;8=bl_doubles;9=bl_service;10=bl_singles;11=br_service;12=br_singles;13=br_doubles
badminton_zones,badminton,court_zone_segmentation,test,206.png,data/badminton_zones/images/test/206.png,data/badminton_zones/masks/test/206.png,38163b459ba6640deaabe1c3baa4ddbd06c77925b4380196733d1600eb9810bd,ab7cb845c24e4f848e141c7177a1a68fcb3b29eeb0a8f7feb1b59accee0ea91a,1920,1080,14,0=background;1=fl_doubles;2=fl_service;3=fs_singles;4=fr_singles;5=fr_service;6=fr_doubles;7=central_zone;8=bl_doubles;9=bl_service;10=bl_singles;11=br_service;12=br_singles;13=br_doubles
badminton_zones,badminton,court_zone_segmentation,test,702.png,data/badminton_zones/images/test/702.png,data/badminton_zones/masks/test/702.png,6698c69fb423544db7a117ff6873197ebba7e34c2c56dba5b5f3056a0d6cbe03,5797d59c47d743dac98206945c8bff898061b42a7c232632af37b3c1b1c9c8c1,1920,1080,14,0=background;1=fl_doubles;2=fl_service;3=fs_singles;4=fr_singles;5=fr_service;6=fr_doubles;7=central_zone;8=bl_doubles;9=bl_service;10=bl_singles;11=br_service;12=br_singles;13=br_doubles
badminton_zones,badminton,court_zone_segmentation,test,701.png,data/badminton_zones/images/test/701.png,data/badminton_zones/masks/test/701.png,f471743ffe42a86be33d935aa1e5087437cd3f885e1545d545c441c90e26ce2d,2e643cd1312a66b98d9061b9c5cb9d2f8e8d2e5dca0c8d7043906f15571e490a,1920,1080,14,0=background;1=fl_doubles;2=fl_service;3=fs_singles;4=fr_singles;5=fr_service;6=fr_doubles;7=central_zone;8=bl_doubles;9=bl_service;10=bl_singles;11=br_service;12=br_singles;13=br_doubles
badminton_zones,badminton,court_zone_segmentation,test,710.png,data/badminton_zones/images/test/710.png,data/badminton_zones/masks/test/710.png,ba12aa9c685f5a576e900031abe596406c1c095f48f55305e1348fa8c8474638,2e643cd1312a66b98d9061b9c5cb9d2f8e8d2e5dca0c8d7043906f15571e490a,1920,1080,14,0=background;1=fl_doubles;2=fl_service;3=fs_singles;4=fr_singles;5=fr_service;6=fr_doubles;7=central_zone;8=bl_doubles;9=bl_service;10=bl_singles;11=br_service;12=br_singles;13=br_doubles
badminton_zones,badminton,court_zone_segmentation,test,704.png,data/badminton_zones/images/test/704.png,data/badminton_zones/masks/test/704.png,b5b2ba8530fc239423dbd47bab1923e6edca3ecbfd52220e0a04689c7b427651,2e643cd1312a66b98d9061b9c5cb9d2f8e8d2e5dca0c8d7043906f15571e490a,1920,1080,14,0=background;1=fl_doubles;2=fl_service;3=fs_singles;4=fr_singles;5=fr_service;6=fr_doubles;7=central_zone;8=bl_doubles;9=bl_service;10=bl_singles;11=br_service;12=br_singles;13=br_doubles
badminton_zones,badminton,court_zone_segmentation,test,718.png,data/badminton_zones/images/test/718.png,data/badminton_zones/masks/test/718.png,f80bfad66d5883a60ab1635c9b83785a4640a902fd44257564472122c3513715,5797d59c47d743dac98206945c8bff898061b42a7c232632af37b3c1b1c9c8c1,1920,1080,14,0=background;1=fl_doubles;2=fl_service;3=fs_singles;4=fr_singles;5=fr_service;6=fr_doubles;7=central_zone;8=bl_doubles;9=bl_service;10=bl_singles;11=br_service;12=br_singles;13=br_doubles
badminton_zones,badminton,court_zone_segmentation,test,747.png,data/badminton_zones/images/test/747.png,data/badminton_zones/masks/test/747.png,9ab371db314389949c315c5ff8baee65074134fc7ca532bb3f776033ea27b122,5797d59c47d743dac98206945c8bff898061b42a7c232632af37b3c1b1c9c8c1,1920,1080,14,0=background;1=fl_doubles;2=fl_service;3=fs_singles;4=fr_singles;5=fr_service;6=fr_doubles;7=central_zone;8=bl_doubles;9=bl_service;10=bl_singles;11=br_service;12=br_singles;13=br_doubles
badminton_zones,badminton,court_zone_segmentation,test,690.png,data/badminton_zones/images/test/690.png,data/badminton_zones/masks/test/690.png,6191570c82c0475121768e53ca26ab56136da121fff092129ae3a6a1d812508e,2e643cd1312a66b98d9061b9c5cb9d2f8e8d2e5dca0c8d7043906f15571e490a,1920,1080,14,0=background;1=fl_doubles;2=fl_service;3=fs_singles;4=fr_singles;5=fr_service;6=fr_doubles;7=central_zone;8=bl_doubles;9=bl_service;10=bl_singles;11=br_service;12=br_singles;13=br_doubles
badminton_zones,badminton,court_zone_segmentation,test,722.png,data/badminton_zones/images/test/722.png,data/badminton_zones/masks/test/722.png,101cb4165246a82647a5ce7ac91efcbc78713dab13ba42b56b172bbe8c6142a0,2e643cd1312a66b98d9061b9c5cb9d2f8e8d2e5dca0c8d7043906f15571e490a,1920,1080,14,0=background;1=fl_doubles;2=fl_service;3=fs_singles;4=fr_singles;5=fr_service;6=fr_doubles;7=central_zone;8=bl_doubles;9=bl_service;10=bl_singles;11=br_service;12=br_singles;13=br_doubles
badminton_zones,badminton,court_zone_segmentation,test,707.png,data/badminton_zones/images/test/707.png,data/badminton_zones/masks/test/707.png,6380199223d5ad7c93c3d238556e953350c7224457051692612e997f6730bb8c,2e643cd1312a66b98d9061b9c5cb9d2f8e8d2e5dca0c8d7043906f15571e490a,1920,1080,14,0=background;1=fl_doubles;2=fl_service;3=fs_singles;4=fr_singles;5=fr_service;6=fr_doubles;7=central_zone;8=bl_doubles;9=bl_service;10=bl_singles;11=br_service;12=br_singles;13=br_doubles
badminton_zones,badminton,court_zone_segmentation,test,699.png,data/badminton_zones/images/test/699.png,data/badminton_zones/masks/test/699.png,37a32b518fddaad69668a589f8d924846d48e7451fab66336089c9aa2c395809,2e643cd1312a66b98d9061b9c5cb9d2f8e8d2e5dca0c8d7043906f15571e490a,1920,1080,14,0=background;1=fl_doubles;2=fl_service;3=fs_singles;4=fr_singles;5=fr_service;6=fr_doubles;7=central_zone;8=bl_doubles;9=bl_service;10=bl_singles;11=br_service;12=br_singles;13=br_doubles
badminton_zones,badminton,court_zone_segmentation,test,207.png,data/badminton_zones/images/test/207.png,data/badminton_zones/masks/test/207.png,e82a8f0010852785427f70facd82dbe0a9e060de0d5dffefb7892f3b70385082,ab7cb845c24e4f848e141c7177a1a68fcb3b29eeb0a8f7feb1b59accee0ea91a,1920,1080,14,0=background;1=fl_doubles;2=fl_service;3=fs_singles;4=fr_singles;5=fr_service;6=fr_doubles;7=central_zone;8=bl_doubles;9=bl_service;10=bl_singles;11=br_service;12=br_singles;13=br_doubles
badminton_zones,badminton,court_zone_segmentation,test,204.png,data/badminton_zones/images/test/204.png,data/badminton_zones/masks/test/204.png,0303342f249ef2f7a5bacc79cdd219f0ab82f2ac2f2bc6556d529f6b3be20d43,ab7cb845c24e4f848e141c7177a1a68fcb3b29eeb0a8f7feb1b59accee0ea91a,1920,1080,14,0=background;1=fl_doubles;2=fl_service;3=fs_singles;4=fr_singles;5=fr_service;6=fr_doubles;7=central_zone;8=bl_doubles;9=bl_service;10=bl_singles;11=br_service;12=br_singles;13=br_doubles
badminton_zones,badminton,court_zone_segmentation,test,197.png,data/badminton_zones/images/test/197.png,data/badminton_zones/masks/test/197.png,73ec73bca41f57aa44687a599832625f7388536af7a42464626f92efab6c1d90,ab7cb845c24e4f848e141c7177a1a68fcb3b29eeb0a8f7feb1b59accee0ea91a,1920,1080,14,0=background;1=fl_doubles;2=fl_service;3=fs_singles;4=fr_singles;5=fr_service;6=fr_doubles;7=central_zone;8=bl_doubles;9=bl_service;10=bl_singles;11=br_service;12=br_singles;13=br_doubles
badminton_zones,badminton,court_zone_segmentation,test,689.png,data/badminton_zones/images/test/689.png,data/badminton_zones/masks/test/689.png,00c82bdb95bd9f9971b5975961879fef325b35e82db51da127d928d9498aa1fd,5797d59c47d743dac98206945c8bff898061b42a7c232632af37b3c1b1c9c8c1,1920,1080,14,0=background;1=fl_doubles;2=fl_service;3=fs_singles;4=fr_singles;5=fr_service;6=fr_doubles;7=central_zone;8=bl_doubles;9=bl_service;10=bl_singles;11=br_service;12=br_singles;13=br_doubles
badminton_zones,badminton,court_zone_segmentation,test,700.png,data/badminton_zones/images/test/700.png,data/badminton_zones/masks/test/700.png,e7398198714708c5854a4b4570ac914fd500cb8a20667231897990175fad0213,2e643cd1312a66b98d9061b9c5cb9d2f8e8d2e5dca0c8d7043906f15571e490a,1920,1080,14,0=background;1=fl_doubles;2=fl_service;3=fs_singles;4=fr_singles;5=fr_service;6=fr_doubles;7=central_zone;8=bl_doubles;9=bl_service;10=bl_singles;11=br_service;12=br_singles;13=br_doubles
badminton_zones,badminton,court_zone_segmentation,test,684.png,data/badminton_zones/images/test/684.png,data/badminton_zones/masks/test/684.png,42a5e6725fdd8b31702dcaa5ed9420528eb52a1130c1e94a48d2440092c1533a,5797d59c47d743dac98206945c8bff898061b42a7c232632af37b3c1b1c9c8c1,1920,1080,14,0=background;1=fl_doubles;2=fl_service;3=fs_singles;4=fr_singles;5=fr_service;6=fr_doubles;7=central_zone;8=bl_doubles;9=bl_service;10=bl_singles;11=br_service;12=br_singles;13=br_doubles
