dataset_id,sport,task,split,image_id,image_path,mask_path,image_sha256,mask_sha256,width,height,n_classes,label_schema
tennis_fullcourt,tennis,full_court_segmentation,train,001.png,data/tennis_fullcourt/images/train/001.png,data/tennis_fullcourt/masks/train/001.png,4b388cbe4984ab8459bb82b09aad84a691744be9298a494aaf899a297e75d594,25ee4e31ff0be2c17225f538e9f6bd02f3771682c436866947b216c99dac9b2e,1920,1080,2,background=0;full_court=1
tennis_fullcourt,tennis,full_court_segmentation,train,002.png,data/tennis_fullcourt/images/train/002.png,data/tennis_fullcourt/masks/train/002.png,9c130889f7953172888444a55a4d001d6dc4eeb5ea324faf8855beb935ef8c42,25ee4e31ff0be2c17225f538e9f6bd02f3771682c436866947b216c99dac9b2e,1920,1080,2,background=0;full_court=1
tennis_fullcourt,tennis,full_court_segmentation,train,003.png,data/tennis_fullcourt/images/train/003.png,data/tennis_fullcourt/masks/train/003.png,c67f6700ed905b34285a60f6a8a492dbc9773c21332f034a965aede489ca7e0b,42f00731278d2e38832a38e942212c1e4065b32d25f96b20f9ceb9d2bbd2f3f5,1920,1080,2,background=0;full_court=1
tennis_fullcourt,tennis,full_court_segmentation,train,004.png,data/tennis_fullcourt/images/train/004.png,data/tennis_fullcourt/masks/train/004.png,0eb177c6ca478add929d371f1c52da0b3117d35288eee2bd46ecf0127b1646ea,42f00731278d2e38832a38e942212c1e4065b32d25f96b20f9ceb9d2bbd2f3f5,1920,1080,2,background=0;full_court=1
tennis_fullcourt,tennis,full_court_segmentation,train,005.png,data/tennis_fullcourt/images/train/005.png,data/tennis_fullcourt/masks/train/005.png,cbec26a2480538656bbbd0ee3a81898e11882308de39b9397b2bdefbe3ac632f,f715de41a9f268974755b7d40202b933110e9c8d5efd4788fba2fec7e463f562,1920,1080,2,background=0;full_court=1
tennis_fullcourt,tennis,full_court_segmentation,train,006.png,data/tennis_fullcourt/images/train/006.png,data/tennis_fullcourt/masks/train/006.png,2af69249abb9389f5510fc26c018f86e06382b6028ad0e7dd67303c23ae16244,deda83a804e856a0bd18b7d34524ec729e9018be662103e44c80bbfe70b71359,1920,1080,2,background=0;full_court=1
tennis_fullcourt,tennis,full_court_segmentation,train,007.png,data/tennis_fullcourt/images/train/007.png,data/tennis_fullcourt/masks/train/007.png,ee2225314e3be8eff0cd73b6b23cf6db809209c8d3a0eeedd7eb43be162e0b23,731c10f1b1cf8979f29f3369aedc3d8f1266cb32a6ade9292c7b23e1d01a3ab8,1920,1080,2,background=0;full_court=1
tennis_fullcourt,tennis,full_court_segmentation,train,008.png,data/tennis_fullcourt/images/train/008.png,data/tennis_fullcourt/masks/train/008.png,8f1a9121479a60d13d99a4afdad5517fe0f5f61263e804f9ff8eba3bda68340e,0b0b5d2c4a491bf36e865ddb76c09c3db96850bfd706a551edb71448726ebcdd,1920,1080,2,background=0;full_court=1
tennis_fullcourt,tennis,full_court_segmentation,train,009.png,data/tennis_fullcourt/images/train/009.png,data/tennis_fullcourt/masks/train/009.png,4594a8bc9324628a8ed50b01cfd4fdd0a72034a7078c61aee2614cf68bc2331d,5bb325851cb3a7dd0c9bcb37a0152ca6769987c7ae440c404cb22e6e52f25869,1920,1080,2,background=0;full_court=1
tennis_fullcourt,tennis,full_court_segmentation,train,010.png,data/tennis_fullcourt/images/train/010.png,data/tennis_fullcourt/masks/train/010.png,a47a0330741a87c7b170f29bbfc03a3e6f61113d6b984211aceda750a649c7cf,669dbcf7c14caac9e84c90f23f419aeb659cd468c4d6d6d8d011d5307a77952b,1920,1080,2,background=0;full_court=1
tennis_fullcourt,tennis,full_court_segmentation,train,011.png,data/tennis_fullcourt/images/train/011.png,data/tennis_fullcourt/masks/train/011.png,87e060a3efb1e977774c5e4ec79a1a5f6dbf0fd25b96c626113e925a07a1f751,a28159e96dd8680cc02b9fd4e4720615fccda6919dfa7d0fa4468138e5369ee8,1920,1080,2,background=0;full_court=1
tennis_fullcourt,tennis,full_court_segmentation,train,012.png,data/tennis_fullcourt/images/train/012.png,data/tennis_fullcourt/masks/train/012.png,dada669e3fdf15266fb758a8163ca348adfd8af7810af64a050661ba14fff9ea,21ec9f72f7a82281381acad220db024f0d6d6979bcf45cbf757bc326f2d90a05,1920,1080,2,background=0;full_court=1
tennis_fullcourt,tennis,full_court_segmentation,train,013.png,data/tennis_fullcourt/images/train/013.png,data/tennis_fullcourt/masks/train/013.png,07740fef465af21404a3a7b85f8e0c2552f28ae8659940e1c7091bf89c6e58b1,530f12b8419e20571f69b48a38c6fa457e9fde272799f6f22bd526c6eb7fa445,1920,1080,2,background=0;full_court=1
tennis_fullcourt,tennis,full_court_segmentation,train,014.png,data/tennis_fullcourt/images/train/014.png,data/tennis_fullcourt/masks/train/014.png,57d3bb59d7adf306aec07336b81f8bf7615a2c91620a311bea30476d4547d2d6,182ef55d4dbd4d63077dd1a6b39acc18550ac2313785a76c84fb2519b04f8ec0,1920,1080,2,background=0;full_court=1
tennis_fullcourt,tennis,full_court_segmentation,train,015.png,data/tennis_fullcourt/images/train/015.png,data/tennis_fullcourt/masks/train/015.png,6dbb428adb8b6dccc508337e77ebe656de0af2d395bb37887526e5a6b2139751,182ef55d4dbd4d63077dd1a6b39acc18550ac2313785a76c84fb2519b04f8ec0,1920,1080,2,background=0;full_court=1
tennis_fullcourt,tennis,full_court_segmentation,train,016.png,data/tennis_fullcourt/images/train/016.png,data/tennis_fullcourt/masks/train/016.png,fbbd3190caaa6cb8cfe3ed78b666e12316e6a72f07b2990c316ebe472686e3b2,b4374689e8168745461fab18f3e6035acd5648d4ed8b8325d6a8da1c9ff0d150,1920,1080,2,background=0;full_court=1
tennis_fullcourt,tennis,full_court_segmentation,train,017.png,data/tennis_fullcourt/images/train/017.png,data/tennis_fullcourt/masks/train/017.png,bfa1351981d26b98878d4c9eb7f1907ed4196379e626c6f92f203f47444130b9,c76497045524b1fb77e5142062092b9da5172697a38290ca15e8f9f7065bcc02,1920,1080,2,background=0;full_court=1
tennis_fullcourt,tennis,full_court_segmentation,train,019.png,data/tennis_fullcourt/images/train/019.png,data/tennis_fullcourt/masks/train/019.png,26f2615c77dacd734adb8101c78f8dde4afd57e7122f4e9a371b2d79afe1b97d,45445599179e8d7121356d2d6de2554df1c7335d5d823435a5c0fe1a55368382,1920,1080,2,background=0;full_court=1
tennis_fullcourt,tennis,full_court_segmentation,train,020.png,data/tennis_fullcourt/images/train/020.png,data/tennis_fullcourt/masks/train/020.png,f814daa4d7b8483b6e91a334eeba150f9b5498f98f3e5d152344516da535e569,767e595a04ec600ddb66600a603d122e26d63c930a761e9dbc1e69f724902511,1920,1080,2,background=0;full_court=1
tennis_fullcourt,tennis,full_court_segmentation,train,021.png,data/tennis_fullcourt/images/train/021.png,data/tennis_fullcourt/masks/train/021.png,fd55abd46f0473a18a1ebc763474597ee0efa54e72f7ce55e30486cd3d6bd119,4cd4c88a931431c350fd346a0f83abb013db79a1b6a34e896e193c75c63812b2,1920,1080,2,background=0;full_court=1
tennis_fullcourt,tennis,full_court_segmentation,train,022.png,data/tennis_fullcourt/images/train/022.png,data/tennis_fullcourt/masks/train/022.png,7e4a16eb43d6a1d3a7c1b3b76564924a3f65a28bd4a498e810f8e6144a8efc76,e6262f2264307cbc50daf1e6109c588654203cb778ff3454a6bce12f5e275491,1920,1080,2,background=0;full_court=1
tennis_fullcourt,tennis,full_court_segmentation,train,023.png,data/tennis_fullcourt/images/train/023.png,data/tennis_fullcourt/masks/train/023.png,79ed96b7ff6b2561fe8e18b3988f80c5aae22fe4f26a85f92191184eb00d3749,89a055764bb764175545855f5d966da1f05e98dde84583d2315aed1e1ba6e013,1920,1080,2,background=0;full_court=1
tennis_fullcourt,tennis,full_court_segmentation,train,024.png,data/tennis_fullcourt/images/train/024.png,data/tennis_fullcourt/masks/train/024.png,2317c093725570f738da214624e57562a4318beb41a675b6a96f49a33f271b0d,142f3cc2f16302498e9486429be3356f11e6b5cefb09ba954b6bf052a70d928f,1920,1080,2,background=0;full_court=1
tennis_fullcourt,tennis,full_court_segmentation,train,025.png,data/tennis_fullcourt/images/train/025.png,data/tennis_fullcourt/masks/train/025.png,6e9421b8c54a406b3f61a4bbd953351ae7805075533c22793d80d3410244693e,051030a8e9258c4c8c32752cc6dbb987c583ceca49231699a7049fe24d9965ef,1920,1080,2,background=0;full_court=1
tennis_fullcourt,tennis,full_court_segmentation,train,026.png,data/tennis_fullcourt/images/train/026.png,data/tennis_fullcourt/masks/train/026.png,d805006e41ca469b78d8675c6d20b138318cce04fd8746982f62c0222b011da6,473164b987d32b8ea42be48f6ce36422693c6d28a783f83b52fedcde477737fc,1920,1080,2,background=0;full_court=1
tennis_fullcourt,tennis,full_court_segmentation,train,027.png,data/tennis_fullcourt/images/train/027.png,data/tennis_fullcourt/masks/train/027.png,ecb72176894e0d0be85c15f47130592c8b464d2c9ad6dce594e7765c40948989,473164b987d32b8ea42be48f6ce36422693c6d28a783f83b52fedcde477737fc,1920,1080,2,background=0;full_court=1
tennis_fullcourt,tennis,full_court_segmentation,train,028.png,data/tennis_fullcourt/images/train/028.png,data/tennis_fullcourt/masks/train/028.png,0ea5f1c0303a785566f59a5afd4af86b7f3001229cc88e164d763fc5a47e9cde,ee663df1c3669ec1a685dedea73af2762bbcbcfdf26e889ca277e50a5ff311b6,1920,1080,2,background=0;full_court=1
tennis_fullcourt,tennis,full_court_segmentation,train,029.png,data/tennis_fullcourt/images/train/029.png,data/tennis_fullcourt/masks/train/029.png,b68eaa59536045c827e169046def58d9ca6f807b6f178dbf5e5932dfec342d3c,ecd4e22e93c228ca081fe742a0f22cbeaf1069d5a986239700f92d1152353d8e,1920,1080,2,background=0;full_court=1
tennis_fullcourt,tennis,full_court_segmentation,train,030.png,data/tennis_fullcourt/images/train/030.png,data/tennis_fullcourt/masks/train/030.png,6a88235651dae40bfaaee96cbd0ffa214abc378359e42da22b5e33a64ca92b31,858cf39d98880a74a12584ee1d9e1f3443e2ee41621c92f5e268a12992224214,1920,1080,2,background=0;full_court=1
tennis_fullcourt,tennis,full_court_segmentation,train,031.png,data/tennis_fullcourt/images/train/031.png,data/tennis_fullcourt/masks/train/031.png,29c9be5d300ca7896b402bb55f28486d9d7e7d05665e8bd5c2c1ad0620851713,858cf39d98880a74a12584ee1d9e1f3443e2ee41621c92f5e268a12992224214,1920,1080,2,background=0;full_court=1
tennis_fullcourt,tennis,full_court_segmentation,train,032.png,data/tennis_fullcourt/images/train/032.png,data/tennis_fullcourt/masks/train/032.png,41f725a62cf2b408bdccf58f211ddbe5f6fe61a9d1bf8875670b60204e6d1167,3438d5a64f5d6bee594ffdd4283ee38de85600be25ed4d8a9b4ebb08d24fc83d,1920,1080,2,background=0;full_court=1
tennis_fullcourt,tennis,full_court_segmentation,train,033.png,data/tennis_fullcourt/images/train/033.png,data/tennis_fullcourt/masks/train/033.png,75bc39422e51950661812d055e2eb3de3bc50c50b1329aad27863bb98982a95d,31ec772c5b9b7ea7c3410db171266045dbec1158d78b08dd2c296b230df75d4c,1920,1080,2,background=0;full_court=1
tennis_fullcourt,tennis,full_court_segmentation,train,034.png,data/tennis_fullcourt/images/train/034.png,data/tennis_fullcourt/masks/train/034.png,28fb9d426a1db2012185b300dcc37018099588c1a5c36498c54f792ad49ef4dd,4c3dc736bbe08211182df1b8ffc38138120bd5c4932836e1361af6f1cc4403c3,1920,1080,2,background=0;full_court=1
tennis_fullcourt,tennis,full_court_segmentation,train,035.png,data/tennis_fullcourt/images/train/035.png,data/tennis_fullcourt/masks/train/035.png,b1676d76f1dd430bf341d774e8fad0689ef60bbda237f3d07acb9928d72234f7,c1a7d8dc7096c996bfd7e01ddbd9fb95c135d7b8b33e4d56ddcc5296110c314a,1920,1080,2,background=0;full_court=1
tennis_fullcourt,tennis,full_court_segmentation,train,036.png,data/tennis_fullcourt/images/train/036.png,data/tennis_fullcourt/masks/train/036.png,c3d329bd5c0956998cca52d94334d1e0a626896ded4bce1016ee4ca28a4062cf,de6b2a3b514e901821c5332006524b8328d847810d0fc4dfac715d94e45a6cc2,1920,1080,2,background=0;full_court=1
tennis_fullcourt,tennis,full_court_segmentation,train,037.png,data/tennis_fullcourt/images/train/037.png,data/tennis_fullcourt/masks/train/037.png,2982920c55c0df1a151056b1a2d793f903661e75b8e95a65e18cf0c1dfc0c89a,7d419b3023f35856e8e2b379f58cafa2ef348cbbeadf1fd6cfe91a1df4785f7f,1920,1080,2,background=0;full_court=1
tennis_fullcourt,tennis,full_court_segmentation,train,039.png,data/tennis_fullcourt/images/train/039.png,data/tennis_fullcourt/masks/train/039.png,25a0e93769db90309c853412f686e6a1df53d28296ccd27fe4b7064a39067f55,00c9ecb980ec97ebd9599cb951b8332449ff7115e62634486e71ec2d1ac1009d,1920,1080,2,background=0;full_court=1
tennis_fullcourt,tennis,full_court_segmentation,train,040.png,data/tennis_fullcourt/images/train/040.png,data/tennis_fullcourt/masks/train/040.png,bd3eaacf08ea3609df174e2fe7afcc82e2ff4f59c47da6a7af0c4bca67573fcc,b34081fc5d903937e862530bd5df671133d505af71e6d794a0fce5b4d3123912,1920,1080,2,background=0;full_court=1
tennis_fullcourt,tennis,full_court_segmentation,train,041.png,data/tennis_fullcourt/images/train/041.png,data/tennis_fullcourt/masks/train/041.png,d5360107f2b49bd291271fe4ec98dbb8eff59e9c28acf65c2b585f462975a183,011771a4484af7739c5810bb3da44e809b232db878d6699a992b140843ff7010,1920,1080,2,background=0;full_court=1
tennis_fullcourt,tennis,full_court_segmentation,train,042.png,data/tennis_fullcourt/images/train/042.png,data/tennis_fullcourt/masks/train/042.png,c1ef2be167a9a30ab6b83da097f261d79b063a708cf1e15b03833f2989315cb8,7a8f024a92bee22b93131b58c7e6e635a337486e5d91ccde479b4f961928d173,1920,1080,2,background=0;full_court=1
tennis_fullcourt,tennis,full_court_segmentation,train,043.png,data/tennis_fullcourt/images/train/043.png,data/tennis_fullcourt/masks/train/043.png,2780b0c020f6cde1cf8168e1fa24960609eea751f06d8319a4c03f39d3d3131a,81b648d94715447d443d009dba6a6610621f3596f0205d96a5d222b5ea39b101,1920,1080,2,background=0;full_court=1
tennis_fullcourt,tennis,full_court_segmentation,train,044.png,data/tennis_fullcourt/images/train/044.png,data/tennis_fullcourt/masks/train/044.png,f5526176b35b5ce7e7a4b96fda91a09e6c2328b6af4985e1e8d4bece0b322688,fe041bb0e2cc3f38bf8e7ffe65ad382d595fd87d1e382ba8476890f47815c0da,1920,1080,2,background=0;full_court=1
tennis_fullcourt,tennis,full_court_segmentation,train,045.png,data/tennis_fullcourt/images/train/045.png,data/tennis_fullcourt/masks/train/045.png,888d71dfecc485ba939a7102ac768a8d182749500d54ef6c3105ff27d0f60313,8dcb90a949ff4d9570c2769416fd0a66a9fb40c09e9b979dab71cecafa1b2216,1920,1080,2,background=0;full_court=1
tennis_fullcourt,tennis,full_court_segmentation,train,046.png,data/tennis_fullcourt/images/train/046.png,data/tennis_fullcourt/masks/train/046.png,c4415365de0e7bbe737daf86c07cfc4d78a1bfc8e180b4b91e2d47696ba4b38e,6991e4c3642a0daacd7e8f1a281376723b8e167b897c14690c5289ff70c30403,1920,1080,2,background=0;full_court=1
tennis_fullcourt,tennis,full_court_segmentation,train,047.png,data/tennis_fullcourt/images/train/047.png,data/tennis_fullcourt/masks/train/047.png,dc6e7b11b3ccd461bcd644ef9c6a4f63089b1987d7292722644c3a99eaaf8dee,6ac1e85ecbfbd17b7e88f1bb8423ea63c3b85420583bf8f280afefa82e2aaf68,1920,1080,2,background=0;full_court=1
tennis_fullcourt,tennis,full_court_segmentation,train,048.png,data/tennis_fullcourt/images/train/048.png,data/tennis_fullcourt/masks/train/048.png,236959b740d8755766c63e9d0abdd623c2b1348f9f87de0dcd791ab2e54e87f0,6f6189bb52ab80e60f57b2116b45a9c4778fe8ed35fa826dd9ead6008dbd766b,1920,1080,2,background=0;full_court=1
tennis_fullcourt,tennis,full_court_segmentation,train,049.png,data/tennis_fullcourt/images/train/049.png,data/tennis_fullcourt/masks/train/049.png,dd49157ddec53ab75d218e2dd15cec6c78a840c72b56a7872946d3a1b21b0320,0d66c934aa48d1cb244d8a5cea6e457e5cf1356fbaf6a9655f2f20182ae4810b,1920,1080,2,background=0;full_court=1
tennis_fullcourt,tennis,full_court_segmentation,train,050.png,data/tennis_fullcourt/images/train/050.png,data/tennis_fullcourt/masks/train/050.png,a6cd804beae1edf1dea784bb93101ee9cfff42b5f55e55057d54455b3b3105f2,c01642d6b8373fe2e4e701351d68b83367a7e7855f1ec2a027c41e6ba63d20c5,1920,1080,2,background=0;full_court=1
tennis_fullcourt,tennis,full_court_segmentation,train,051.png,data/tennis_fullcourt/images/train/051.png,data/tennis_fullcourt/masks/train/051.png,6b3485da1af2ea609fa5f4cc66da8d7057f679a40c4877a1634a56c932b7c982,c01642d6b8373fe2e4e701351d68b83367a7e7855f1ec2a027c41e6ba63d20c5,1920,1080,2,background=0;full_court=1
tennis_fullcourt,tennis,full_court_segmentation,train,053.png,data/tennis_fullcourt/images/train/053.png,data/tennis_fullcourt/masks/train/053.png,0dec5873c713b1063ce605e9fc5334af7ed7eebda96bbd1b88533406e8a979cd,b630d604240e9d3c35271526786549513915856ca0fb39f131177ada4658e3e6,1920,1080,2,background=0;full_court=1
tennis_fullcourt,tennis,full_court_segmentation,train,054.png,data/tennis_fullcourt/images/train/054.png,data/tennis_fullcourt/masks/train/054.png,83fd72ff5a45597ea93d70cbebf34129fad3e152ac66d9f78592b08c2a59020c,c4b374cd2eb35411ce6110e8c1c01faf338bc990ca74ce0364f9f6b0e14fb0a0,1920,1080,2,background=0;full_court=1
tennis_fullcourt,tennis,full_court_segmentation,train,055.png,data/tennis_fullcourt/images/train/055.png,data/tennis_fullcourt/masks/train/055.png,11dffa4f414bde8d10b5d270ea961b2d46cd9831689d1c23d5a5426aa356b467,e94bc7ac8b80bba2027f4cd6a1e3150d7872ac8e751dd95da2c1175cf257ddee,1920,1080,2,background=0;full_court=1
tennis_fullcourt,tennis,full_court_segmentation,train,056.png,data/tennis_fullcourt/images/train/056.png,data/tennis_fullcourt/masks/train/056.png,82286eb3648ed4c67f1a82a37c60ec539233642672770c746aab4f3c300057dd,e9bffb5813566a9ec033d7a07339f1c787136a7579c0459c1c8830e48148f368,1920,1080,2,background=0;full_court=1
tennis_fullcourt,tennis,full_court_segmentation,train,057.png,data/tennis_fullcourt/images/train/057.png,data/tennis_fullcourt/masks/train/057.png,2fe5dbd22d5ae6aa21b291df6735e74dd0de07f7e1005429a36919664ee7f793,1f090e80706d409a0aedf7262b7dfa44d0bfed080a70a6d4b2412a32a70c1135,1920,1080,2,background=0;full_court=1
tennis_fullcourt,tennis,full_court_segmentation,train,058.png,data/tennis_fullcourt/images/train/058.png,data/tennis_fullcourt/masks/train/058.png,61a7337b933406d709d895241fad1bf41cf40bc3c066e0749660bb4c79df7f70,923f563b706ed757dfc68c9967e9032b67bcdaf96b26bb2ffc63f5a3a5efafdb,1920,1080,2,background=0;full_court=1
tennis_fullcourt,tennis,full_court_segmentation,train,059.png,data/tennis_fullcourt/images/train/059.png,data/tennis_fullcourt/masks/train/059.png,7e8d787a8694ed7049a902e290ef6001d26c743a29b165fe9bc6c914b9342781,923f563b706ed757dfc68c9967e9032b67bcdaf96b26bb2ffc63f5a3a5efafdb,1920,1080,2,background=0;full_court=1
tennis_fullcourt,tennis,full_court_segmentation,train,061.png,data/tennis_fullcourt/images/train/061.png,data/tennis_fullcourt/masks/train/061.png,43c640ee16706eee7ae4a644f35c8a428e6d4853cb1e3fae80392f1f82d69d6e,923f563b706ed757dfc68c9967e9032b67bcdaf96b26bb2ffc63f5a3a5efafdb,1920,1080,2,background=0;full_court=1
tennis_fullcourt,tennis,full_court_segmentation,train,062.png,data/tennis_fullcourt/images/train/062.png,data/tennis_fullcourt/masks/train/062.png,486789de6f1e752b20d0c5bbfc4da27f3909c78f99355abb7b10ab93e1660f68,923f563b706ed757dfc68c9967e9032b67bcdaf96b26bb2ffc63f5a3a5efafdb,1920,1080,2,background=0;full_court=1
tennis_fullcourt,tennis,full_court_segmentation,train,063.png,data/tennis_fullcourt/images/train/063.png,data/tennis_fullcourt/masks/train/063.png,566dd9f6c15c65064cf314f134f50f48bcb97eab9823f2828f3ea6631aabec15,38f33683598819b28c6638bc8eb2a353b2911007f1ef645e3f145ce5d3b32b36,1920,1080,2,background=0;full_court=1
tennis_fullcourt,tennis,full_court_segmentation,train,065.png,data/tennis_fullcourt/images/train/065.png,data/tennis_fullcourt/masks/train/065.png,ded7021f95b1bdd0cee7135947844ac65a4b0e6dbd200134ebe31e4260db7fc1,38f33683598819b28c6638bc8eb2a353b2911007f1ef645e3f145ce5d3b32b36,1920,1080,2,background=0;full_court=1
tennis_fullcourt,tennis,full_court_segmentation,train,066.png,data/tennis_fullcourt/images/train/066.png,data/tennis_fullcourt/masks/train/066.png,a8d80396047e85e898d10cab1ca068f1acd2571e6fafe536d77995fd59705c9b,38f33683598819b28c6638bc8eb2a353b2911007f1ef645e3f145ce5d3b32b36,1920,1080,2,background=0;full_court=1
tennis_fullcourt,tennis,full_court_segmentation,train,067.png,data/tennis_fullcourt/images/train/067.png,data/tennis_fullcourt/masks/train/067.png,f7ae57e169c2712d327c3dc9d709b2b3dac1108f4ed5b493ecdf8ab6b4cd4962,02fc97e75069640243c8f473cd55ecec0f377ec1492545f2ba07d13142b2ad24,1920,1080,2,background=0;full_court=1
tennis_fullcourt,tennis,full_court_segmentation,train,068.png,data/tennis_fullcourt/images/train/068.png,data/tennis_fullcourt/masks/train/068.png,70239c9318f147ced1ec6e811ebe0ed6f87cd5c3db3fec77d32f933f3095ad06,02fc97e75069640243c8f473cd55ecec0f377ec1492545f2ba07d13142b2ad24,1920,1080,2,background=0;full_court=1
tennis_fullcourt,tennis,full_court_segmentation,train,069.png,data/tennis_fullcourt/images/train/069.png,data/tennis_fullcourt/masks/train/069.png,b6660f6f9d21f4a7302b1613479a8f33b70fa9ca3492d8208d0c9c04fb8b7937,02fc97e75069640243c8f473cd55ecec0f377ec1492545f2ba07d13142b2ad24,1920,1080,2,background=0;full_court=1
tennis_fullcourt,tennis,full_court_segmentation,train,070.png,data/tennis_fullcourt/images/train/070.png,data/tennis_fullcourt/masks/train/070.png,b9aeaf1fe4eea4caa9bc8220df695babd2d9df5b00ab0535113de97a82be62ea,02fc97e75069640243c8f473cd55ecec0f377ec1492545f2ba07d13142b2ad24,1920,1080,2,background=0;full_court=1
tennis_fullcourt,tennis,full_court_segmentation,train,071.png,data/tennis_fullcourt/images/train/071.png,data/tennis_fullcourt/masks/train/071.png,b40268bca3dea5ad66c2188e2d891200aff96e7b134964afeead6e7cca91736a,595347f744e81b838a4ad563d2a8d874ff3cd4fb5102a2824b1a796e978ae4c7,1920,1080,2,background=0;full_court=1
tennis_fullcourt,tennis,full_court_segmentation,train,072.png,data/tennis_fullcourt/images/train/072.png,data/tennis_fullcourt/masks/train/072.png,e87ac082ee4317def7608f90dee2ef2f046bd6bb197797ae74f602afeaeae68f,09b26b072961dd69c00c2d69d917a50f1744720c4fc6e45db8c0bf9610f1ead8,1920,1080,2,background=0;full_court=1
tennis_fullcourt,tennis,full_court_segmentation,train,073.png,data/tennis_fullcourt/images/train/073.png,data/tennis_fullcourt/masks/train/073.png,b3bf336ce0900be191be21ccd7d7ce70116e772e4e72721f7d9e8b60fda19de4,09b26b072961dd69c00c2d69d917a50f1744720c4fc6e45db8c0bf9610f1ead8,1920,1080,2,background=0;full_court=1
tennis_fullcourt,tennis,full_court_segmentation,train,074.png,data/tennis_fullcourt/images/train/074.png,data/tennis_fullcourt/masks/train/074.png,c5367d5013f43dda708fbfce7a697f7e01f504a484369120dba8508042957faa,38f913341b1cfaa3ee9d644a15f48a7036548e9e0d750df265d1c6649e547fc0,1920,1080,2,background=0;full_court=1
tennis_fullcourt,tennis,full_court_segmentation,train,075.png,data/tennis_fullcourt/images/train/075.png,data/tennis_fullcourt/masks/train/075.png,0a0f99b5a35b27f09a34e880cbe930e481f84b4b24e433d19083cdc30ca15fdb,38f913341b1cfaa3ee9d644a15f48a7036548e9e0d750df265d1c6649e547fc0,1920,1080,2,background=0;full_court=1
tennis_fullcourt,tennis,full_court_segmentation,train,076.png,data/tennis_fullcourt/images/train/076.png,data/tennis_fullcourt/masks/train/076.png,f8f378265120effd777293b908072d9bc35ea4e989872c4777519148046ba9e3,35a33e252f3fb532a1e78eae813bc648e8022da399b4f984140ffe38c8a17431,1920,1080,2,background=0;full_court=1
tennis_fullcourt,tennis,full_court_segmentation,train,077.png,data/tennis_fullcourt/images/train/077.png,data/tennis_fullcourt/masks/train/077.png,22ee43e040936ce7932a63c527645f4a9caf3f5d3d9b3cd79b7c83c8e11d5976,35a33e252f3fb532a1e78eae813bc648e8022da399b4f984140ffe38c8a17431,1920,1080,2,background=0;full_court=1
tennis_fullcourt,tennis,full_court_segmentation,train,078.png,data/tennis_fullcourt/images/train/078.png,data/tennis_fullcourt/masks/train/078.png,f91fd0732509eef93f844bc04213dbc755dfb0fc2faeda23c4beed3014afc1a9,35a33e252f3fb532a1e78eae813bc648e8022da399b4f984140ffe38c8a17431,1920,1080,2,background=0;full_court=1
tennis_fullcourt,tennis,full_court_segmentation,train,080.png,data/tennis_fullcourt/images/train/080.png,data/tennis_fullcourt/masks/train/080.png,b52226e2f71be721065663fec7ac29e29371cb89bb6063eeef24038bf48215dc,35a33e252f3fb532a1e78eae813bc648e8022da399b4f984140ffe38c8a17431,1920,1080,2,background=0;full_court=1
tennis_fullcourt,tennis,full_court_segmentation,train,081.png,data/tennis_fullcourt/images/train/081.png,data/tennis_fullcourt/masks/train/081.png,2f5e9a164791c61d95bc92ad646e07bd20b76728f885782d502a49895fb2b108,08bc4b1acd5bb5cd3457a43f6fbbd46c5ff939ecb8ce183f22e04fbc50ab9d6a,1920,1080,2,background=0;full_court=1
tennis_fullcourt,tennis,full_court_segmentation,train,082.png,data/tennis_fullcourt/images/train/082.png,data/tennis_fullcourt/masks/train/082.png,4e7920ca80dff4fbfceea43cda3102bfa4b8df100c07a7678007114ee96d973a,08bc4b1acd5bb5cd3457a43f6fbbd46c5ff939ecb8ce183f22e04fbc50ab9d6a,1920,1080,2,background=0;full_court=1
tennis_fullcourt,tennis,full_court_segmentation,train,083.png,data/tennis_fullcourt/images/train/083.png,data/tennis_fullcourt/masks/train/083.png,083f0b6d8c36b9e3f57b0f7e696d18899242adb007e29f7348917b890b960aac,08bc4b1acd5bb5cd3457a43f6fbbd46c5ff939ecb8ce183f22e04fbc50ab9d6a,1920,1080,2,background=0;full_court=1
tennis_fullcourt,tennis,full_court_segmentation,train,085.png,data/tennis_fullcourt/images/train/085.png,data/tennis_fullcourt/masks/train/085.png,a76b6f035dc72140ad379e7a968138efc4b99a7314fbe758acf1924479e17ad6,08bc4b1acd5bb5cd3457a43f6fbbd46c5ff939ecb8ce183f22e04fbc50ab9d6a,1920,1080,2,background=0;full_court=1
tennis_fullcourt,tennis,full_court_segmentation,train,086.png,data/tennis_fullcourt/images/train/086.png,data/tennis_fullcourt/masks/train/086.png,82767130a7f606aa7bfaf5f8a0d9263f98598ee9080d3bdc95161d87d6b2cbef,08bc4b1acd5bb5cd3457a43f6fbbd46c5ff939ecb8ce183f22e04fbc50ab9d6a,1920,1080,2,background=0;full_court=1
tennis_fullcourt,tennis,full_court_segmentation,train,087.png,data/tennis_fullcourt/images/train/087.png,data/tennis_fullcourt/masks/train/087.png,93509ca9be7c85098b6f71462777eb222b3d9f176c86aa1ffb6cca6888fd549d,08bc4b1acd5bb5cd3457a43f6fbbd46c5ff939ecb8ce183f22e04fbc50ab9d6a,1920,1080,2,background=0;full_court=1
tennis_fullcourt,tennis,full_court_segmentation,train,088.png,data/tennis_fullcourt/images/train/088.png,data/tennis_fullcourt/masks/train/088.png,1b1843374e1f22ad9482a937824a2f39e08f2b8b976d8c24e00298b811715b34,08bc4b1acd5bb5cd3457a43f6fbbd46c5ff939ecb8ce183f22e04fbc50ab9d6a,1920,1080,2,background=0;full_court=1
tennis_fullcourt,tennis,full_court_segmentation,train,089.png,data/tennis_fullcourt/images/train/089.png,data/tennis_fullcourt/masks/train/089.png,6d219cf8302acd5a1ad4726abb063c8827319923f4b83fe7bd97fe231426adc8,08bc4b1acd5bb5cd3457a43f6fbbd46c5ff939ecb8ce183f22e04fbc50ab9d6a,1920,1080,2,background=0;full_court=1
tennis_fullcourt,tennis,full_court_segmentation,train,090.png,data/tennis_fullcourt/images/train/090.png,data/tennis_fullcourt/masks/train/090.png,764d851398de450afa610f1999301d4bbbebb3d370fb89c34b3cf3c978fd5788,08bc4b1acd5bb5cd3457a43f6fbbd46c5ff939ecb8ce183f22e04fbc50ab9d6a,1920,1080,2,background=0;full_court=1
tennis_fullcourt,tennis,full_court_segmentation,train,091.png,data/tennis_fullcourt/images/train/091.png,data/tennis_fullcourt/masks/train/091.png,baf095eef0238bd89e43f91bf8646898b106dfb457dc021fa4eaa979c83c8163,18c8124d344d262a02fb35580914d3d782eb422d55a6584dc8fc1dcce3ff3b2d,1920,1080,2,background=0;full_court=1
tennis_fullcourt,tennis,full_court_segmentation,train,092.png,data/tennis_fullcourt/images/train/092.png,data/tennis_fullcourt/masks/train/092.png,d9ccc05b5c57239968e16ed9f56f80c9101b4e36a22984c6dacf414ff2e1d952,18c8124d344d262a02fb35580914d3d782eb422d55a6584dc8fc1dcce3ff3b2d,1920,1080,2,background=0;full_court=1
tennis_fullcourt,tennis,full_court_segmentation,train,093.png,data/tennis_fullcourt/images/train/093.png,data/tennis_fullcourt/masks/train/093.png,907fc825a24579e5ba65c46938d18c10513454c0bc09160c4d7da7b1220dfb8b,18c8124d344d262a02fb35580914d3d782eb422d55a6584dc8fc1dcce3ff3b2d,1920,1080,2,background=0;full_court=1
tennis_fullcourt,tennis,full_court_segmentation,train,095.png,data/tennis_fullcourt/images/train/095.png,data/tennis_fullcourt/masks/train/095.png,c10874a44832f39b889e29ae2575b49bf9b1d5e07d82ce86347b20b11e63c525,18c8124d344d262a02fb35580914d3d782eb422d55a6584dc8fc1dcce3ff3b2d,1920,1080,2,background=0;full_court=1
tennis_fullcourt,tennis,full_court_segmentation,train,096.png,data/tennis_fullcourt/images/train/096.png,data/tennis_fullcourt/masks/train/096.png,c243a34eda498119ae5f4e37cacec1bcd56e8522729e72901715304af500ce94,18c8124d344d262a02fb35580914d3d782eb422d55a6584dc8fc1dcce3ff3b2d,1920,1080,2,background=0;full_court=1
tennis_fullcourt,tennis,full_court_segmentation,train,097.png,data/tennis_fullcourt/images/train/097.png,data/tennis_fullcourt/masks/train/097.png,55b6f0e2e166011dd16a4e13bc37b801347eb72fb2cf3963abc62d27e8610b35,18c8124d344d262a02fb35580914d3d782eb422d55a6584dc8fc1dcce3ff3b2d,1920,1080,2,background=0;full_court=1
tennis_fullcourt,tennis,full_court_segmentation,train,098.png,data/tennis_fullcourt/images/train/098.png,data/tennis_fullcourt/masks/train/098.png,30ffd810694a0631604b1410ba7d726ee7643da07f35d6e257bb16310009aa59,4076d881fa35492e509b5fc008f5a27fa71aa2c9e05459d9ca54b50fe616cbf9,1920,1080,2,background=0;full_court=1
tennis_fullcourt,tennis,full_court_segmentation,train,099.png,data/tennis_fullcourt/images/train/099.png,data/tennis_fullcourt/masks/train/099.png,3ff46365ac4bf3c297134bdf1daee9a2b4cc1d045fbdbe35743e4e376e8c6202,4076d881fa35492e509b5fc008f5a27fa71aa2c9e05459d9ca54b50fe616cbf9,1920,1080,2,background=0;full_court=1
tennis_fullcourt,tennis,full_court_segmentation,train,100.png,data/tennis_fullcourt/images/train/100.png,data/tennis_fullcourt/masks/train/100.png,0ee7b32e38c4ecedba4d978015f976c24e7c57235b4648f34780c635b6ffe4a1,4076d881fa35492e509b5fc008f5a27fa71aa2c9e05459d9ca54b50fe616cbf9,1920,1080,2,background=0;full_court=1
tennis_fullcourt,tennis,full_court_segmentation,train,101.png,data/tennis_fullcourt/images/train/101.png,data/tennis_fullcourt/masks/train/101.png,cf2cf086a4590e51014b5ecf5c021b9703610d052a2d5d82ef5fcbd1ecd0b541,4076d881fa35492e509b5fc008f5a27fa71aa2c9e05459d9ca54b50fe616cbf9,1920,1080,2,background=0;full_court=1
tennis_fullcourt,tennis,full_court_segmentation,train,103.png,data/tennis_fullcourt/images/train/103.png,data/tennis_fullcourt/masks/train/103.png,c472acafca84b8710912383ddb2bcb093742ef794a2bbffd2c9c0a80b8e96b66,4076d881fa35492e509b5fc008f5a27fa71aa2c9e05459d9ca54b50fe616cbf9,1920,1080,2,background=0;full_court=1
tennis_fullcourt,tennis,full_court_segmentation,train,104.png,data/tennis_fullcourt/images/train/104.png,data/tennis_fullcourt/masks/train/104.png,d81920776b0789031bf0fd89d9fa3b6d455d666c1b5ecf03c3fb5fdf03a5b17d,4076d881fa35492e509b5fc008f5a27fa71aa2c9e05459d9ca54b50fe616cbf9,1920,1080,2,background=0;full_court=1
tennis_fullcourt,tennis,full_court_segmentation,train,105.png,data/tennis_fullcourt/images/train/105.png,data/tennis_fullcourt/masks/train/105.png,2c5c30ba68a8a461ad78afd18839a75a9a508c678ee2378032f172202b0b077c,4076d881fa35492e509b5fc008f5a27fa71aa2c9e05459d9ca54b50fe616cbf9,1920,1080,2,background=0;full_court=1
tennis_fullcourt,tennis,full_court_segmentation,train,106.png,data/tennis_fullcourt/images/train/106.png,data/tennis_fullcourt/masks/train/106.png,f75af7e9735045f0684dbb6005fb9e83f6623b41fe0d5408e18b09c681397f5f,4076d881fa35492e509b5fc008f5a27fa71aa2c9e05459d9ca54b50fe616cbf9,1920,1080,2,background=0;full_court=1
tennis_fullcourt,tennis,full_court_segmentation,train,109.png,data/tennis_fullcourt/images/train/109.png,data/tennis_fullcourt/masks/train/109.png,3097f4d5ee922f7ffb37fe39c7c775bcc478ff63cf8a5bdc2895859d128bc999,23726c53d86c26b2bab89a2321a3bd04fecc7588a1ab1e9c8b7ed92267b664fc,1920,1080,2,background=0;full_court=1
tennis_fullcourt,tennis,full_court_segmentation,train,112.png,data/tennis_fullcourt/images/train/112.png,data/tennis_fullcourt/masks/train/112.png,c40ed709552a1c17875dac3f0c48d98126f4329242012ea93f336041e0f7e6c4,6bb2060f2bcbf33b6d44db7197599c98979fc28c2615ebd620c8921dedb96658,1920,1080,2,background=0;full_court=1
tennis_fullcourt,tennis,full_court_segmentation,train,113.png,data/tennis_fullcourt/images/train/113.png,data/tennis_fullcourt/masks/train/113.png,7c8a956a3374e2de5896a15855577976568dc2074572f90e587222b820e9a72c,5e5cfeb3e5e7c78ca4b40e09d411d5ff2bd29a8e35d291c5f453d3af44c641a5,1920,1080,2,background=0;full_court=1
tennis_fullcourt,tennis,full_court_segmentation,train,114.png,data/tennis_fullcourt/images/train/114.png,data/tennis_fullcourt/masks/train/114.png,d18ff1656d7f98fd1b351ed1c13099133c1c4390759f322a924d1aed5e0cca6d,323a322fab7b0d25e05a4d50a712f6b56c9d798483d96b878399f45433256f48,1920,1080,2,background=0;full_court=1
tennis_fullcourt,tennis,full_court_segmentation,train,115.png,data/tennis_fullcourt/images/train/115.png,data/tennis_fullcourt/masks/train/115.png,9c14a8c2434db01319e6ba9727174e38de4acf1e4e13fdf63426792b87b2ef5b,323a322fab7b0d25e05a4d50a712f6b56c9d798483d96b878399f45433256f48,1920,1080,2,background=0;full_court=1
tennis_fullcourt,tennis,full_court_segmentation,train,117.png,data/tennis_fullcourt/images/train/117.png,data/tennis_fullcourt/masks/train/117.png,8d762607154f376eeed1bcdf4a86f8f644b98fc0a14d0c0ca6704d64e9a4cf8b,47600597f5eb0e943d91a72297b69d6f591c9aa80885f2ff750bcd3a835eb592,1920,1080,2,background=0;full_court=1
tennis_fullcourt,tennis,full_court_segmentation,train,118.png,data/tennis_fullcourt/images/train/118.png,data/tennis_fullcourt/masks/train/118.png,2fc7988546b77f7caef748201a16dfae823f884756941beed4a81a76056af9dd,a7a4434fa04adea278b9672a9c385832a850655da6c518977f5128722bc863b5,1920,1080,2,background=0;full_court=1
tennis_fullcourt,tennis,full_court_segmentation,train,119.png,data/tennis_fullcourt/images/train/119.png,data/tennis_fullcourt/masks/train/119.png,75c9a21e2ceff35e07a991f5756ed2e1e745e105a6e724374ed08dcfce210283,a7a4434fa04adea278b9672a9c385832a850655da6c518977f5128722bc863b5,1920,1080,2,background=0;full_court=1
tennis_fullcourt,tennis,full_court_segmentation,train,120.png,data/tennis_fullcourt/images/train/120.png,data/tennis_fullcourt/masks/train/120.png,f171d5f8233e8362faa8a190ba396d5d3c6a936c2f6dac9bdbb74d298c79e002,a7a4434fa04adea278b9672a9c385832a850655da6c518977f5128722bc863b5,1920,1080,2,background=0;full_court=1
tennis_fullcourt,tennis,full_court_segmentation,train,122.png,data/tennis_fullcourt/images/train/122.png,data/tennis_fullcourt/masks/train/122.png,8db07c94cff9c42cf3b0c857b6c00ce3fce373ef17c448f9df5aeefa24e10153,a7a4434fa04adea278b9672a9c385832a850655da6c518977f5128722bc863b5,1920,1080,2,background=0;full_court=1
tennis_fullcourt,tennis,full_court_segmentation,train,123.png,data/tennis_fullcourt/images/train/123.png,data/tennis_fullcourt/masks/train/123.png,19a12c60f32403cc3017bb044c5a523046a0e378374658fb611e7b2672ddb159,4f48dbc54191707689ba6bf8c9c7797b6946be8eb627c52cf607aa62fa385b51,1920,1080,2,background=0;full_court=1
tennis_fullcourt,tennis,full_court_segmentation,train,124.png,data/tennis_fullcourt/images/train/124.png,data/tennis_fullcourt/masks/train/124.png,caef794f41ac7fd9a2198100a3241d56bc6fc968a44931909b70d61402d4a391,4f48dbc54191707689ba6bf8c9c7797b6946be8eb627c52cf607aa62fa385b51,1920,1080,2,background=0;full_court=1
tennis_fullcourt,tennis,full_court_segmentation,train,125.png,data/tennis_fullcourt/images/train/125.png,data/tennis_fullcourt/masks/train/125.png,e10050cdfe18486e2799e7bf3d28e55bc63ff8b78a30adaf4a9ff1bf370ebbf7,4f48dbc54191707689ba6bf8c9c7797b6946be8eb627c52cf607aa62fa385b51,1920,1080,2,background=0;full_court=1
tennis_fullcourt,tennis,full_court_segmentation,train,126.png,data/tennis_fullcourt/images/train/126.png,data/tennis_fullcourt/masks/train/126.png,002c9163e585f567019f423bc314d1782646605d08eaa8d5cb97703621ab9a44,4f48dbc54191707689ba6bf8c9c7797b6946be8eb627c52cf607aa62fa385b51,1920,1080,2,background=0;full_court=1
tennis_fullcourt,tennis,full_court_segmentation,train,127.png,data/tennis_fullcourt/images/train/127.png,data/tennis_fullcourt/masks/train/127.png,4283c1890e98a43c9548bfd94c9512e7ba81564b796eaf3da197fdcf3d3c244e,4f48dbc54191707689ba6bf8c9c7797b6946be8eb627c52cf607aa62fa385b51,1920,1080,2,background=0;full_court=1
tennis_fullcourt,tennis,full_court_segmentation,train,128.png,data/tennis_fullcourt/images/train/128.png,data/tennis_fullcourt/masks/train/128.png,97358fb647f2908c01d314c55a4170d959314af85ab21f33d6be5d9dc172e515,4f48dbc54191707689ba6bf8c9c7797b6946be8eb627c52cf607aa62fa385b51,1920,1080,2,background=0;full_court=1
tennis_fullcourt,tennis,full_court_segmentation,train,129.png,data/tennis_fullcourt/images/train/129.png,data/tennis_fullcourt/masks/train/129.png,ea9c6a403ee76a0da66ec06802ae179abf15217d2c5f405f44b80fc3bfc2ffa1,4f48dbc54191707689ba6bf8c9c7797b6946be8eb627c52cf607aa62fa385b51,1920,1080,2,background=0;full_court=1
tennis_fullcourt,tennis,full_court_segmentation,train,130.png,data/tennis_fullcourt/images/train/130.png,data/tennis_fullcourt/masks/train/130.png,54becd44804813ab756119885d06153f682d3599476c733d86b9f52fc23d8faf,4f48dbc54191707689ba6bf8c9c7797b6946be8eb627c52cf607aa62fa385b51,1920,1080,2,background=0;full_court=1
tennis_fullcourt,tennis,full_court_segmentation,train,131.png,data/tennis_fullcourt/images/train/131.png,data/tennis_fullcourt/masks/train/131.png,0b2c93ae6f6d37bb26f95a0588c75410590ed3b7afdf88d58714dea54636cbff,4f48dbc54191707689ba6bf8c9c7797b6946be8eb627c52cf607aa62fa385b51,1920,1080,2,background=0;full_court=1
tennis_fullcourt,tennis,full_court_segmentation,train,133.png,data/tennis_fullcourt/images/train/133.png,data/tennis_fullcourt/masks/train/133.png,822d308665449f2195ce70a359044bd7bb9fe71ce9f09121259391f483c05f5f,4f48dbc54191707689ba6bf8c9c7797b6946be8eb627c52cf607aa62fa385b51,1920,1080,2,background=0;full_court=1
tennis_fullcourt,tennis,full_court_segmentation,train,134.png,data/tennis_fullcourt/images/train/134.png,data/tennis_fullcourt/masks/train/134.png,546f2aa0990f88e85a42958cb96cacfde89f46f0b2679b556c10a89b794b27f7,4f48dbc54191707689ba6bf8c9c7797b6946be8eb627c52cf607aa62fa385b51,1920,1080,2,background=0;full_court=1
tennis_fullcourt,tennis,full_court_segmentation,train,135.png,data/tennis_fullcourt/images/train/135.png,data/tennis_fullcourt/masks/train/135.png,bd1231c78c9a2adaa13dd4c4682a9f0d52029acce0ac557e5c240d507b79e4ef,98b0c4abc5a2d5d67ce55bce088fd05a166a03ad19cd14e68d363818c6500b84,1920,1080,2,background=0;full_court=1
tennis_fullcourt,tennis,full_court_segmentation,train,136.png,data/tennis_fullcourt/images/train/136.png,data/tennis_fullcourt/masks/train/136.png,2d719f02e057d53eb1c9e6d1cf72fa265115ef8664100416db44140a2d2a35bd,98b0c4abc5a2d5d67ce55bce088fd05a166a03ad19cd14e68d363818c6500b84,1920,1080,2,background=0;full_court=1
tennis_fullcourt,tennis,full_court_segmentation,train,137.png,data/tennis_fullcourt/images/train/137.png,data/tennis_fullcourt/masks/train/137.png,ea8608ac5fee1af917fb3d199d3f72f8715ed8bb9647afa9334176fa71dadee6,98b0c4abc5a2d5d67ce55bce088fd05a166a03ad19cd14e68d363818c6500b84,1920,1080,2,background=0;full_court=1
tennis_fullcourt,tennis,full_court_segmentation,train,138.png,data/tennis_fullcourt/images/train/138.png,data/tennis_fullcourt/masks/train/138.png,c92a979ad68407306b1ffec9b5c5c808deafbb16834cad335e43950463516519,98b0c4abc5a2d5d67ce55bce088fd05a166a03ad19cd14e68d363818c6500b84,1920,1080,2,background=0;full_court=1
tennis_fullcourt,tennis,full_court_segmentation,train,139.png,data/tennis_fullcourt/images/train/139.png,data/tennis_fullcourt/masks/train/139.png,b787811e420f4074c54a07faa696d82e15d10ee747555a1dad3e7c4ef85672fc,98b0c4abc5a2d5d67ce55bce088fd05a166a03ad19cd14e68d363818c6500b84,1920,1080,2,background=0;full_court=1
tennis_fullcourt,tennis,full_court_segmentation,train,140.png,data/tennis_fullcourt/images/train/140.png,data/tennis_fullcourt/masks/train/140.png,be5bce8e2875158f1f693b3f8b191bc5499d1807774b6fc6e96a82d8429187a7,6a40420c83c93d9f5a85fab254c06d199a34a48fff01e028063b1ab3e88039eb,1920,1080,2,background=0;full_court=1
tennis_fullcourt,tennis,full_court_segmentation,train,141.png,data/tennis_fullcourt/images/train/141.png,data/tennis_fullcourt/masks/train/141.png,e15b74c1b13aa3677f1d988848a1e8ca5340b5c10b3bbf79d1087b4bddbfde00,6a40420c83c93d9f5a85fab254c06d199a34a48fff01e028063b1ab3e88039eb,1920,1080,2,background=0;full_court=1
tennis_fullcourt,tennis,full_court_segmentation,train,142.png,data/tennis_fullcourt/images/train/142.png,data/tennis_fullcourt/masks/train/142.png,278b05d0dea6a0ca44e132df2b16ba7d90b0efa3ba048b42b7a5f67e4b432419,6a40420c83c93d9f5a85fab254c06d199a34a48fff01e028063b1ab3e88039eb,1920,1080,2,background=0;full_court=1
tennis_fullcourt,tennis,full_court_segmentation,train,143.png,data/tennis_fullcourt/images/train/143.png,data/tennis_fullcourt/masks/train/143.png,27ca99213d9d1cfa001a4a09cdc8aae8dd518423bc94e45eb3d9c0ba5f3e1ec6,6a40420c83c93d9f5a85fab254c06d199a34a48fff01e028063b1ab3e88039eb,1920,1080,2,background=0;full_court=1
tennis_fullcourt,tennis,full_court_segmentation,train,144.png,data/tennis_fullcourt/images/train/144.png,data/tennis_fullcourt/masks/train/144.png,e0bb493214d434982a35accafa5e3b288c8655c672bef28576decfcfe09c253c,6a40420c83c93d9f5a85fab254c06d199a34a48fff01e028063b1ab3e88039eb,1920,1080,2,background=0;full_court=1
tennis_fullcourt,tennis,full_court_segmentation,train,145.png,data/tennis_fullcourt/images/train/145.png,data/tennis_fullcourt/masks/train/145.png,b0de65fd0050627a37ec05fdad743f8b7e7704d0915eb649c5e3034a3cb2110d,6a40420c83c93d9f5a85fab254c06d199a34a48fff01e028063b1ab3e88039eb,1920,1080,2,background=0;full_court=1
tennis_fullcourt,tennis,full_court_segmentation,train,147.png,data/tennis_fullcourt/images/train/147.png,data/tennis_fullcourt/masks/train/147.png,f25c4cf0e6f7e66eeb1b3f5bb23057c958f2f3d314d7b269bbd722b38da8251a,e09078714b6696dc1b2b17834baad2fa513e0dd606a68d959719b7b9ca7363c4,1920,1080,2,background=0;full_court=1
tennis_fullcourt,tennis,full_court_segmentation,train,148.png,data/tennis_fullcourt/images/train/148.png,data/tennis_fullcourt/masks/train/148.png,0e5701c5cafa6a34df61a38257e1e1fb3293c81a553f8fac90006218d77cad75,e09078714b6696dc1b2b17834baad2fa513e0dd606a68d959719b7b9ca7363c4,1920,1080,2,background=0;full_court=1
tennis_fullcourt,tennis,full_court_segmentation,train,150.png,data/tennis_fullcourt/images/train/150.png,data/tennis_fullcourt/masks/train/150.png,65d45832b092e796cba709648d8d315eb6fe62557f70298e25e7269da3687a98,48a702b6ac004d9bb439aa09faf4dea1be5685e95130cc35d2587c5f17a2d84e,1920,1080,2,background=0;full_court=1
tennis_fullcourt,tennis,full_court_segmentation,train,151.png,data/tennis_fullcourt/images/train/151.png,data/tennis_fullcourt/masks/train/151.png,c3a811cb946126f72c59bdecfc9a45e3157ddb96c50a1773f5c0569d8ccbf7cf,48a702b6ac004d9bb439aa09faf4dea1be5685e95130cc35d2587c5f17a2d84e,1920,1080,2,background=0;full_court=1
tennis_fullcourt,tennis,full_court_segmentation,train,152.png,data/tennis_fullcourt/images/train/152.png,data/tennis_fullcourt/masks/train/152.png,0f559e4615cf55cae0c263bb2b29be074d5d8a9ea8f5af9c337b414f89da0f03,48a702b6ac004d9bb439aa09faf4dea1be5685e95130cc35d2587c5f17a2d84e,1920,1080,2,background=0;full_court=1
tennis_fullcourt,tennis,full_court_segmentation,train,153.png,data/tennis_fullcourt/images/train/153.png,data/tennis_fullcourt/masks/train/153.png,d7d6d7ff1a2153d7f0512902f22baf3eb1c528f2c0cbc563db24e719b6106c45,0869a192102b0e643ac30f70bd5593404ac292566104ea18cfdf0bdda112bccd,1920,1080,2,background=0;full_court=1
tennis_fullcourt,tennis,full_court_segmentation,train,154.png,data/tennis_fullcourt/images/train/154.png,data/tennis_fullcourt/masks/train/154.png,e77ed53babb186b8c13a3e6db565a327cf7932f4f90ac711afe851fe30663753,0869a192102b0e643ac30f70bd5593404ac292566104ea18cfdf0bdda112bccd,1920,1080,2,background=0;full_court=1
tennis_fullcourt,tennis,full_court_segmentation,train,155.png,data/tennis_fullcourt/images/train/155.png,data/tennis_fullcourt/masks/train/155.png,33298f297daec2140563a7096eef9e076389f0162cca34cde89da5d7297dc2b9,0869a192102b0e643ac30f70bd5593404ac292566104ea18cfdf0bdda112bccd,1920,1080,2,background=0;full_court=1
tennis_fullcourt,tennis,full_court_segmentation,train,157.png,data/tennis_fullcourt/images/train/157.png,data/tennis_fullcourt/masks/train/157.png,955be1bce98c7c60990d151f7db84edee731a64e2d4067fbc003b23f17393edc,fb1a42b2b70cc573c5ee895b221e396229b8b7a6ad44410c30e70eb059faf66a,1920,1080,2,background=0;full_court=1
tennis_fullcourt,tennis,full_court_segmentation,train,158.png,data/tennis_fullcourt/images/train/158.png,data/tennis_fullcourt/masks/train/158.png,bd05d9914306f9d0a48f9d5ba65913ed42464e86326a451f158f2e1c61ab57f8,fb1a42b2b70cc573c5ee895b221e396229b8b7a6ad44410c30e70eb059faf66a,1920,1080,2,background=0;full_court=1
tennis_fullcourt,tennis,full_court_segmentation,train,161.png,data/tennis_fullcourt/images/train/161.png,data/tennis_fullcourt/masks/train/161.png,3629c51896fa12aad3c1d0f8fd91e36accc8eeee5eb1b865f9799fcf36cc30ee,fb1a42b2b70cc573c5ee895b221e396229b8b7a6ad44410c30e70eb059faf66a,1920,1080,2,background=0;full_court=1
tennis_fullcourt,tennis,full_court_segmentation,train,162.png,data/tennis_fullcourt/images/train/162.png,data/tennis_fullcourt/masks/train/162.png,0eb653373a13d3b7797d2620bdc151af5ba5c97441ddf10a011faa4ab06bbcc7,ec764a54a6e7f43bb9ae9c19566574e4a842dfaf2e1fb5f9dbb61788c601012b,1920,1080,2,background=0;full_court=1
tennis_fullcourt,tennis,full_court_segmentation,train,163.png,data/tennis_fullcourt/images/train/163.png,data/tennis_fullcourt/masks/train/163.png,663adbb0bccdfe861587b566d32ac49ae45491b327d9a7fac87e79ab1e1ac465,ec764a54a6e7f43bb9ae9c19566574e4a842dfaf2e1fb5f9dbb61788c601012b,1920,1080,2,background=0;full_court=1
tennis_fullcourt,tennis,full_court_segmentation,train,164.png,data/tennis_fullcourt/images/train/164.png,data/tennis_fullcourt/masks/train/164.png,66156a4c8b7ff9f5345c6af6f58e8548f8b36f7cf4419809c5c3fefb82bed298,ec764a54a6e7f43bb9ae9c19566574e4a842dfaf2e1fb5f9dbb61788c601012b,1920,1080,2,background=0;full_court=1
tennis_fullcourt,tennis,full_court_segmentation,train,165.png,data/tennis_fullcourt/images/train/165.png,data/tennis_fullcourt/masks/train/165.png,4ae199c19f90c5c9870260b76cdadde0f1bf5101beb6f39307f1bc410c3601d7,ec764a54a6e7f43bb9ae9c19566574e4a842dfaf2e1fb5f9dbb61788c601012b,1920,1080,2,background=0;full_court=1
tennis_fullcourt,tennis,full_court_segmentation,train,166.png,data/tennis_fullcourt/images/train/166.png,data/tennis_fullcourt/masks/train/166.png,f909ca76d42aa06421af506a3736fd440c9648c03e4f74fbc088c88c678dac94,ec764a54a6e7f43bb9ae9c19566574e4a842dfaf2e1fb5f9dbb61788c601012b,1920,1080,2,background=0;full_court=1
tennis_fullcourt,tennis,full_court_segmentation,train,167.png,data/tennis_fullcourt/images/train/167.png,data/tennis_fullcourt/masks/train/167.png,bcb774cc6711be7bd6c72113c28a8be45109c8404aea42d977f9ae5e500fd42f,d99c6cc57fa7d9baafcf7cae40c7753a62aeaa5a334a1a733edbca868e1e1fff,1920,1080,2,background=0;full_court=1
tennis_fullcourt,tennis,full_court_segmentation,train,168.png,data/tennis_fullcourt/images/train/168.png,data/tennis_fullcourt/masks/train/168.png,c5cff2ea4dbecc6b159690cc90b9f9a6d4adf359ab98823870c98765a85c442c,d99c6cc57fa7d9baafcf7cae40c7753a62aeaa5a334a1a733edbca868e1e1fff,1920,1080,2,background=0;full_court=1
tennis_fullcourt,tennis,full_court_segmentation,train,169.png,data/tennis_fullcourt/images/train/169.png,data/tennis_fullcourt/masks/train/169.png,eee0c2e7c48edc0f0ff867e12342e486dcb371054770af6977ebf656d58e95d0,d99c6cc57fa7d9baafcf7cae40c7753a62aeaa5a334a1a733edbca868e1e1fff,1920,1080,2,background=0;full_court=1
tennis_fullcourt,tennis,full_court_segmentation,train,170.png,data/tennis_fullcourt/images/train/170.png,data/tennis_fullcourt/masks/train/170.png,a8d2ff5acc37f51329ffbb4a2594b57b8e7c12aed2f31df474a4463007852515,d99c6cc57fa7d9baafcf7cae40c7753a62aeaa5a334a1a733edbca868e1e1fff,1920,1080,2,background=0;full_court=1
tennis_fullcourt,tennis,full_court_segmentation,train,172.png,data/tennis_fullcourt/images/train/172.png,data/tennis_fullcourt/masks/train/172.png,57684e188b1c2223e96925f2fd6c0cf81aee7ad783945191e3e03a2699f53d24,dd3b4cbef7f9ef4cc4f5ca0f79d0f1a5b42b72c78cc95a45c9b9603e02b00336,1920,1080,2,background=0;full_court=1
tennis_fullcourt,tennis,full_court_segmentation,train,173.png,data/tennis_fullcourt/images/train/173.png,data/tennis_fullcourt/masks/train/173.png,8375615bcfddcd165ac6a64ef1337f5f25c6a1f88e73741db76c5afae025025d,f8fb8a0e6196a9c3413c1c2d6aaab023025965bf4117436ada10ef73d72f7b54,1920,1080,2,background=0;full_court=1
tennis_fullcourt,tennis,full_court_segmentation,train,174.png,data/tennis_fullcourt/images/train/174.png,data/tennis_fullcourt/masks/train/174.png,4edec7a717356d5a984bd4a9e6ae63384c9388236bdf0390fae7779318664ead,c2c5ac6a249376f6e9bd89cf40bc4b98f40c338cad820737810be0d6602f4d6d,1920,1080,2,background=0;full_court=1
tennis_fullcourt,tennis,full_court_segmentation,train,175.png,data/tennis_fullcourt/images/train/175.png,data/tennis_fullcourt/masks/train/175.png,7bf9e2d30d77bc8724761e4fcb79712a0333dd336f9342913bf3e9d4f11e6cf3,c2c5ac6a249376f6e9bd89cf40bc4b98f40c338cad820737810be0d6602f4d6d,1920,1080,2,background=0;full_court=1
tennis_fullcourt,tennis,full_court_segmentation,train,176.png,data/tennis_fullcourt/images/train/176.png,data/tennis_fullcourt/masks/train/176.png,b569664231558cbbc84595a2713d771f59a1d92e7126d7b4a7c85889359c5def,c2c5ac6a249376f6e9bd89cf40bc4b98f40c338cad820737810be0d6602f4d6d,1920,1080,2,background=0;full_court=1
tennis_fullcourt,tennis,full_court_segmentation,train,177.png,data/tennis_fullcourt/images/train/177.png,data/tennis_fullcourt/masks/train/177.png,eeeb975dad6892a011af1082e16d9e3de7519293ef3e82b05c6671ef7fd5c16f,c2c5ac6a249376f6e9bd89cf40bc4b98f40c338cad820737810be0d6602f4d6d,1920,1080,2,background=0;full_court=1
tennis_fullcourt,tennis,full_court_segmentation,train,178.png,data/tennis_fullcourt/images/train/178.png,data/tennis_fullcourt/masks/train/178.png,e2ea411d3460ef1e3e2032ccd93611467d93352ab55066b3986e2839bb5ec32e,c2c5ac6a249376f6e9bd89cf40bc4b98f40c338cad820737810be0d6602f4d6d,1920,1080,2,background=0;full_court=1
tennis_fullcourt,tennis,full_court_segmentation,train,179.png,data/tennis_fullcourt/images/train/179.png,data/tennis_fullcourt/masks/train/179.png,1401e0ab1acf456cf5b6156a02fcbe4719b91dade9e524bad6c9cfb6a7537fc6,c2c5ac6a249376f6e9bd89cf40bc4b98f40c338cad820737810be0d6602f4d6d,1920,1080,2,background=0;full_court=1
tennis_fullcourt,tennis,full_court_segmentation,train,180.png,data/tennis_fullcourt/images/train/180.png,data/tennis_fullcourt/masks/train/180.png,fdd2b11b76ffd098c4b619093f77f90ab8ca589348d2f2e1a37d4339b8a79e94,c2c5ac6a249376f6e9bd89cf40bc4b98f40c338cad820737810be0d6602f4d6d,1920,1080,2,background=0;full_court=1
tennis_fullcourt,tennis,full_court_segmentation,train,182.png,data/tennis_fullcourt/images/train/182.png,data/tennis_fullcourt/masks/train/182.png,1ae01f84be508673b5380d5cf003d964aa9566250a0e3c96f428c3330bfdec25,c2c5ac6a249376f6e9bd89cf40bc4b98f40c338cad820737810be0d6602f4d6d,1920,1080,2,background=0;full_court=1
tennis_fullcourt,tennis,full_court_segmentation,train,183.png,data/tennis_fullcourt/images/train/183.png,data/tennis_fullcourt/masks/train/183.png,e1e8b6130eeb2f3896629dcaa8df23f6dab3a29de931ab84a37e5f88011e5269,c2c5ac6a249376f6e9bd89cf40bc4b98f40c338cad820737810be0d6602f4d6d,1920,1080,2,background=0;full_court=1
tennis_fullcourt,tennis,full_court_segmentation,train,184.png,data/tennis_fullcourt/images/train/184.png,data/tennis_fullcourt/masks/train/184.png,22de3bbaa8da79ed95954499a5c9e066ca1407887b03dd93ff7d22a192d32aad,c2c5ac6a249376f6e9bd89cf40bc4b98f40c338cad820737810be0d6602f4d6d,1920,1080,2,background=0;full_court=1
tennis_fullcourt,tennis,full_court_segmentation,train,185.png,data/tennis_fullcourt/images/train/185.png,data/tennis_fullcourt/masks/train/185.png,afd9015b1651723ef16b59c00f886c0a755f564d6cfb99cd3939f0668ef702b9,c2c5ac6a249376f6e9bd89cf40bc4b98f40c338cad820737810be0d6602f4d6d,1920,1080,2,background=0;full_court=1
tennis_fullcourt,tennis,full_court_segmentation,train,186.png,data/tennis_fullcourt/images/train/186.png,data/tennis_fullcourt/masks/train/186.png,7efd989d2ca81c9242ca29dbf124ecb73b55e300bf4197299813fae974daffe8,c2c5ac6a249376f6e9bd89cf40bc4b98f40c338cad820737810be0d6602f4d6d,1920,1080,2,background=0;full_court=1
tennis_fullcourt,tennis,full_court_segmentation,train,187.png,data/tennis_fullcourt/images/train/187.png,data/tennis_fullcourt/masks/train/187.png,b41d926cc0ac1066d32a300aaad5dd890a87b839f9ec5d36f8d7d82ec1db2097,c2c5ac6a249376f6e9bd89cf40bc4b98f40c338cad820737810be0d6602f4d6d,1920,1080,2,background=0;full_court=1
tennis_fullcourt,tennis,full_court_segmentation,train,189.png,data/tennis_fullcourt/images/train/189.png,data/tennis_fullcourt/masks/train/189.png,6e75dfa92b5653874fab27aac04246a82dd730f25902066fb91db9e1a69649f1,c2c5ac6a249376f6e9bd89cf40bc4b98f40c338cad820737810be0d6602f4d6d,1920,1080,2,background=0;full_court=1
tennis_fullcourt,tennis,full_court_segmentation,train,190.png,data/tennis_fullcourt/images/train/190.png,data/tennis_fullcourt/masks/train/190.png,cb39a8eecfeb3f8b37d29a163c9cce5556a27a1a6f382694f0bbec3a3efb164f,c2c5ac6a249376f6e9bd89cf40bc4b98f40c338cad820737810be0d6602f4d6d,1920,1080,2,background=0;full_court=1
tennis_fullcourt,tennis,full_court_segmentation,train,191.png,data/tennis_fullcourt/images/train/191.png,data/tennis_fullcourt/masks/train/191.png,3e29ef17a14b926905057c218657fe5662ed19c99cc27b6b7725148f1821dbe0,305265acddad981e2a22cbe7e4fafb6b46dfabbb24f2427fd7636ed398a60cfe,1920,1080,2,background=0;full_court=1
tennis_fullcourt,tennis,full_court_segmentation,train,193.png,data/tennis_fullcourt/images/train/193.png,data/tennis_fullcourt/masks/train/193.png,f83114c29f90cad4b47a6a673b45eb9728611e0a7d69d1f18f77e26dd5118f6f,305265acddad981e2a22cbe7e4fafb6b46dfabbb24f2427fd7636ed398a60cfe,1920,1080,2,background=0;full_court=1
tennis_fullcourt,tennis,full_court_segmentation,train,194.png,data/tennis_fullcourt/images/train/194.png,data/tennis_fullcourt/masks/train/194.png,a546f2ccb773002f593e4d435b659b1eef79afb3636e8daaa69c625c13d5c40e,3f30c7da0390cb045f1d454471e8d00ffb7ed5e99d0e459c64703a3fe81394ed,1920,1080,2,background=0;full_court=1
tennis_fullcourt,tennis,full_court_segmentation,train,195.png,data/tennis_fullcourt/images/train/195.png,data/tennis_fullcourt/masks/train/195.png,cd9fe4fff63d8655be336bbd0651e4008de8dd94fdf7d722de0e264d50f16dac,3f30c7da0390cb045f1d454471e8d00ffb7ed5e99d0e459c64703a3fe81394ed,1920,1080,2,background=0;full_court=1
tennis_fullcourt,tennis,full_court_segmentation,train,196.png,data/tennis_fullcourt/images/train/196.png,data/tennis_fullcourt/masks/train/196.png,af8f64ae424f75155c9d21897369caa947f9da0ce505626a9312bd9119770f14,05d69161d440b234dbaa845e10d9c7e330873a2a617c22b8d5412420bb3e6084,1920,1080,2,background=0;full_court=1
tennis_fullcourt,tennis,full_court_segmentation,train,198.png,data/tennis_fullcourt/images/train/198.png,data/tennis_fullcourt/masks/train/198.png,2f0538b1865cc81f839b4d4d96f066093353d09e40b68615e4e44287c327be85,05d69161d440b234dbaa845e10d9c7e330873a2a617c22b8d5412420bb3e6084,1920,1080,2,background=0;full_court=1
tennis_fullcourt,tennis,full_court_segmentation,train,199.png,data/tennis_fullcourt/images/train/199.png,data/tennis_fullcourt/masks/train/199.png,f4367b3b8f31d73f7cbb36a4a91e3364d4e7a2cd3abae61538a0219347177c1b,05d69161d440b234dbaa845e10d9c7e330873a2a617c22b8d5412420bb3e6084,1920,1080,2,background=0;full_court=1
tennis_fullcourt,tennis,full_court_segmentation,train,200.png,data/tennis_fullcourt/images/train/200.png,data/tennis_fullcourt/masks/train/200.png,da06a5bb97933953665751e4b910ebc831cb8ae620954b553538605a0b1e57f6,05d69161d440b234dbaa845e10d9c7e330873a2a617c22b8d5412420bb3e6084,1920,1080,2,background=0;full_court=1
tennis_fullcourt,tennis,full_court_segmentation,train,201.png,data/tennis_fullcourt/images/train/201.png,data/tennis_fullcourt/masks/train/201.png,367dd9270f638e047bbf6a3ddcda3a095d6f45cb74ff904be64741a0bed06470,05d69161d440b234dbaa845e10d9c7e330873a2a617c22b8d5412420bb3e6084,1920,1080,2,background=0;full_court=1
tennis_fullcourt,tennis,full_court_segmentation,train,202.png,data/tennis_fullcourt/images/train/202.png,data/tennis_fullcourt/masks/train/202.png,145a6d0a21569bdb6632d42327ac7c96914ac990fe682357a0a47a5531b7cdbb,05d69161d440b234dbaa845e10d9c7e330873a2a617c22b8d5412420bb3e6084,1920,1080,2,background=0;full_court=1
tennis_fullcourt,tennis,full_court_segmentation,train,204.png,data/tennis_fullcourt/images/train/204.png,data/tennis_fullcourt/masks/train/204.png,bcdb4d3880d111c57d4ef36ff27dd0b55dc9aaddaeda8c7677038514dcb4c987,05d69161d440b234dbaa845e10d9c7e330873a2a617c22b8d5412420bb3e6084,1920,1080,2,background=0;full_court=1
tennis_fullcourt,tennis,full_court_segmentation,train,205.png,data/tennis_fullcourt/images/train/205.png,data/tennis_fullcourt/masks/train/205.png,c2c31c3dee76fd394b5fea924e88b5b18b774f65ab85f998848048ef677e2295,05d69161d440b234dbaa845e10d9c7e330873a2a617c22b8d5412420bb3e6084,1920,1080,2,background=0;full_court=1
tennis_fullcourt,tennis,full_court_segmentation,train,206.png,data/tennis_fullcourt/images/train/206.png,data/tennis_fullcourt/masks/train/206.png,286e2619a24d485135ef468f8c04e64e8338d4814c8f3ecd3f3f311f03c25379,05d69161d440b234dbaa845e10d9c7e330873a2a617c22b8d5412420bb3e6084,1920,1080,2,background=0;full_court=1
tennis_fullcourt,tennis,full_court_segmentation,train,207.png,data/tennis_fullcourt/images/train/207.png,data/tennis_fullcourt/masks/train/207.png,6038dc77de7e8fe94ba934b3b83c9509f6647cd7597e800d1bded34a8130d1ce,05d69161d440b234dbaa845e10d9c7e330873a2a617c22b8d5412420bb3e6084,1920,1080,2,background=0;full_court=1
tennis_fullcourt,tennis,full_court_segmentation,train,209.png,data/tennis_fullcourt/images/train/209.png,data/tennis_fullcourt/masks/train/209.png,90d25a87c57db28ee6bdb6bdd0002182a58e9d3b50be5c8df112a9d5fd7d4913,05d69161d440b234dbaa845e10d9c7e330873a2a617c22b8d5412420bb3e6084,1920,1080,2,background=0;full_court=1
tennis_fullcourt,tennis,full_court_segmentation,train,210.png,data/tennis_fullcourt/images/train/210.png,data/tennis_fullcourt/masks/train/210.png,30f652967ad9557010a838d82fc95e6085a9a519f351e83ecb10c97bb26925c7,05d69161d440b234dbaa845e10d9c7e330873a2a617c22b8d5412420bb3e6084,1920,1080,2,background=0;full_court=1
tennis_fullcourt,tennis,full_court_segmentation,train,212.png,data/tennis_fullcourt/images/train/212.png,data/tennis_fullcourt/masks/train/212.png,8aab311d2bc90976a12fc37e9d2b8a7f739763e315bf7b340481c831130b8ee8,05d69161d440b234dbaa845e10d9c7e330873a2a617c22b8d5412420bb3e6084,1920,1080,2,background=0;full_court=1
tennis_fullcourt,tennis,full_court_segmentation,train,214.png,data/tennis_fullcourt/images/train/214.png,data/tennis_fullcourt/masks/train/214.png,9dcbc3736baf778efeccd305c8b330efbc7e8fd98dd62a21e99cf3cdc9d764eb,05d69161d440b234dbaa845e10d9c7e330873a2a617c22b8d5412420bb3e6084,1920,1080,2,background=0;full_court=1
tennis_fullcourt,tennis,full_court_segmentation,train,215.png,data/tennis_fullcourt/images/train/215.png,data/tennis_fullcourt/masks/train/215.png,613ffc379b37a595fad0b75865e7f425357800846de96486fe90248b6d11254e,05d69161d440b234dbaa845e10d9c7e330873a2a617c22b8d5412420bb3e6084,1920,1080,2,background=0;full_court=1
tennis_fullcourt,tennis,full_court_segmentation,train,216.png,data/tennis_fullcourt/images/train/216.png,data/tennis_fullcourt/masks/train/216.png,d97c1f0054c5301fa2e00497b70c5c35f154960b8536e7df420ac6fca4ff5b24,05d69161d440b234dbaa845e10d9c7e330873a2a617c22b8d5412420bb3e6084,1920,1080,2,background=0;full_court=1
tennis_fullcourt,tennis,full_court_segmentation,train,217.png,data/tennis_fullcourt/images/train/217.png,data/tennis_fullcourt/masks/train/217.png,613aca0e100a05d135332a7d84300d92f2059e224fef57036cde9fa9f784ddfd,05d69161d440b234dbaa845e10d9c7e330873a2a617c22b8d5412420bb3e6084,1920,1080,2,background=0;full_court=1
tennis_fullcourt,tennis,full_court_segmentation,train,218.png,data/tennis_fullcourt/images/train/218.png,data/tennis_fullcourt/masks/train/218.png,86bb1e78665b40d9f185931519bf4731958f2c959224be7cbb30b51f8e71da1b,05d69161d440b234dbaa845e10d9c7e330873a2a617c22b8d5412420bb3e6084,1920,1080,2,background=0;full_court=1
tennis_fullcourt,tennis,full_court_segmentation,train,219.png,data/tennis_fullcourt/images/train/219.png,data/tennis_fullcourt/masks/train/219.png,cde6889aac9f67ea239713777d4b9eec7447d3682a54b65b9f7add613fc31120,05d69161d440b234dbaa845e10d9c7e330873a2a617c22b8d5412420bb3e6084,1920,1080,2,background=0;full_court=1
tennis_fullcourt,tennis,full_court_segmentation,train,220.png,data/tennis_fullcourt/images/train/220.png,data/tennis_fullcourt/masks/train/220.png,d8768499b36f3c2d6323301f1b802bee7cabc632be87cef5c2dbeed85c5b59bd,05d69161d440b234dbaa845e10d9c7e330873a2a617c22b8d5412420bb3e6084,1920,1080,2,background=0;full_court=1
tennis_fullcourt,tennis,full_court_segmentation,train,221.png,data/tennis_fullcourt/images/train/221.png,data/tennis_fullcourt/masks/train/221.png,c7f8e1afb03f2a2439cc9bedd4e487c45e33ef517953da3983064b0c294fb391,05d69161d440b234dbaa845e10d9c7e330873a2a617c22b8d5412420bb3e6084,1920,1080,2,background=0;full_court=1
tennis_fullcourt,tennis,full_court_segmentation,train,222.png,data/tennis_fullcourt/images/train/222.png,data/tennis_fullcourt/masks/train/222.png,19afdf8a37d86ae0db65aa8051cfd24787c69a8be482f527bb6d63f72c33d6cb,4869551707d3823cd2b5bf09792bf65dc0e35fb1d7654d2ebfd67f0ca62cd61a,1920,1080,2,background=0;full_court=1
tennis_fullcourt,tennis,full_court_segmentation,train,223.png,data/tennis_fullcourt/images/train/223.png,data/tennis_fullcourt/masks/train/223.png,569a034e7085670526788c8e615080c374629353884cd3528a62ba0c697545e0,4869551707d3823cd2b5bf09792bf65dc0e35fb1d7654d2ebfd67f0ca62cd61a,1920,1080,2,background=0;full_court=1
tennis_fullcourt,tennis,full_court_segmentation,train,224.png,data/tennis_fullcourt/images/train/224.png,data/tennis_fullcourt/masks/train/224.png,586796c05cd5f9712e43e3b1db9d0a4423423b01332762b001d3f1b8e3695ffe,4869551707d3823cd2b5bf09792bf65dc0e35fb1d7654d2ebfd67f0ca62cd61a,1920,1080,2,background=0;full_court=1
tennis_fullcourt,tennis,full_court_segmentation,train,225.png,data/tennis_fullcourt/images/train/225.png,data/tennis_fullcourt/masks/train/225.png,4d7a02b10033455d01647a9957a85fa80ab2b05c464bff8ef7910e0b8d0b23b6,4869551707d3823cd2b5bf09792bf65dc0e35fb1d7654d2ebfd67f0ca62cd61a,1920,1080,2,background=0;full_court=1
tennis_fullcourt,tennis,full_court_segmentation,train,226.png,data/tennis_fullcourt/images/train/226.png,data/tennis_fullcourt/masks/train/226.png,5236f0f6f4e98fd7c20cdcf7cdde77edea22da6e23631e8dd700ece36511b693,4869551707d3823cd2b5bf09792bf65dc0e35fb1d7654d2ebfd67f0ca62cd61a,1920,1080,2,background=0;full_court=1
tennis_fullcourt,tennis,full_court_segmentation,train,227.png,data/tennis_fullcourt/images/train/227.png,data/tennis_fullcourt/masks/train/227.png,dcf5c3c52fc03d9310e4e076c3aa23f27d3c19b25468cc648dc7b310ad00b2c4,4869551707d3823cd2b5bf09792bf65dc0e35fb1d7654d2ebfd67f0ca62cd61a,1920,1080,2,background=0;full_court=1
tennis_fullcourt,tennis,full_court_segmentation,train,228.png,data/tennis_fullcourt/images/train/228.png,data/tennis_fullcourt/masks/train/228.png,2bc430f924e4f382d72cf016cb509d696aadeae44bebac62b3d2b8f0eef92c26,4869551707d3823cd2b5bf09792bf65dc0e35fb1d7654d2ebfd67f0ca62cd61a,1920,1080,2,background=0;full_court=1
tennis_fullcourt,tennis,full_court_segmentation,train,229.png,data/tennis_fullcourt/images/train/229.png,data/tennis_fullcourt/masks/train/229.png,c69f37abc429731e047784f85c3d5d5f7ec8f4ae68d1a6bb98005c19089bc64d,bed6af96291f2f40a3dd10f1c841ec9e743a1618be844cb4c0d507bdaf0a367d,1920,1080,2,background=0;full_court=1
tennis_fullcourt,tennis,full_court_segmentation,train,230.png,data/tennis_fullcourt/images/train/230.png,data/tennis_fullcourt/masks/train/230.png,0c1d10ba710deadcc30aeee95d01555a00d5f60e869016bfa63e117d7df9e827,f113b5a27132ba124750ed3f43ae552ab74e6d4473e4ef91e954fc06b8cfadc2,1920,1080,2,background=0;full_court=1
tennis_fullcourt,tennis,full_court_segmentation,train,231.png,data/tennis_fullcourt/images/train/231.png,data/tennis_fullcourt/masks/train/231.png,f4488ef37107d8e06505d8007cda154e0a76bf95f6464cc80a1f5acd91f43424,f113b5a27132ba124750ed3f43ae552ab74e6d4473e4ef91e954fc06b8cfadc2,1920,1080,2,background=0;full_court=1
tennis_fullcourt,tennis,full_court_segmentation,train,232.png,data/tennis_fullcourt/images/train/232.png,data/tennis_fullcourt/masks/train/232.png,d935133a85337520ed33730537d8b52c4e45d060d2c357617dd1cf2eaffb9f18,f113b5a27132ba124750ed3f43ae552ab74e6d4473e4ef91e954fc06b8cfadc2,1920,1080,2,background=0;full_court=1
tennis_fullcourt,tennis,full_court_segmentation,train,234.png,data/tennis_fullcourt/images/train/234.png,data/tennis_fullcourt/masks/train/234.png,ee2aca6c0255c12dca6e5114bbb88f1a29d4bcfcb15a92fdbcb4a6dd51de1761,f113b5a27132ba124750ed3f43ae552ab74e6d4473e4ef91e954fc06b8cfadc2,1920,1080,2,background=0;full_court=1
tennis_fullcourt,tennis,full_court_segmentation,train,235.png,data/tennis_fullcourt/images/train/235.png,data/tennis_fullcourt/masks/train/235.png,2f3ba38ba2ca654b8eedd9bbb9db31af4b55df336da702ea09831e469ff5bdd0,4869551707d3823cd2b5bf09792bf65dc0e35fb1d7654d2ebfd67f0ca62cd61a,1920,1080,2,background=0;full_court=1
tennis_fullcourt,tennis,full_court_segmentation,train,238.png,data/tennis_fullcourt/images/train/238.png,data/tennis_fullcourt/masks/train/238.png,135eacbf5ff92b82944e5027c29940a8d8dce9fb8492176c6f5210646778bba4,4869551707d3823cd2b5bf09792bf65dc0e35fb1d7654d2ebfd67f0ca62cd61a,1920,1080,2,background=0;full_court=1
tennis_fullcourt,tennis,full_court_segmentation,train,239.png,data/tennis_fullcourt/images/train/239.png,data/tennis_fullcourt/masks/train/239.png,0fd70ba265595cad9e00d021156e8db159c7bf8936e10093ac9b72f2e7c62b59,4869551707d3823cd2b5bf09792bf65dc0e35fb1d7654d2ebfd67f0ca62cd61a,1920,1080,2,background=0;full_court=1
tennis_fullcourt,tennis,full_court_segmentation,train,241.png,data/tennis_fullcourt/images/train/241.png,data/tennis_fullcourt/masks/train/241.png,71ef4325d896faec5eae3801e8e35eee6e11df28c565959fe5b06b6293ce4152,fde532cd31bc727ac6198927828163f6d4339f38b41f182ea5f1a0da22149678,1920,1080,2,background=0;full_court=1
tennis_fullcourt,tennis,full_court_segmentation,train,242.png,data/tennis_fullcourt/images/train/242.png,data/tennis_fullcourt/masks/train/242.png,b643828e6fcacaf5a8030e7782e0a93aa10046b2024aeb80658dc0f458554b65,fde532cd31bc727ac6198927828163f6d4339f38b41f182ea5f1a0da22149678,1920,1080,2,background=0;full_court=1
tennis_fullcourt,tennis,full_court_segmentation,train,243.png,data/tennis_fullcourt/images/train/243.png,data/tennis_fullcourt/masks/train/243.png,f73cb9a10209f3803299002606837b91a61ee37c809355b67cd32f4518bd0578,fde532cd31bc727ac6198927828163f6d4339f38b41f182ea5f1a0da22149678,1920,1080,2,background=0;full_court=1
tennis_fullcourt,tennis,full_court_segmentation,train,244.png,data/tennis_fullcourt/images/train/244.png,data/tennis_fullcourt/masks/train/244.png,b0bb4939c7b54412c4dfc497d4c27e2d03566535f3c651a8a921037dbd874f73,fde532cd31bc727ac6198927828163f6d4339f38b41f182ea5f1a0da22149678,1920,1080,2,background=0;full_court=1
tennis_fullcourt,tennis,full_court_segmentation,train,245.png,data/tennis_fullcourt/images/train/245.png,data/tennis_fullcourt/masks/train/245.png,d77a6c7b2c76e92b52ee99179e9b6a446d9a88f99a48e035bad94fdeeee4ebba,fde532cd31bc727ac6198927828163f6d4339f38b41f182ea5f1a0da22149678,1920,1080,2,background=0;full_court=1
tennis_fullcourt,tennis,full_court_segmentation,train,246.png,data/tennis_fullcourt/images/train/246.png,data/tennis_fullcourt/masks/train/246.png,5aeeaabb3745f8280df2054bf9eb8b131f7d493ad6a59d76fc4621080e9fda37,fde532cd31bc727ac6198927828163f6d4339f38b41f182ea5f1a0da22149678,1920,1080,2,background=0;full_court=1
tennis_fullcourt,tennis,full_court_segmentation,train,249.png,data/tennis_fullcourt/images/train/249.png,data/tennis_fullcourt/masks/train/249.png,13ce5223f89c7130a6e18d776d1ad29e659bf22419a2f71ecd36fd50177f3d86,e0cd0da09285b3a66189d8ed97d63d2f903136a541a2d4003de83f7e56f64542,1920,1080,2,background=0;full_court=1
tennis_fullcourt,tennis,full_court_segmentation,train,250.png,data/tennis_fullcourt/images/train/250.png,data/tennis_fullcourt/masks/train/250.png,dd8bda40c3fba25cf5eed17fcffbd841c3eb4c39298383c9d5157c69b47cf049,e0cd0da09285b3a66189d8ed97d63d2f903136a541a2d4003de83f7e56f64542,1920,1080,2,background=0;full_court=1
tennis_fullcourt,tennis,full_court_segmentation,train,251.png,data/tennis_fullcourt/images/train/251.png,data/tennis_fullcourt/masks/train/251.png,3bf7c6ff6c2bd2b08a4358e672be76499abeb94cae55ca85d9a058ea5b2df13a,e0cd0da09285b3a66189d8ed97d63d2f903136a541a2d4003de83f7e56f64542,1920,1080,2,background=0;full_court=1
tennis_fullcourt,tennis,full_court_segmentation,train,252.png,data/tennis_fullcourt/images/train/252.png,data/tennis_fullcourt/masks/train/252.png,3b1529a6dc2b851e4059450e4a0ec47ae040ab28274b39dced6954bfcc4ba669,12166c09212293b3373407723687067c2f903ed72eb7e46f64c31ab2d5410340,1920,1080,2,background=0;full_court=1
tennis_fullcourt,tennis,full_court_segmentation,train,254.png,data/tennis_fullcourt/images/train/254.png,data/tennis_fullcourt/masks/train/254.png,84db60b8cdfa8061f808fca560a6be8cf4acf00371e24d654fc5d70855233fd7,b31eb4f431c0d7eae76845caf1c1cf4e4782247f7a410f5a395f1324bc25ba2d,1920,1080,2,background=0;full_court=1
tennis_fullcourt,tennis,full_court_segmentation,train,255.png,data/tennis_fullcourt/images/train/255.png,data/tennis_fullcourt/masks/train/255.png,feb2092c70e45e6c493397a293d3cd49b1e7ea4b97c0a7a922964e82761097b0,3152b50ae60089b12bbb0a503dcf208f8bddc0b9f0d55ace0f24c9bc6e0a5877,1920,1080,2,background=0;full_court=1
tennis_fullcourt,tennis,full_court_segmentation,train,256.png,data/tennis_fullcourt/images/train/256.png,data/tennis_fullcourt/masks/train/256.png,2e2bea6e44e7a1fc62505be99006d5ddd5517a2172140a4bd34b2e9f4ea3b84e,9f3bb00801e2ac50c178fd20ff3acd1e603673fe757009cb0abefac1ba87c8d3,1920,1080,2,background=0;full_court=1
tennis_fullcourt,tennis,full_court_segmentation,train,257.png,data/tennis_fullcourt/images/train/257.png,data/tennis_fullcourt/masks/train/257.png,1127daf267230782d1ea6b0b2123cc736dcb787f18baf06006493ed7f1328156,9f3bb00801e2ac50c178fd20ff3acd1e603673fe757009cb0abefac1ba87c8d3,1920,1080,2,background=0;full_court=1
tennis_fullcourt,tennis,full_court_segmentation,train,258.png,data/tennis_fullcourt/images/train/258.png,data/tennis_fullcourt/masks/train/258.png,ad8cc19228e1f1ccc221d42488516310e6621360ab60519cb23487eb95d18ddf,9f3bb00801e2ac50c178fd20ff3acd1e603673fe757009cb0abefac1ba87c8d3,1920,1080,2,background=0;full_court=1
tennis_fullcourt,tennis,full_court_segmentation,train,259.png,data/tennis_fullcourt/images/train/259.png,data/tennis_fullcourt/masks/train/259.png,065e34c9d26be9e4c5079afb2db0909cc6fd5a26eaf4c8f38ca5de81ff67ae56,9f3bb00801e2ac50c178fd20ff3acd1e603673fe757009cb0abefac1ba87c8d3,1920,1080,2,background=0;full_court=1
tennis_fullcourt,tennis,full_court_segmentation,train,260.png,data/tennis_fullcourt/images/train/260.png,data/tennis_fullcourt/masks/train/260.png,afe0666fb2205b4f4a0e0b0612ce8d62ddc4ce582b75967cbed8e92c0dbb24b9,9f3bb00801e2ac50c178fd20ff3acd1e603673fe757009cb0abefac1ba87c8d3,1920,1080,2,background=0;full_court=1
tennis_fullcourt,tennis,full_court_segmentation,train,261.png,data/tennis_fullcourt/images/train/261.png,data/tennis_fullcourt/masks/train/261.png,dec188d11a62e5686a0d67fa8d7be22772bb1413add4308fb8934aea98f75171,9f3bb00801e2ac50c178fd20ff3acd1e603673fe757009cb0abefac1ba87c8d3,1920,1080,2,background=0;full_court=1
tennis_fullcourt,tennis,full_court_segmentation,train,262.png,data/tennis_fullcourt/images/train/262.png,data/tennis_fullcourt/masks/train/262.png,a524ef4b2bbc2c9b6755db6f8f41def6a82154b91292e6c7a5bb6ccec240669f,9f3bb00801e2ac50c178fd20ff3acd1e603673fe757009cb0abefac1ba87c8d3,1920,1080,2,background=0;full_court=1
tennis_fullcourt,tennis,full_court_segmentation,train,263.png,data/tennis_fullcourt/images/train/263.png,data/tennis_fullcourt/masks/train/263.png,a1af5bd0ed779ab39b228d0f97f0144126f50a55d2f4dfa078c1deffd4937527,2c067a552f1c3373bd7ae2ce83f4f1b1dc739ee303577d648d2fe7d3627889de,1920,1080,2,background=0;full_court=1
tennis_fullcourt,tennis,full_court_segmentation,train,266.png,data/tennis_fullcourt/images/train/266.png,data/tennis_fullcourt/masks/train/266.png,e704b686741b8cea702899c6fb0a78588402d98ad07f70ce34eef1a25673d63e,295c9889b50f2789214de824a3a7029b9fc4f9b0c01014e0edf6c86b3b6e65e1,1920,1080,2,background=0;full_court=1
tennis_fullcourt,tennis,full_court_segmentation,train,267.png,data/tennis_fullcourt/images/train/267.png,data/tennis_fullcourt/masks/train/267.png,71be74471f349153b0d7ec768bd63db6ffb721ae5bbd668f28b65e340e0604fb,295c9889b50f2789214de824a3a7029b9fc4f9b0c01014e0edf6c86b3b6e65e1,1920,1080,2,background=0;full_court=1
tennis_fullcourt,tennis,full_court_segmentation,train,269.png,data/tennis_fullcourt/images/train/269.png,data/tennis_fullcourt/masks/train/269.png,fd17c4bf592df9bd87c0470eb1f452156bc5200c0b261cbb5cf36251e68f00e1,295c9889b50f2789214de824a3a7029b9fc4f9b0c01014e0edf6c86b3b6e65e1,1920,1080,2,background=0;full_court=1
tennis_fullcourt,tennis,full_court_segmentation,train,270.png,data/tennis_fullcourt/images/train/270.png,data/tennis_fullcourt/masks/train/270.png,2182fc1bb5a5532bad29b1d94c20cad79c09e67785f6843e36b7e414c4cc85bf,763e74b0ecd02699dd43598c841a05eee6cc2ce2f80b99279c45ee17c301eccc,1920,1080,2,background=0;full_court=1
tennis_fullcourt,tennis,full_court_segmentation,train,271.png,data/tennis_fullcourt/images/train/271.png,data/tennis_fullcourt/masks/train/271.png,d52c734b2961aa99216b7dea64f28029586a8e980eb35c685623d8888bd09dd5,763e74b0ecd02699dd43598c841a05eee6cc2ce2f80b99279c45ee17c301eccc,1920,1080,2,background=0;full_court=1
tennis_fullcourt,tennis,full_court_segmentation,train,272.png,data/tennis_fullcourt/images/train/272.png,data/tennis_fullcourt/masks/train/272.png,3bf4144d37a426f9d279e97ae696e909dcab470fc4ccf35531a065fc37419f18,763e74b0ecd02699dd43598c841a05eee6cc2ce2f80b99279c45ee17c301eccc,1920,1080,2,background=0;full_court=1
tennis_fullcourt,tennis,full_court_segmentation,train,273.png,data/tennis_fullcourt/images/train/273.png,data/tennis_fullcourt/masks/train/273.png,41fd198ee9c4732cb723b1434ba2f6f6aa4e60b23da402d94795d09e1e826913,763e74b0ecd02699dd43598c841a05eee6cc2ce2f80b99279c45ee17c301eccc,1920,1080,2,background=0;full_court=1
tennis_fullcourt,tennis,full_court_segmentation,train,274.png,data/tennis_fullcourt/images/train/274.png,data/tennis_fullcourt/masks/train/274.png,8c4e7c3343ab6ea337d7ce1ba532437939f4402c6861f5dca9a6311e48cfca6d,763e74b0ecd02699dd43598c841a05eee6cc2ce2f80b99279c45ee17c301eccc,1920,1080,2,background=0;full_court=1
tennis_fullcourt,tennis,full_court_segmentation,train,276.png,data/tennis_fullcourt/images/train/276.png,data/tennis_fullcourt/masks/train/276.png,49c5d3d7c8ac77b50eb43d6599e1b09ac90e062642e76c59e5ae91c7ffe7f5a2,763e74b0ecd02699dd43598c841a05eee6cc2ce2f80b99279c45ee17c301eccc,1920,1080,2,background=0;full_court=1
tennis_fullcourt,tennis,full_court_segmentation,train,277.png,data/tennis_fullcourt/images/train/277.png,data/tennis_fullcourt/masks/train/277.png,6a010ac27d4b311a34c93fdc20545e775fce9aa9456cfa60c9792a3fe0b327b8,763e74b0ecd02699dd43598c841a05eee6cc2ce2f80b99279c45ee17c301eccc,1920,1080,2,background=0;full_court=1
tennis_fullcourt,tennis,full_court_segmentation,train,278.png,data/tennis_fullcourt/images/train/278.png,data/tennis_fullcourt/masks/train/278.png,c9bf5d2356e287de0a92193dd61e7b772db901f29edcb987e74e8d3300266ec9,9011e142e31259e005eda60cc5f60638a71c15e64488d0f148ae9a1bfe57650a,1920,1080,2,background=0;full_court=1
tennis_fullcourt,tennis,full_court_segmentation,train,279.png,data/tennis_fullcourt/images/train/279.png,data/tennis_fullcourt/masks/train/279.png,03517ad73f956cc8a4b3dd6f05cc5eef6083c8412e24ff536f0a8d2f45ecc964,9011e142e31259e005eda60cc5f60638a71c15e64488d0f148ae9a1bfe57650a,1920,1080,2,background=0;full_court=1
tennis_fullcourt,tennis,full_court_segmentation,train,280.png,data/tennis_fullcourt/images/train/280.png,data/tennis_fullcourt/masks/train/280.png,4c75e6ee3f32d210419eb64d9aa06580d8e9630c92192bbd02d7221c126837b3,9011e142e31259e005eda60cc5f60638a71c15e64488d0f148ae9a1bfe57650a,1920,1080,2,background=0;full_court=1
tennis_fullcourt,tennis,full_court_segmentation,train,281.png,data/tennis_fullcourt/images/train/281.png,data/tennis_fullcourt/masks/train/281.png,1385081e996ddde30d5626bb6c9152575b80a0f35dae0075165d9a570c4c3e1e,9011e142e31259e005eda60cc5f60638a71c15e64488d0f148ae9a1bfe57650a,1920,1080,2,background=0;full_court=1
tennis_fullcourt,tennis,full_court_segmentation,train,282.png,data/tennis_fullcourt/images/train/282.png,data/tennis_fullcourt/masks/train/282.png,20d884c6d288c6b9e7a9467ddc4873d17d44b5d921c6c9eb4ae8d2089f71b457,9011e142e31259e005eda60cc5f60638a71c15e64488d0f148ae9a1bfe57650a,1920,1080,2,background=0;full_court=1
tennis_fullcourt,tennis,full_court_segmentation,train,283.png,data/tennis_fullcourt/images/train/283.png,data/tennis_fullcourt/masks/train/283.png,7cc2d754f39128aad23b77fe4c86733613a1ad03f2b45c3fd65aad55d9ca27ae,9011e142e31259e005eda60cc5f60638a71c15e64488d0f148ae9a1bfe57650a,1920,1080,2,background=0;full_court=1
tennis_fullcourt,tennis,full_court_segmentation,train,284.png,data/tennis_fullcourt/images/train/284.png,data/tennis_fullcourt/masks/train/284.png,7b78a45a0d5b499fe70316776b8315057c2b7c48a58dc15e26ef5c0fa10b5663,9011e142e31259e005eda60cc5f60638a71c15e64488d0f148ae9a1bfe57650a,1920,1080,2,background=0;full_court=1
tennis_fullcourt,tennis,full_court_segmentation,train,285.png,data/tennis_fullcourt/images/train/285.png,data/tennis_fullcourt/masks/train/285.png,e2ac9ca9d339486d2e1cdc1d6cbf034888e44243e2a7531fbf8c4a223fe6ec69,9011e142e31259e005eda60cc5f60638a71c15e64488d0f148ae9a1bfe57650a,1920,1080,2,background=0;full_court=1
tennis_fullcourt,tennis,full_court_segmentation,train,vlcsnap-2023-06-28-14h05m36s421.png,data/tennis_fullcourt/images/train/vlcsnap-2023-06-28-14h05m36s421.png,data/tennis_fullcourt/masks/train/vlcsnap-2023-06-28-14h05m36s421.png,43bf521ff22c39b1b78b26e3acb73e60c077fc9a9a50abfbcaa276d670994a0d,daa03bb25c2b98a76cce2ccb371e5a7ae889267dfeec7a3811404440bfb16729,1920,1080,2,background=0;full_court=1
tennis_fullcourt,tennis,full_court_segmentation,train,vlcsnap-2023-06-28-14h05m42s530.png,data/tennis_fullcourt/images/train/vlcsnap-2023-06-28-14h05m42s530.png,data/tennis_fullcourt/masks/train/vlcsnap-2023-06-28-14h05m42s530.png,9903bbeb764ee64b37a5dba3f8b7d04e790ad60498273a41267b6f23ad74322d,4d6c30a5b01fdfc7358f55c5e2f2eb0b8b36d91aa4fcaab44945dd332f428c5e,1920,1080,2,background=0;full_court=1
tennis_fullcourt,tennis,full_court_segmentation,train,vlcsnap-2023-06-28-14h05m49s815.png,data/tennis_fullcourt/images/train/vlcsnap-2023-06-28-14h05m49s815.png,data/tennis_fullcourt/masks/train/vlcsnap-2023-06-28-14h05m49s815.png,c3235855be271c1bba99086074ee797f944bfebe11eb3889a6bcd9a171b9009f,c2fc71927448b5a07851b49192d0db29ad0a0b084bbf4457422d7170e4e356f0,1920,1080,2,background=0;full_court=1
tennis_fullcourt,tennis,full_court_segmentation,train,vlcsnap-2023-06-28-14h05m53s241.png,data/tennis_fullcourt/images/train/vlcsnap-2023-06-28-14h05m53s241.png,data/tennis_fullcourt/masks/train/vlcsnap-2023-06-28-14h05m53s241.png,c060be7967fcee22294d1c7705261aaac5a66aabde8b051073580f13fe6d83b3,5797d59c47d743dac98206945c8bff898061b42a7c232632af37b3c1b1c9c8c1,1920,1080,2,background=0;full_court=1
tennis_fullcourt,tennis,full_court_segmentation,train,vlcsnap-2023-06-28-14h06m05s423.png,data/tennis_fullcourt/images/train/vlcsnap-2023-06-28-14h06m05s423.png,data/tennis_fullcourt/masks/train/vlcsnap-2023-06-28-14h06m05s423.png,429dddfb3ee9ef9f4a44cac64cd8a6393e4e66d3526af4b64aaaeebe92530146,a5d03d6a3c9240fe3376632bc1f7fd8c07d583e5fe265f8db9343878bf0052b6,1920,1080,2,background=0;full_court=1
tennis_fullcourt,tennis,full_court_segmentation,train,vlcsnap-2023-06-28-14h06m10s560.png,data/tennis_fullcourt/images/train/vlcsnap-2023-06-28-14h06m10s560.png,data/tennis_fullcourt/masks/train/vlcsnap-2023-06-28-14h06m10s560.png,6f954474da7fdfcc8bb30052236d347178b39a170a2e1b728cdabcb0114f3a4d,09875cd957162dcfc96464733f94d3489b21fcaa7e1c26ced433f3f7cef62ea3,1920,1080,2,background=0;full_court=1
tennis_fullcourt,tennis,full_court_segmentation,train,vlcsnap-2023-06-28-14h06m16s309.png,data/tennis_fullcourt/images/train/vlcsnap-2023-06-28-14h06m16s309.png,data/tennis_fullcourt/masks/train/vlcsnap-2023-06-28-14h06m16s309.png,dd0aba3efe8697c8f0829d38bff2681c01a8534c84aec7847043bd2c406174f6,92c199efcf5b19fb41acbbd21a7e2e6622e14ce0b97f8cddc6c05141a19df3c6,1920,1080,2,background=0;full_court=1
tennis_fullcourt,tennis,full_court_segmentation,train,vlcsnap-2023-06-28-14h06m20s116.png,data/tennis_fullcourt/images/train/vlcsnap-2023-06-28-14h06m20s116.png,data/tennis_fullcourt/masks/train/vlcsnap-2023-06-28-14h06m20s116.png,a1215412905662bd42daa6dcd8d8f7013b87203c2794743acd4d7b0b845f799e,0bf576d97e7884d6cb86e7f72b315484c9947fb0b07c50636f246c9b358b4c7c,1920,1080,2,background=0;full_court=1
tennis_fullcourt,tennis,full_court_segmentation,train,vlcsnap-2023-06-28-14h06m23s593.png,data/tennis_fullcourt/images/train/vlcsnap-2023-06-28-14h06m23s593.png,data/tennis_fullcourt/masks/train/vlcsnap-2023-06-28-14h06m23s593.png,c93c3ddeedd8481b6a17b4c40f05fcdc3af3071ea1fc3df8e05bb353e7189eb4,a092afbd8f72992860e9f8d99db1100d2511f25ff4072dcc538ab9f1b0fbcd82,1920,1080,2,background=0;full_court=1
tennis_fullcourt,tennis,full_court_segmentation,train,vlcsnap-2023-06-28-14h06m30s024.png,data/tennis_fullcourt/images/train/vlcsnap-2023-06-28-14h06m30s024.png,data/tennis_fullcourt/masks/train/vlcsnap-2023-06-28-14h06m30s024.png,ca0c4e860c6ba4d45f1c1e8f3d7ccbd6bef5abc3885f72451be60d41036bf676,5797d59c47d743dac98206945c8bff898061b42a7c232632af37b3c1b1c9c8c1,1920,1080,2,background=0;full_court=1
tennis_fullcourt,tennis,full_court_segmentation,train,vlcsnap-2023-06-28-14h06m35s418.png,data/tennis_fullcourt/images/train/vlcsnap-2023-06-28-14h06m35s418.png,data/tennis_fullcourt/masks/train/vlcsnap-2023-06-28-14h06m35s418.png,01a23a860dbfba5eff4c19bec505599c697567bd87efd0b892204def085b7f5c,c5b9e274bddbb9f5aec7e5f8c8d5fa50dc8216e101cdaccacd82c0fa35ef0c49,1920,1080,2,background=0;full_court=1
tennis_fullcourt,tennis,full_court_segmentation,train,vlcsnap-2023-06-28-14h06m40s288.png,data/tennis_fullcourt/images/train/vlcsnap-2023-06-28-14h06m40s288.png,data/tennis_fullcourt/masks/train/vlcsnap-2023-06-28-14h06m40s288.png,ee5ba9ab9760ec2ec74d9df846522965eb55d9301b9133f725c9b74224defacf,bdfdaba5f029409eef0001382ec39b23144b1410d2b291a6325f8ed7f4563eaa,1920,1080,2,background=0;full_court=1
tennis_fullcourt,tennis,full_court_segmentation,train,vlcsnap-2023-06-28-14h06m44s817.png,data/tennis_fullcourt/images/train/vlcsnap-2023-06-28-14h06m44s817.png,data/tennis_fullcourt/masks/train/vlcsnap-2023-06-28-14h06m44s817.png,93bed765792eac74c5d92c062669693966e414d3f0c0771d6f0d42ef4524881e,7e4768573b3fb50f19b9463b8ebd7a70a6b2b1ab811f6224f0c00fca797f1f3f,1920,1080,2,background=0;full_court=1
tennis_fullcourt,tennis,full_court_segmentation,train,vlcsnap-2023-06-28-14h06m48s264.png,data/tennis_fullcourt/images/train/vlcsnap-2023-06-28-14h06m48s264.png,data/tennis_fullcourt/masks/train/vlcsnap-2023-06-28-14h06m48s264.png,391287491e1b120ad2b50db5499954573babceb2e130e4e7a82a56b0a28faef9,66cb12225dbc7d87fac04f66dcde9fa07d8784f583fe58a5b62e18ab13e31156,1920,1080,2,background=0;full_court=1
tennis_fullcourt,tennis,full_court_segmentation,train,vlcsnap-2023-06-28-14h07m00s344.png,data/tennis_fullcourt/images/train/vlcsnap-2023-06-28-14h07m00s344.png,data/tennis_fullcourt/masks/train/vlcsnap-2023-06-28-14h07m00s344.png,1637eea5238b3deb2cf90fdac331fbfa9ad67853c1e0347c412a583c0e0adfa6,b0c6adfff4598346e200045c7845a3bcdbef0570dd45d1e51b58a39bfd5551b0,1920,1080,2,background=0;full_court=1
tennis_fullcourt,tennis,full_court_segmentation,train,vlcsnap-2023-06-28-14h09m32s502.png,data/tennis_fullcourt/images/train/vlcsnap-2023-06-28-14h09m32s502.png,data/tennis_fullcourt/masks/train/vlcsnap-2023-06-28-14h09m32s502.png,63a7b4cfadb8d421f303ba0c23ae58d85e48da4a03adae3f87004bb2275e52ce,e54fe12821e6746b4d3a9610493db6e69fe7ebeb43a02e968c2f17ddf3b2eef5,1920,1080,2,background=0;full_court=1
tennis_fullcourt,tennis,full_court_segmentation,train,vlcsnap-2023-06-28-14h09m40s015.png,data/tennis_fullcourt/images/train/vlcsnap-2023-06-28-14h09m40s015.png,data/tennis_fullcourt/masks/train/vlcsnap-2023-06-28-14h09m40s015.png,bbb2cf5470d2781a60cbb5b087b46033d9dcc88c1892e97a4b24771ba51c5c95,0c98f27f82c7ac63fd1b82d9576c7cfaed060a05a1c93eb5789dc269ef044ea5,1920,1080,2,background=0;full_court=1
tennis_fullcourt,tennis,full_court_segmentation,train,vlcsnap-2023-06-28-14h09m46s779.png,data/tennis_fullcourt/images/train/vlcsnap-2023-06-28-14h09m46s779.png,data/tennis_fullcourt/masks/train/vlcsnap-2023-06-28-14h09m46s779.png,08487313f84c89371bb2ad6621dcd88a9d59400d697af83c59602511bf8ab26c,b5a5ba13b1f2cde37e67183b97f8ed9daee820bd836d405f8809f1e6fa2b261b,1920,1080,2,background=0;full_court=1
tennis_fullcourt,tennis,full_court_segmentation,train,vlcsnap-2023-06-28-14h09m50s583.png,data/tennis_fullcourt/images/train/vlcsnap-2023-06-28-14h09m50s583.png,data/tennis_fullcourt/masks/train/vlcsnap-2023-06-28-14h09m50s583.png,08238292006d7d2dc273b9e8228063375f7b3130af9ab2ffd8539ff35cbec913,6bde3b472a74a8a789cf755a15729bbe3ec41717cfb9a50735d77bb706bcf715,1920,1080,2,background=0;full_court=1
tennis_fullcourt,tennis,full_court_segmentation,train,vlcsnap-2023-06-28-14h09m58s901.png,data/tennis_fullcourt/images/train/vlcsnap-2023-06-28-14h09m58s901.png,data/tennis_fullcourt/masks/train/vlcsnap-2023-06-28-14h09m58s901.png,cb4fef00c0c4930d8d6d1ba73ea71a888149781cdded48ee5db9b4686831efee,bed4352006e2cfe283cb4eee0ed8da1686a1fac21b2f11dd90da77a82719bcbe,1920,1080,2,background=0;full_court=1
tennis_fullcourt,tennis,full_court_segmentation,train,vlcsnap-2023-06-28-14h10m03s317.png,data/tennis_fullcourt/images/train/vlcsnap-2023-06-28-14h10m03s317.png,data/tennis_fullcourt/masks/train/vlcsnap-2023-06-28-14h10m03s317.png,657bbd1776b24c050c12eea36b7298cd8519cae2fe1d300036c96e6c2938dc78,9bb9f1c509c29d26c12896c130fd1aa491fb38aa3d87b9fb95900fa8e1fadeaf,1920,1080,2,background=0;full_court=1
tennis_fullcourt,tennis,full_court_segmentation,train,vlcsnap-2023-06-28-14h10m08s269.png,data/tennis_fullcourt/images/train/vlcsnap-2023-06-28-14h10m08s269.png,data/tennis_fullcourt/masks/train/vlcsnap-2023-06-28-14h10m08s269.png,984d47a0408171616d325d4f1cc80d77abf12583180fd021d6d71d039c3d015a,65d703f6a14361e56e4f070bc2d9a451290c7f4c2359f62282f5536d70ccc961,1920,1080,2,background=0;full_court=1
tennis_fullcourt,tennis,full_court_segmentation,train,vlcsnap-2023-06-28-14h10m15s788.png,data/tennis_fullcourt/images/train/vlcsnap-2023-06-28-14h10m15s788.png,data/tennis_fullcourt/masks/train/vlcsnap-2023-06-28-14h10m15s788.png,5c9416c42e4878d106003fbc59d071499945f070d943c2726978cab9181e7965,1a2b8990a4dd015945727f76238087199ca328fa65a01e971f1c00c4168cb34a,1920,1080,2,background=0;full_court=1
tennis_fullcourt,tennis,full_court_segmentation,train,vlcsnap-2023-06-28-14h10m28s996.png,data/tennis_fullcourt/images/train/vlcsnap-2023-06-28-14h10m28s996.png,data/tennis_fullcourt/masks/train/vlcsnap-2023-06-28-14h10m28s996.png,631293eb555fb6784a7e928d8e7f4ca7916f88bbfcdb0d5d06e328cf868cce6f,8a9178708aabd67bb852e26875668c10ad9af00a852fac0b490016b68337df8c,1920,1080,2,background=0;full_court=1
tennis_fullcourt,tennis,full_court_segmentation,train,vlcsnap-2023-06-28-14h10m33s572.png,data/tennis_fullcourt/images/train/vlcsnap-2023-06-28-14h10m33s572.png,data/tennis_fullcourt/masks/train/vlcsnap-2023-06-28-14h10m33s572.png,1732af3b52fb92449a8e21c641e5dfc6eeb40d9fa26fc8a88b06987c3859a252,3e3e24c2dfab54f0071a827f40f63e1a4262538ff21295010ef0d85412c74bd6,1920,1080,2,background=0;full_court=1
tennis_fullcourt,tennis,full_court_segmentation,train,vlcsnap-2023-06-28-14h10m38s812.png,data/tennis_fullcourt/images/train/vlcsnap-2023-06-28-14h10m38s812.png,data/tennis_fullcourt/masks/train/vlcsnap-2023-06-28-14h10m38s812.png,48816727cef25d573e1b017a31cd9f799f5b1ea0aef7d7b3a4535a3c8b7357dd,04c68e1b6d8bdd54baa579354c70bdd0024ecb1c02eabe1fd2b98fa6d23bfd12,1920,1080,2,background=0;full_court=1
tennis_fullcourt,tennis,full_court_segmentation,train,vlcsnap-2023-06-28-14h10m42s641.png,data/tennis_fullcourt/images/train/vlcsnap-2023-06-28-14h10m42s641.png,data/tennis_fullcourt/masks/train/vlcsnap-2023-06-28-14h10m42s641.png,16778184d0c4a82d802a6932426c6b354fb8d1ce883e7efc01eb7205d231bc0e,2f45da592201d9c4de9765f07a0a4e552dc352d811e40cd89c5639ecb7bc7ac2,1920,1080,2,background=0;full_court=1
tennis_fullcourt,tennis,full_court_segmentation,train,vlcsnap-2023-06-28-14h11m07s512.png,data/tennis_fullcourt/images/train/vlcsnap-2023-06-28-14h11m07s512.png,data/tennis_fullcourt/masks/train/vlcsnap-2023-06-28-14h11m07s512.png,67f1b9c3ed3c458a91fed237f19c4259150b043c3d873f5cdfc343129ed3d57b,90beb1a70a49a019e232c334fd356f8bc06dd2445bd6bbdd626384a6060de7df,1920,1080,2,background=0;full_court=1
tennis_fullcourt,tennis,full_court_segmentation,train,vlcsnap-2023-06-28-14h11m17s609.png,data/tennis_fullcourt/images/train/vlcsnap-2023-06-28-14h11m17s609.png,data/tennis_fullcourt/masks/train/vlcsnap-2023-06-28-14h11m17s609.png,45d561aa5e0d1821a14c8bf5512dc54092eb42d3988bfe962b83fae750699a1a,ddb52ee9dbb8c75bb753d49c0555753e2e70d3a7cb837679c3ce0c7148ede019,1920,1080,2,background=0;full_court=1
tennis_fullcourt,tennis,full_court_segmentation,train,vlcsnap-2023-06-28-14h12m32s504.png,data/tennis_fullcourt/images/train/vlcsnap-2023-06-28-14h12m32s504.png,data/tennis_fullcourt/masks/train/vlcsnap-2023-06-28-14h12m32s504.png,3a38cade67236a34ae60ec7c91141ad3068c774375d4ddcdb9e6df4268ff317e,4e5ced725101b1bfa2ab08a47ebc672b60b38a87267d947c4928b26e14768d9a,1920,1080,2,background=0;full_court=1
tennis_fullcourt,tennis,full_court_segmentation,train,vlcsnap-2023-06-28-14h12m39s730.png,data/tennis_fullcourt/images/train/vlcsnap-2023-06-28-14h12m39s730.png,data/tennis_fullcourt/masks/train/vlcsnap-2023-06-28-14h12m39s730.png,2c43ff9cd5a9561d420376d8c60f2e92f627494d8ad98c07beb1a3dfcf7ea8f5,28089d450ec75a20cb51cd93688ae9a41fae750a807fe97791b435478079e775,1920,1080,2,background=0;full_court=1
tennis_fullcourt,tennis,full_court_segmentation,train,vlcsnap-2023-06-28-14h12m44s005.png,data/tennis_fullcourt/images/train/vlcsnap-2023-06-28-14h12m44s005.png,data/tennis_fullcourt/masks/train/vlcsnap-2023-06-28-14h12m44s005.png,7ecab196ec34cc94028a28448fd6d7eac470b2fe8ee0b4bf53fc0007887e54ca,720fb6b4847a6a0f70d5f20b635d2512db880533b93cb8d6eb4e72641baf1387,1920,1080,2,background=0;full_court=1
tennis_fullcourt,tennis,full_court_segmentation,train,vlcsnap-2023-06-28-14h12m48s943.png,data/tennis_fullcourt/images/train/vlcsnap-2023-06-28-14h12m48s943.png,data/tennis_fullcourt/masks/train/vlcsnap-2023-06-28-14h12m48s943.png,411f9abe17d0fb87218b30fd7bf9e8d513faed0e12c6c60e9d9cba98f6b02e70,51ddb999c5779712012a0d75b7f22bc524dd3cc8d3c01686bb86a0f07b32e9e0,1920,1080,2,background=0;full_court=1
tennis_fullcourt,tennis,full_court_segmentation,train,vlcsnap-2023-06-28-14h12m53s598.png,data/tennis_fullcourt/images/train/vlcsnap-2023-06-28-14h12m53s598.png,data/tennis_fullcourt/masks/train/vlcsnap-2023-06-28-14h12m53s598.png,af877be272a03aa9fb7fe08c51d8231f2ef65e0e40fd8f5089447dabc0bfa9f3,e201fab6bce591f34d34902d2efcb32d46fad5869c05853f9e4a85cbdf1f9798,1920,1080,2,background=0;full_court=1
tennis_fullcourt,tennis,full_court_segmentation,train,vlcsnap-2023-06-28-14h13m29s863.png,data/tennis_fullcourt/images/train/vlcsnap-2023-06-28-14h13m29s863.png,data/tennis_fullcourt/masks/train/vlcsnap-2023-06-28-14h13m29s863.png,8ca8f8f121dd101272e835c6325141862e94c05b20779f75a61753ef416342f7,5797d59c47d743dac98206945c8bff898061b42a7c232632af37b3c1b1c9c8c1,1920,1080,2,background=0;full_court=1
tennis_fullcourt,tennis,full_court_segmentation,train,vlcsnap-2023-06-28-14h13m50s244.png,data/tennis_fullcourt/images/train/vlcsnap-2023-06-28-14h13m50s244.png,data/tennis_fullcourt/masks/train/vlcsnap-2023-06-28-14h13m50s244.png,694d5137e16f2d3de24abfe83cda830b44025556b795850343ba2330fb622a12,5797d59c47d743dac98206945c8bff898061b42a7c232632af37b3c1b1c9c8c1,1920,1080,2,background=0;full_court=1
tennis_fullcourt,tennis,full_court_segmentation,train,vlcsnap-2023-06-28-14h13m54s487.png,data/tennis_fullcourt/images/train/vlcsnap-2023-06-28-14h13m54s487.png,data/tennis_fullcourt/masks/train/vlcsnap-2023-06-28-14h13m54s487.png,5183ea83d0bc9c92b0e78ab917b465901ff92acc1c9d2660706772a7084ba752,372556bee1eba840bcf882784b69b2362b389edb8a833e0da047f5807187d592,1920,1080,2,background=0;full_court=1
tennis_fullcourt,tennis,full_court_segmentation,train,vlcsnap-2023-06-28-14h14m00s646.png,data/tennis_fullcourt/images/train/vlcsnap-2023-06-28-14h14m00s646.png,data/tennis_fullcourt/masks/train/vlcsnap-2023-06-28-14h14m00s646.png,60924f65916050e6758c02b3598cbd1926ef09664093776f567f40a92b82a6ac,a9c885e84207bb645630b252cc447f89663c54f38902c6ce0d95e198d413c622,1920,1080,2,background=0;full_court=1
tennis_fullcourt,tennis,full_court_segmentation,train,vlcsnap-2023-06-28-14h14m05s677.png,data/tennis_fullcourt/images/train/vlcsnap-2023-06-28-14h14m05s677.png,data/tennis_fullcourt/masks/train/vlcsnap-2023-06-28-14h14m05s677.png,692b58493248b6c5b4fc7481b352857d055ffe419fee6eecad947d7c556bf483,b0babd89e46a75bae3b20b2abc45c9f8bf49ebab7ab9d46c107885caf6742915,1920,1080,2,background=0;full_court=1
tennis_fullcourt,tennis,full_court_segmentation,train,vlcsnap-2023-06-28-14h14m12s248.png,data/tennis_fullcourt/images/train/vlcsnap-2023-06-28-14h14m12s248.png,data/tennis_fullcourt/masks/train/vlcsnap-2023-06-28-14h14m12s248.png,d0f4e028f93adfbcf2fea769620c4186f2913ec9a617ae49d1ec3c96714f5b83,a174ffe8f9a4272039771393070da92a0ae26deeccbbd0f0c07909454078fad6,1920,1080,2,background=0;full_court=1
tennis_fullcourt,tennis,full_court_segmentation,train,vlcsnap-2023-06-28-14h14m16s234.png,data/tennis_fullcourt/images/train/vlcsnap-2023-06-28-14h14m16s234.png,data/tennis_fullcourt/masks/train/vlcsnap-2023-06-28-14h14m16s234.png,28e0469d2a51366bd6db53b0e4f5c5c8e1d8da8ca2f20f4f03e3771456cfdc21,89f6a3288b23c18738ec855b475b44d95f0c2df73525c090ac0ab5e73767534a,1920,1080,2,background=0;full_court=1
tennis_fullcourt,tennis,full_court_segmentation,train,vlcsnap-2023-06-28-14h14m20s396.png,data/tennis_fullcourt/images/train/vlcsnap-2023-06-28-14h14m20s396.png,data/tennis_fullcourt/masks/train/vlcsnap-2023-06-28-14h14m20s396.png,519dbc0afdc75f072153ed30a89b528e3b1111e15813cd33622bb55bed1f95b0,9b538cca79fdce8606472a41372fbd3408b81dce4226f42e39b2b61d01c67027,1920,1080,2,background=0;full_court=1
tennis_fullcourt,tennis,full_court_segmentation,train,vlcsnap-2023-06-28-14h14m27s995.png,data/tennis_fullcourt/images/train/vlcsnap-2023-06-28-14h14m27s995.png,data/tennis_fullcourt/masks/train/vlcsnap-2023-06-28-14h14m27s995.png,e3d55a7a39ea89faf1a64e528315cab1555a8414f72591145d4332f0ba046a28,db2f4115efeace8ad63b5836f365bf6d135abe5fa07bfbfe9ef18b6722259589,1920,1080,2,background=0;full_court=1
tennis_fullcourt,tennis,full_court_segmentation,train,vlcsnap-2023-06-28-14h14m32s360.png,data/tennis_fullcourt/images/train/vlcsnap-2023-06-28-14h14m32s360.png,data/tennis_fullcourt/masks/train/vlcsnap-2023-06-28-14h14m32s360.png,174cdd8e0dbf5c9093e4e7dba2ac08369286792e6a3f805521e94012c039dfcb,fb980f72bb80bb36ba1cf84f237cf2d2616e6356f869c8a56df634c1993108d0,1920,1080,2,background=0;full_court=1
tennis_fullcourt,tennis,full_court_segmentation,train,vlcsnap-2023-06-28-14h14m47s264.png,data/tennis_fullcourt/images/train/vlcsnap-2023-06-28-14h14m47s264.png,data/tennis_fullcourt/masks/train/vlcsnap-2023-06-28-14h14m47s264.png,1be4837adcf88d933a264a0b552273df3e7b462e79809ed3f06419beb48feca0,a75c1244804487c87812b831dd9a5e2654463fd5a13ae01ca25f80910be39cf6,1920,1080,2,background=0;full_court=1
tennis_fullcourt,tennis,full_court_segmentation,train,vlcsnap-2023-06-28-14h14m57s790.png,data/tennis_fullcourt/images/train/vlcsnap-2023-06-28-14h14m57s790.png,data/tennis_fullcourt/masks/train/vlcsnap-2023-06-28-14h14m57s790.png,3265a7a311a8d2a33e79e158888e5cf68402da8594d8866399bb741666398b7c,08ba561ec20379c72945f5f3632e9381e319bec2db2b1b1eb877dcf400407460,1920,1080,2,background=0;full_court=1
tennis_fullcourt,tennis,full_court_segmentation,train,vlcsnap-2023-06-28-14h15m03s236.png,data/tennis_fullcourt/images/train/vlcsnap-2023-06-28-14h15m03s236.png,data/tennis_fullcourt/masks/train/vlcsnap-2023-06-28-14h15m03s236.png,22cbd8ffc974f0f4f5bcb1798caacd67bfb7aca707381e16561f8d91882fc9bc,63b53bfb275d2778036bc287f96c317099ae3a42109fd03df8572fcaa1bf881d,1920,1080,2,background=0;full_court=1
tennis_fullcourt,tennis,full_court_segmentation,train,vlcsnap-2023-06-28-14h16m06s755.png,data/tennis_fullcourt/images/train/vlcsnap-2023-06-28-14h16m06s755.png,data/tennis_fullcourt/masks/train/vlcsnap-2023-06-28-14h16m06s755.png,bc888f7c58f000801875f78a1e3f0d2645e4dd36ae5e9b9b84f47d8e451d9847,3fdfa0f7427d865fef9c94ef2238a5c93097631640fa09f13d2b8774bd3188a7,1920,1080,2,background=0;full_court=1
tennis_fullcourt,tennis,full_court_segmentation,train,vlcsnap-2023-06-28-14h16m11s518.png,data/tennis_fullcourt/images/train/vlcsnap-2023-06-28-14h16m11s518.png,data/tennis_fullcourt/masks/train/vlcsnap-2023-06-28-14h16m11s518.png,cf05c8681129665f053eb6248a0777f4daf968123af814e3bc88877b9c4644f9,c4ffdfb643004b4c0e77807c9879fd0e43bee3776970b95b0f1d0986e5065311,1920,1080,2,background=0;full_court=1
tennis_fullcourt,tennis,full_court_segmentation,train,vlcsnap-2023-06-28-14h16m16s178.png,data/tennis_fullcourt/images/train/vlcsnap-2023-06-28-14h16m16s178.png,data/tennis_fullcourt/masks/train/vlcsnap-2023-06-28-14h16m16s178.png,60afa7864ab86d1dcf5e2d422c3c605c9cfc61bb1976f4850a33db38d9d64b97,3aaf1a7b615306ef1efc16e7acb0616c54b712c2b1c0d4cd1fb7ab8c836cd0a2,1920,1080,2,background=0;full_court=1
tennis_fullcourt,tennis,full_court_segmentation,train,vlcsnap-2023-06-28-14h16m22s323.png,data/tennis_fullcourt/images/train/vlcsnap-2023-06-28-14h16m22s323.png,data/tennis_fullcourt/masks/train/vlcsnap-2023-06-28-14h16m22s323.png,98e54cabc625c99c38656af45ee627d3875085ccf63af43ff66c187411c361e9,9688c7710f4c16c59b41fb8cbd83b6912cb03e4d7bbe0585e40050807197dd89,1920,1080,2,background=0;full_court=1
tennis_fullcourt,tennis,full_court_segmentation,train,vlcsnap-2023-06-28-14h16m35s613.png,data/tennis_fullcourt/images/train/vlcsnap-2023-06-28-14h16m35s613.png,data/tennis_fullcourt/masks/train/vlcsnap-2023-06-28-14h16m35s613.png,6713f7e76ebd4f75d4756b18980b53f6bf69e49fd33e09ab8b915f82d219c39e,5797d59c47d743dac98206945c8bff898061b42a7c232632af37b3c1b1c9c8c1,1920,1080,2,background=0;full_court=1
tennis_fullcourt,tennis,full_court_segmentation,train,vlcsnap-2023-06-28-14h16m44s910.png,data/tennis_fullcourt/images/train/vlcsnap-2023-06-28-14h16m44s910.png,data/tennis_fullcourt/masks/train/vlcsnap-2023-06-28-14h16m44s910.png,abe0128e372e63ce2b5efb709ac2125a70f8fa771eca6b6d1f8ac4481b4037d0,6a46b8b6fe67ba867e15ef2c8eefab5bfce6e9c07e5a4724882ff014b11426af,1920,1080,2,background=0;full_court=1
tennis_fullcourt,tennis,full_court_segmentation,train,vlcsnap-2023-06-28-14h17m06s401.png,data/tennis_fullcourt/images/train/vlcsnap-2023-06-28-14h17m06s401.png,data/tennis_fullcourt/masks/train/vlcsnap-2023-06-28-14h17m06s401.png,6928be463d1aaaea7857b21149fa814a7d64abbdae6d1d60f3bff2e35eca2ad6,5797d59c47d743dac98206945c8bff898061b42a7c232632af37b3c1b1c9c8c1,1920,1080,2,background=0;full_court=1
tennis_fullcourt,tennis,full_court_segmentation,train,vlcsnap-2023-06-28-14h19m24s453.png,data/tennis_fullcourt/images/train/vlcsnap-2023-06-28-14h19m24s453.png,data/tennis_fullcourt/masks/train/vlcsnap-2023-06-28-14h19m24s453.png,c4848a1716419085420da4a91e0c017d7850f84862262453441cc07ade72b752,4926241f0b7cfee6335f5e3629486cecf1dddaf6829921f325b7a6e8fd6c5e27,1920,1080,2,background=0;full_court=1
tennis_fullcourt,tennis,full_court_segmentation,train,vlcsnap-2023-06-28-14h19m30s959.png,data/tennis_fullcourt/images/train/vlcsnap-2023-06-28-14h19m30s959.png,data/tennis_fullcourt/masks/train/vlcsnap-2023-06-28-14h19m30s959.png,0e44ccb389654622a32a8f869ccf5eeeddc71a9c6cad66964a56704da286f09e,6be07f1260a579e75ff76a812ef3dc11380dd0b0fd6b3941c06b3afdd41078c3,1920,1080,2,background=0;full_court=1
tennis_fullcourt,tennis,full_court_segmentation,train,vlcsnap-2023-06-28-14h19m36s821.png,data/tennis_fullcourt/images/train/vlcsnap-2023-06-28-14h19m36s821.png,data/tennis_fullcourt/masks/train/vlcsnap-2023-06-28-14h19m36s821.png,b9be62513ac4e468a83c3bed78ff5b4ce5fe5a8f538763d6ee64a84de831c102,19c9bd71eca24ef68ea618689748622c88a804ce15f0b987c5613181c9740609,1920,1080,2,background=0;full_court=1
tennis_fullcourt,tennis,full_court_segmentation,train,vlcsnap-2023-06-28-14h19m41s744.png,data/tennis_fullcourt/images/train/vlcsnap-2023-06-28-14h19m41s744.png,data/tennis_fullcourt/masks/train/vlcsnap-2023-06-28-14h19m41s744.png,5ad27d3f704709a4f99c89430bad35d46fea9a9ef19aad892c113557dc413225,09db34f6cdbfc9844d77c1301067859011207e76922f502729352f96dcdd0d2f,1920,1080,2,background=0;full_court=1
tennis_fullcourt,tennis,full_court_segmentation,train,vlcsnap-2023-06-28-14h19m49s818.png,data/tennis_fullcourt/images/train/vlcsnap-2023-06-28-14h19m49s818.png,data/tennis_fullcourt/masks/train/vlcsnap-2023-06-28-14h19m49s818.png,271d1211ba2788f53081dda85827029409128b41ab880423a23295aea70eba26,e1ee375ac676f354df58158c47e5cde428e007fc2bf6408813ebdc87b06a6f4a,1920,1080,2,background=0;full_court=1
tennis_fullcourt,tennis,full_court_segmentation,train,vlcsnap-2023-06-28-14h20m12s565.png,data/tennis_fullcourt/images/train/vlcsnap-2023-06-28-14h20m12s565.png,data/tennis_fullcourt/masks/train/vlcsnap-2023-06-28-14h20m12s565.png,116f683e069663b5d169f14a168fa03d1f8a7db19f9ed074d228d2febc83606c,54926a0768e02b0518035d7c3911d6615df226244bb7943a742e4389708e960c,1920,1080,2,background=0;full_court=1
tennis_fullcourt,tennis,full_court_segmentation,train,vlcsnap-2023-06-28-14h20m18s895.png,data/tennis_fullcourt/images/train/vlcsnap-2023-06-28-14h20m18s895.png,data/tennis_fullcourt/masks/train/vlcsnap-2023-06-28-14h20m18s895.png,c905cf2fb36758f5162db5b2b8baaec1880c41b63d3933138fda323eeceb1bbf,0a77607a133fe56082c6e7ca6efed15c17541c272007baaf8f806695f29a4328,1920,1080,2,background=0;full_court=1
tennis_fullcourt,tennis,full_court_segmentation,train,vlcsnap-2023-06-28-14h20m25s045.png,data/tennis_fullcourt/images/train/vlcsnap-2023-06-28-14h20m25s045.png,data/tennis_fullcourt/masks/train/vlcsnap-2023-06-28-14h20m25s045.png,a9b01aa6b2207a94a0ededf5e99907bc730a4f832f9e5fc3432568e82505564d,eff9c52da44f8cb791c19f5a3cceb5c3d30c3d1f4523ebfc66cdb9fb7466af92,1920,1080,2,background=0;full_court=1
tennis_fullcourt,tennis,full_court_segmentation,train,vlcsnap-2023-06-28-14h20m30s076.png,data/tennis_fullcourt/images/train/vlcsnap-2023-06-28-14h20m30s076.png,data/tennis_fullcourt/masks/train/vlcsnap-2023-06-28-14h20m30s076.png,bd8c644f141da93cca697c45f3e2368cd98868fe0ef80ca0a26d81e039c48ebc,59e6ebe41f61d0930629a83ba234137aded193225d58e13137b984865ec23b96,1920,1080,2,background=0;full_court=1
tennis_fullcourt,tennis,full_court_segmentation,train,vlcsnap-2023-06-28-14h20m37s979.png,data/tennis_fullcourt/images/train/vlcsnap-2023-06-28-14h20m37s979.png,data/tennis_fullcourt/masks/train/vlcsnap-2023-06-28-14h20m37s979.png,6f7f8c8b529f7d0e12df9292f8e5dc3712bffb562ccce064b2afb035915bb17b,5797d59c47d743dac98206945c8bff898061b42a7c232632af37b3c1b1c9c8c1,1920,1080,2,background=0;full_court=1
tennis_fullcourt,tennis,full_court_segmentation,train,vlcsnap-2023-06-28-14h20m45s213.png,data/tennis_fullcourt/images/train/vlcsnap-2023-06-28-14h20m45s213.png,data/tennis_fullcourt/masks/train/vlcsnap-2023-06-28-14h20m45s213.png,fc52b206fc574f56ebb2a208edbadb1b0df9a7b3acbe8c45f4204e5839721b55,5797d59c47d743dac98206945c8bff898061b42a7c232632af37b3c1b1c9c8c1,1920,1080,2,background=0;full_court=1
tennis_fullcourt,tennis,full_court_segmentation,train,vlcsnap-2023-06-28-14h20m48s906.png,data/tennis_fullcourt/images/train/vlcsnap-2023-06-28-14h20m48s906.png,data/tennis_fullcourt/masks/train/vlcsnap-2023-06-28-14h20m48s906.png,d9802135fad64a25ab4db83f38bffe5de6184c42228dbb0a0e81d3c691433cf3,1b76c3ab2115e77092ad623a9729221d1ac413a6ae5d4ca0d4b9c8f1cdf03db2,1920,1080,2,background=0;full_court=1
tennis_fullcourt,tennis,full_court_segmentation,train,vlcsnap-2023-06-28-14h20m53s127.png,data/tennis_fullcourt/images/train/vlcsnap-2023-06-28-14h20m53s127.png,data/tennis_fullcourt/masks/train/vlcsnap-2023-06-28-14h20m53s127.png,df1875ce300ad1a7ee7205204367fca736ba396b1198162a35392efee16b6ce7,5ba916888f3ed9a39676bb723927bdbf92b959c9aef99f2c794567faac7d56b3,1920,1080,2,background=0;full_court=1
tennis_fullcourt,tennis,full_court_segmentation,train,vlcsnap-2023-06-28-14h20m57s146.png,data/tennis_fullcourt/images/train/vlcsnap-2023-06-28-14h20m57s146.png,data/tennis_fullcourt/masks/train/vlcsnap-2023-06-28-14h20m57s146.png,d0c083d4064df9d09fcbdcb2c5043f8400f576b0d5ae0c480391711ca6787dbf,c03180d62bed1c11b51f05b30c76509ad945b8f1b2228243b02d5270e23b1247,1920,1080,2,background=0;full_court=1
tennis_fullcourt,tennis,full_court_segmentation,train,vlcsnap-2023-06-28-14h21m10s290.png,data/tennis_fullcourt/images/train/vlcsnap-2023-06-28-14h21m10s290.png,data/tennis_fullcourt/masks/train/vlcsnap-2023-06-28-14h21m10s290.png,d4c73cc89670fdf8430c73ef37c04ac5f015c8f848fb1c564cfe13628beff1f4,678ab06696f4f1c2f8fa514ba99ba81863a04504b7ae016f09db359173854e40,1920,1080,2,background=0;full_court=1
tennis_fullcourt,tennis,full_court_segmentation,train,vlcsnap-2023-06-28-14h21m14s747.png,data/tennis_fullcourt/images/train/vlcsnap-2023-06-28-14h21m14s747.png,data/tennis_fullcourt/masks/train/vlcsnap-2023-06-28-14h21m14s747.png,1f892bebe2683647e774f8f266e56f9f52d812b26d17f037db3477822981bebc,f1fd3fb4c8e4d8521bba5db70ccae011d19da145400a57d98683b6ffe819fde0,1920,1080,2,background=0;full_court=1
tennis_fullcourt,tennis,full_court_segmentation,train,vlcsnap-2023-06-28-14h21m20s090.png,data/tennis_fullcourt/images/train/vlcsnap-2023-06-28-14h21m20s090.png,data/tennis_fullcourt/masks/train/vlcsnap-2023-06-28-14h21m20s090.png,7a1ea87290b4aa23fb5d8d9ae0341851f942db501a186c3262c4139c7d0d8526,a4fc62086b70b20ed1fa7140ca32a5388f0d22bd3aff5ef3b049f5a4f8ca0d9a,1920,1080,2,background=0;full_court=1
tennis_fullcourt,tennis,full_court_segmentation,train,vlcsnap-2023-06-28-14h21m37s226.png,data/tennis_fullcourt/images/train/vlcsnap-2023-06-28-14h21m37s226.png,data/tennis_fullcourt/masks/train/vlcsnap-2023-06-28-14h21m37s226.png,ad9e221168f22b11057a10e209655fa761f65b109bbfb3195b66be0de41bd125,0b3173bd8298bdb8f7801bfc887eff91cc261176cf0f76b2776af20f84369c06,1920,1080,2,background=0;full_court=1
tennis_fullcourt,tennis,full_court_segmentation,train,vlcsnap-2023-06-28-14h21m49s342.png,data/tennis_fullcourt/images/train/vlcsnap-2023-06-28-14h21m49s342.png,data/tennis_fullcourt/masks/train/vlcsnap-2023-06-28-14h21m49s342.png,b8583af1eeaa68ffeafae981097de1c708ec2a069bb1f17c6b7b52888654600f,c2e2b65ca282c6c22d19429dfbb2882b654e145de4f7cc038dfd3ddca6ec24b0,1920,1080,2,background=0;full_court=1
tennis_fullcourt,tennis,full_court_segmentation,train,vlcsnap-2023-06-28-14h21m54s212.png,data/tennis_fullcourt/images/train/vlcsnap-2023-06-28-14h21m54s212.png,data/tennis_fullcourt/masks/train/vlcsnap-2023-06-28-14h21m54s212.png,e2756729c61961388c402b91746a9a9fb985f4b699f7ebd81968aa82d98569a1,375cb39ef1e619a333d8f436943d01fa9974c3ef145218f0e07d16a669436ee5,1920,1080,2,background=0;full_court=1
tennis_fullcourt,tennis,full_court_segmentation,train,vlcsnap-2023-06-28-14h21m58s643.png,data/tennis_fullcourt/images/train/vlcsnap-2023-06-28-14h21m58s643.png,data/tennis_fullcourt/masks/train/vlcsnap-2023-06-28-14h21m58s643.png,f40ad309d9008512fbf77c732fe1cba168df5bed9dd0b1f31910708312a4eba3,2106085f8642bbd7776c26fdba45c1b7cf6ceec9645e190552abe922dbc5c44f,1920,1080,2,background=0;full_court=1
tennis_fullcourt,tennis,full_court_segmentation,train,vlcsnap-2023-06-28-14h22m04s164.png,data/tennis_fullcourt/images/train/vlcsnap-2023-06-28-14h22m04s164.png,data/tennis_fullcourt/masks/train/vlcsnap-2023-06-28-14h22m04s164.png,ffe4294002802a3d0400427dc28c4e6a15ed6d1496ee42c8d5ae0d3dd23d3d3c,d90d169905d16a9ae0bd61fe7132bbf6851d288b9019d3f75779b50f379d3fee,1920,1080,2,background=0;full_court=1
tennis_fullcourt,tennis,full_court_segmentation,train,vlcsnap-2023-06-28-14h22m10s245.png,data/tennis_fullcourt/images/train/vlcsnap-2023-06-28-14h22m10s245.png,data/tennis_fullcourt/masks/train/vlcsnap-2023-06-28-14h22m10s245.png,c80e0211324740c5d202cc790300dc332482113072617a232ba384375a5455d1,0faeb6e053c14442cbd7a4b350854f42334769708efd59020ed4523b93067ef9,1920,1080,2,background=0;full_court=1
tennis_fullcourt,tennis,full_court_segmentation,train,vlcsnap-2023-06-28-14h22m18s449.png,data/tennis_fullcourt/images/train/vlcsnap-2023-06-28-14h22m18s449.png,data/tennis_fullcourt/masks/train/vlcsnap-2023-06-28-14h22m18s449.png,ba29b56699fa1d52c636b8ba0216113b9d4f5b6ea876ed0bbc79dc0034db7048,76cadc17eb978c900d2301b43a353d195c221d53530e1bab4dbb14e192e156fb,1920,1080,2,background=0;full_court=1
tennis_fullcourt,tennis,full_court_segmentation,train,vlcsnap-2023-06-28-14h22m22s837.png,data/tennis_fullcourt/images/train/vlcsnap-2023-06-28-14h22m22s837.png,data/tennis_fullcourt/masks/train/vlcsnap-2023-06-28-14h22m22s837.png,53b1bfcd56d980cb876345a817dc1c9dfb304f170252f9c544c85d2c25c93182,4de239e5b2347b187957ca255813996e2bd2b5b5fb20bd899f3780d12e608dac,1920,1080,2,background=0;full_court=1
tennis_fullcourt,tennis,full_court_segmentation,train,vlcsnap-2023-06-28-14h22m33s891.png,data/tennis_fullcourt/images/train/vlcsnap-2023-06-28-14h22m33s891.png,data/tennis_fullcourt/masks/train/vlcsnap-2023-06-28-14h22m33s891.png,ffdba141d789c744e356a3d1043c245b21b607f0fb0894223061d24428a5ec31,5797d59c47d743dac98206945c8bff898061b42a7c232632af37b3c1b1c9c8c1,1920,1080,2,background=0;full_court=1
tennis_fullcourt,tennis,full_court_segmentation,train,vlcsnap-2023-06-28-14h22m41s937.png,data/tennis_fullcourt/images/train/vlcsnap-2023-06-28-14h22m41s937.png,data/tennis_fullcourt/masks/train/vlcsnap-2023-06-28-14h22m41s937.png,d129358b4a7ee03f89d090d6b4f0a584ffcc021bc75536dabae46a9bea0cb3c5,816c6e0842676bc726371571b821be88ed5a833fc59a8f2550b9525f39fd6e51,1920,1080,2,background=0;full_court=1
tennis_fullcourt,tennis,full_court_segmentation,train,vlcsnap-2023-11-10-13h58m24s629.png,data/tennis_fullcourt/images/train/vlcsnap-2023-11-10-13h58m24s629.png,data/tennis_fullcourt/masks/train/vlcsnap-2023-11-10-13h58m24s629.png,792f95d5d3e6d6e7a5ef615ed7f74dea8de2ad1f0e6261a171e4806d2a9ecc5f,91d467c9bbf51afe008eabadb90e2d83bbb35cc0937e8678c4a3652b40fd0cd8,1920,1080,2,background=0;full_court=1
tennis_fullcourt,tennis,full_court_segmentation,train,vlcsnap-2023-11-10-13h58m31s781.png,data/tennis_fullcourt/images/train/vlcsnap-2023-11-10-13h58m31s781.png,data/tennis_fullcourt/masks/train/vlcsnap-2023-11-10-13h58m31s781.png,51130ea79bd95b6863e34598b3d94c4a8f88737c3eb3c3347882165e48b617cd,9b42210429c78eb2cf0c1b0756f5800bda8f91d63773884d14c3d4ba8d614354,1920,1080,2,background=0;full_court=1
tennis_fullcourt,tennis,full_court_segmentation,train,vlcsnap-2023-11-10-13h58m35s807.png,data/tennis_fullcourt/images/train/vlcsnap-2023-11-10-13h58m35s807.png,data/tennis_fullcourt/masks/train/vlcsnap-2023-11-10-13h58m35s807.png,27700af3e8db0d7f21227b3483abb08e48a619af9fbe84f9d7c9528f9f72b255,c9f471e74aefb4956846f080b8978c361a825a8bf71afdf285cb8debc3c3df66,1920,1080,2,background=0;full_court=1
tennis_fullcourt,tennis,full_court_segmentation,train,vlcsnap-2023-11-10-13h58m40s458.png,data/tennis_fullcourt/images/train/vlcsnap-2023-11-10-13h58m40s458.png,data/tennis_fullcourt/masks/train/vlcsnap-2023-11-10-13h58m40s458.png,a7dbd84ce5ea0bce6bb895818b3d18f8bb664079a1c9dd31e1b33be5af6eb19f,5b41e397370fa5b0d8cff0f1538f06b95e28adaecfb54dc8f6cef256ae0744fc,1920,1080,2,background=0;full_court=1
tennis_fullcourt,tennis,full_court_segmentation,train,vlcsnap-2023-11-10-13h59m45s818.png,data/tennis_fullcourt/images/train/vlcsnap-2023-11-10-13h59m45s818.png,data/tennis_fullcourt/masks/train/vlcsnap-2023-11-10-13h59m45s818.png,0167760260562c0f04021b210bb07a5cf07fe7e3fd01a30e50f15899b7e6f03c,08677545012d860e65c523270e4ce899d441b3493245893f9afbb92e690690e8,1920,1080,2,background=0;full_court=1
tennis_fullcourt,tennis,full_court_segmentation,train,vlcsnap-2023-11-10-14h00m04s213.png,data/tennis_fullcourt/images/train/vlcsnap-2023-11-10-14h00m04s213.png,data/tennis_fullcourt/masks/train/vlcsnap-2023-11-10-14h00m04s213.png,0f436f536208eacdb663bd7e9b0ed42b2c3eb9c05903f3b7b1d142ddeaf35d91,08677545012d860e65c523270e4ce899d441b3493245893f9afbb92e690690e8,1920,1080,2,background=0;full_court=1
tennis_fullcourt,tennis,full_court_segmentation,train,vlcsnap-2023-11-10-14h00m09s317.png,data/tennis_fullcourt/images/train/vlcsnap-2023-11-10-14h00m09s317.png,data/tennis_fullcourt/masks/train/vlcsnap-2023-11-10-14h00m09s317.png,c72b68e25ef565d5c714145263df5d262bad7c204daced4d818321ea43ba171a,08677545012d860e65c523270e4ce899d441b3493245893f9afbb92e690690e8,1920,1080,2,background=0;full_court=1
tennis_fullcourt,tennis,full_court_segmentation,train,vlcsnap-2023-11-10-14h00m17s022.png,data/tennis_fullcourt/images/train/vlcsnap-2023-11-10-14h00m17s022.png,data/tennis_fullcourt/masks/train/vlcsnap-2023-11-10-14h00m17s022.png,40dd01edf3014206df5bc07f5bcdb2758fff51ccc0e5ce495b28ab6ad04967a4,08677545012d860e65c523270e4ce899d441b3493245893f9afbb92e690690e8,1920,1080,2,background=0;full_court=1
tennis_fullcourt,tennis,full_court_segmentation,train,vlcsnap-2023-11-10-14h00m23s210.png,data/tennis_fullcourt/images/train/vlcsnap-2023-11-10-14h00m23s210.png,data/tennis_fullcourt/masks/train/vlcsnap-2023-11-10-14h00m23s210.png,db5922845755a0f640fd6b08e68c36d4dd8d9fa71c2d6c627dd6807ed26bc4b1,08677545012d860e65c523270e4ce899d441b3493245893f9afbb92e690690e8,1920,1080,2,background=0;full_court=1
tennis_fullcourt,tennis,full_court_segmentation,train,vlcsnap-2023-11-10-14h00m27s072.png,data/tennis_fullcourt/images/train/vlcsnap-2023-11-10-14h00m27s072.png,data/tennis_fullcourt/masks/train/vlcsnap-2023-11-10-14h00m27s072.png,de27efa8a909d2ed7c84ceef0361fbbdba98ead13dc339e933498a77552e3a75,08677545012d860e65c523270e4ce899d441b3493245893f9afbb92e690690e8,1920,1080,2,background=0;full_court=1
tennis_fullcourt,tennis,full_court_segmentation,train,vlcsnap-2023-11-10-14h00m41s543.png,data/tennis_fullcourt/images/train/vlcsnap-2023-11-10-14h00m41s543.png,data/tennis_fullcourt/masks/train/vlcsnap-2023-11-10-14h00m41s543.png,7bae2c8801b83b9d98a2316e9a91d247300ef319f1745fd4ffb28cc5284c5e37,08677545012d860e65c523270e4ce899d441b3493245893f9afbb92e690690e8,1920,1080,2,background=0;full_court=1
tennis_fullcourt,tennis,full_court_segmentation,train,vlcsnap-2023-11-10-14h01m51s757.png,data/tennis_fullcourt/images/train/vlcsnap-2023-11-10-14h01m51s757.png,data/tennis_fullcourt/masks/train/vlcsnap-2023-11-10-14h01m51s757.png,10ef1f12fadf2ee669a16590a375b0585686340294c05459d6461659d5868cea,08677545012d860e65c523270e4ce899d441b3493245893f9afbb92e690690e8,1920,1080,2,background=0;full_court=1
tennis_fullcourt,tennis,full_court_segmentation,train,vlcsnap-2023-11-10-14h01m55s944.png,data/tennis_fullcourt/images/train/vlcsnap-2023-11-10-14h01m55s944.png,data/tennis_fullcourt/masks/train/vlcsnap-2023-11-10-14h01m55s944.png,df7760927a55b752a08b2d2c35eb620ab0d823176f2658ce724071aa59c9f499,08677545012d860e65c523270e4ce899d441b3493245893f9afbb92e690690e8,1920,1080,2,background=0;full_court=1
tennis_fullcourt,tennis,full_court_segmentation,train,vlcsnap-2023-11-10-14h02m00s162.png,data/tennis_fullcourt/images/train/vlcsnap-2023-11-10-14h02m00s162.png,data/tennis_fullcourt/masks/train/vlcsnap-2023-11-10-14h02m00s162.png,5e5ffc817ec8f0c0c70aaab1034a214e573235360471529b2ed02e91c5811be4,08677545012d860e65c523270e4ce899d441b3493245893f9afbb92e690690e8,1920,1080,2,background=0;full_court=1
tennis_fullcourt,tennis,full_court_segmentation,train,vlcsnap-2023-11-10-14h02m05s706.png,data/tennis_fullcourt/images/train/vlcsnap-2023-11-10-14h02m05s706.png,data/tennis_fullcourt/masks/train/vlcsnap-2023-11-10-14h02m05s706.png,748de1c9a63069c9cfe198434581dd9b69d6a1f07e1d8c26e830453e3d85acbb,6667e132fc1110c268e3094e6faed5e08d4c23581e4da286031f32e7d4996adf,1920,1080,2,background=0;full_court=1
tennis_fullcourt,tennis,full_court_segmentation,train,vlcsnap-2023-11-10-14h02m10s043.png,data/tennis_fullcourt/images/train/vlcsnap-2023-11-10-14h02m10s043.png,data/tennis_fullcourt/masks/train/vlcsnap-2023-11-10-14h02m10s043.png,b0bd769d987d4f865f5a84c8886194be242f86ddf53b654f4c15166cbcbb010d,6667e132fc1110c268e3094e6faed5e08d4c23581e4da286031f32e7d4996adf,1920,1080,2,background=0;full_court=1
tennis_fullcourt,tennis,full_court_segmentation,train,vlcsnap-2023-11-10-14h02m14s571.png,data/tennis_fullcourt/images/train/vlcsnap-2023-11-10-14h02m14s571.png,data/tennis_fullcourt/masks/train/vlcsnap-2023-11-10-14h02m14s571.png,054a96e69cf18d95fd54ded70393ffaa7084d2feb43320c19f172656f1b976f9,6667e132fc1110c268e3094e6faed5e08d4c23581e4da286031f32e7d4996adf,1920,1080,2,background=0;full_court=1
tennis_fullcourt,tennis,full_court_segmentation,train,vlcsnap-2023-11-10-14h02m20s002.png,data/tennis_fullcourt/images/train/vlcsnap-2023-11-10-14h02m20s002.png,data/tennis_fullcourt/masks/train/vlcsnap-2023-11-10-14h02m20s002.png,54b755b49a4d42f1c894d98f5b712b0185862d46f49836b55b59a7e26393206b,6667e132fc1110c268e3094e6faed5e08d4c23581e4da286031f32e7d4996adf,1920,1080,2,background=0;full_court=1
tennis_fullcourt,tennis,full_court_segmentation,train,vlcsnap-2023-11-10-14h02m26s284.png,data/tennis_fullcourt/images/train/vlcsnap-2023-11-10-14h02m26s284.png,data/tennis_fullcourt/masks/train/vlcsnap-2023-11-10-14h02m26s284.png,182ca626c9f49b17bfad7243e69d2cf66cda60895d7f2e88f7462882310ad1a7,6667e132fc1110c268e3094e6faed5e08d4c23581e4da286031f32e7d4996adf,1920,1080,2,background=0;full_court=1
tennis_fullcourt,tennis,full_court_segmentation,train,vlcsnap-2023-11-10-14h02m31s937.png,data/tennis_fullcourt/images/train/vlcsnap-2023-11-10-14h02m31s937.png,data/tennis_fullcourt/masks/train/vlcsnap-2023-11-10-14h02m31s937.png,4bb982386cf1d043463b8dea597d807bbe82bfaea18b10e0d763c58ffcbded4c,6667e132fc1110c268e3094e6faed5e08d4c23581e4da286031f32e7d4996adf,1920,1080,2,background=0;full_court=1
tennis_fullcourt,tennis,full_court_segmentation,train,vlcsnap-2023-11-10-14h02m37s289.png,data/tennis_fullcourt/images/train/vlcsnap-2023-11-10-14h02m37s289.png,data/tennis_fullcourt/masks/train/vlcsnap-2023-11-10-14h02m37s289.png,46c43bc941b29a4ee5702440a44fbedf351e72ece2cc557bb7d04518ed2d2254,6667e132fc1110c268e3094e6faed5e08d4c23581e4da286031f32e7d4996adf,1920,1080,2,background=0;full_court=1
tennis_fullcourt,tennis,full_court_segmentation,train,vlcsnap-2023-11-10-14h02m42s671.png,data/tennis_fullcourt/images/train/vlcsnap-2023-11-10-14h02m42s671.png,data/tennis_fullcourt/masks/train/vlcsnap-2023-11-10-14h02m42s671.png,0e530509e88372313973af95c4e1b085693780d5830c2c97cd8e6c09d4402e59,6667e132fc1110c268e3094e6faed5e08d4c23581e4da286031f32e7d4996adf,1920,1080,2,background=0;full_court=1
tennis_fullcourt,tennis,full_court_segmentation,train,vlcsnap-2023-11-10-14h02m48s101.png,data/tennis_fullcourt/images/train/vlcsnap-2023-11-10-14h02m48s101.png,data/tennis_fullcourt/masks/train/vlcsnap-2023-11-10-14h02m48s101.png,55ebdfe1ee354e619804615370912500ed4a5ed5cbdf96738fadbc43053fecc9,6667e132fc1110c268e3094e6faed5e08d4c23581e4da286031f32e7d4996adf,1920,1080,2,background=0;full_court=1
tennis_fullcourt,tennis,full_court_segmentation,train,vlcsnap-2023-11-10-14h02m53s085.png,data/tennis_fullcourt/images/train/vlcsnap-2023-11-10-14h02m53s085.png,data/tennis_fullcourt/masks/train/vlcsnap-2023-11-10-14h02m53s085.png,83e9c8ce6896b75b33c2cb5c7993d174b666546de69bb25a0bd15126eb851c36,6667e132fc1110c268e3094e6faed5e08d4c23581e4da286031f32e7d4996adf,1920,1080,2,background=0;full_court=1
tennis_fullcourt,tennis,full_court_segmentation,train,vlcsnap-2023-11-10-14h03m13s659.png,data/tennis_fullcourt/images/train/vlcsnap-2023-11-10-14h03m13s659.png,data/tennis_fullcourt/masks/train/vlcsnap-2023-11-10-14h03m13s659.png,02cdc0e6ce58fc0036c58409c2cf4e10e30a5ea164175f610610f9a8d77195c3,df758878d0178123b7a4a2774dd1e0982d6101746d9c552094101f02173095df,1920,1080,2,background=0;full_court=1
tennis_fullcourt,tennis,full_court_segmentation,train,vlcsnap-2023-11-10-14h03m19s643.png,data/tennis_fullcourt/images/train/vlcsnap-2023-11-10-14h03m19s643.png,data/tennis_fullcourt/masks/train/vlcsnap-2023-11-10-14h03m19s643.png,f4b5022f59ab860573bc5dc9a7b2dcbef8ebd6db9013486936c06417352f40fb,df758878d0178123b7a4a2774dd1e0982d6101746d9c552094101f02173095df,1920,1080,2,background=0;full_court=1
tennis_fullcourt,tennis,full_court_segmentation,train,vlcsnap-2023-11-10-14h03m24s991.png,data/tennis_fullcourt/images/train/vlcsnap-2023-11-10-14h03m24s991.png,data/tennis_fullcourt/masks/train/vlcsnap-2023-11-10-14h03m24s991.png,8c64dfc28f32fe6c8f66de92377b0a6a6c4c786997913c89a768f26a2e185b2c,df758878d0178123b7a4a2774dd1e0982d6101746d9c552094101f02173095df,1920,1080,2,background=0;full_court=1
tennis_fullcourt,tennis,full_court_segmentation,train,vlcsnap-2023-11-10-14h03m30s737.png,data/tennis_fullcourt/images/train/vlcsnap-2023-11-10-14h03m30s737.png,data/tennis_fullcourt/masks/train/vlcsnap-2023-11-10-14h03m30s737.png,19501f75518b9489ad3547b74fddb68110a01cd76f7eb8c3b34e85130bd4d1be,df758878d0178123b7a4a2774dd1e0982d6101746d9c552094101f02173095df,1920,1080,2,background=0;full_court=1
tennis_fullcourt,tennis,full_court_segmentation,train,vlcsnap-2023-11-10-14h03m36s957.png,data/tennis_fullcourt/images/train/vlcsnap-2023-11-10-14h03m36s957.png,data/tennis_fullcourt/masks/train/vlcsnap-2023-11-10-14h03m36s957.png,9949d801806480f6b02431620c7d38201738872bf6844a8a408320c41e4b9a69,df758878d0178123b7a4a2774dd1e0982d6101746d9c552094101f02173095df,1920,1080,2,background=0;full_court=1
tennis_fullcourt,tennis,full_court_segmentation,train,vlcsnap-2023-11-10-14h03m44s380.png,data/tennis_fullcourt/images/train/vlcsnap-2023-11-10-14h03m44s380.png,data/tennis_fullcourt/masks/train/vlcsnap-2023-11-10-14h03m44s380.png,243c7971ce49f02b364b198583e567d1e69d84cb127e7d793752490a2492e39d,df758878d0178123b7a4a2774dd1e0982d6101746d9c552094101f02173095df,1920,1080,2,background=0;full_court=1
tennis_fullcourt,tennis,full_court_segmentation,train,vlcsnap-2023-11-10-14h03m51s410.png,data/tennis_fullcourt/images/train/vlcsnap-2023-11-10-14h03m51s410.png,data/tennis_fullcourt/masks/train/vlcsnap-2023-11-10-14h03m51s410.png,14c527192ae065e6db189bef8f2de9da14e040cb507e796f57bb4ef181d21cfe,df758878d0178123b7a4a2774dd1e0982d6101746d9c552094101f02173095df,1920,1080,2,background=0;full_court=1
tennis_fullcourt,tennis,full_court_segmentation,train,vlcsnap-2023-11-10-14h03m58s059.png,data/tennis_fullcourt/images/train/vlcsnap-2023-11-10-14h03m58s059.png,data/tennis_fullcourt/masks/train/vlcsnap-2023-11-10-14h03m58s059.png,c378705281e02a70e97580f4911bcbd77877a5f03e473777329bc0d8c906a6eb,df758878d0178123b7a4a2774dd1e0982d6101746d9c552094101f02173095df,1920,1080,2,background=0;full_court=1
tennis_fullcourt,tennis,full_court_segmentation,train,vlcsnap-2023-11-10-14h04m06s111.png,data/tennis_fullcourt/images/train/vlcsnap-2023-11-10-14h04m06s111.png,data/tennis_fullcourt/masks/train/vlcsnap-2023-11-10-14h04m06s111.png,8fd1ee3216523d6f35bcdd762be80cecaa1e74d1cd63ff415d0d6e102bce73a2,df758878d0178123b7a4a2774dd1e0982d6101746d9c552094101f02173095df,1920,1080,2,background=0;full_court=1
tennis_fullcourt,tennis,full_court_segmentation,train,vlcsnap-2023-11-10-14h04m20s136.png,data/tennis_fullcourt/images/train/vlcsnap-2023-11-10-14h04m20s136.png,data/tennis_fullcourt/masks/train/vlcsnap-2023-11-10-14h04m20s136.png,97dccdbf50cd3b21313badfa77d7fedcd4de26166d01c0a69167bd4be2def9fa,04ec3b5b906ab5c22e3cf4b265dc41e09cd8204ce650c3ee53874b5a1c75f36e,1920,1080,2,background=0;full_court=1
tennis_fullcourt,tennis,full_court_segmentation,train,vlcsnap-2023-11-10-14h04m32s208.png,data/tennis_fullcourt/images/train/vlcsnap-2023-11-10-14h04m32s208.png,data/tennis_fullcourt/masks/train/vlcsnap-2023-11-10-14h04m32s208.png,85cd7915b2f60a14017402bb33b5157f59135ad7601626688f9af9497303500e,04ec3b5b906ab5c22e3cf4b265dc41e09cd8204ce650c3ee53874b5a1c75f36e,1920,1080,2,background=0;full_court=1
tennis_fullcourt,tennis,full_court_segmentation,train,vlcsnap-2023-11-10-14h04m43s607.png,data/tennis_fullcourt/images/train/vlcsnap-2023-11-10-14h04m43s607.png,data/tennis_fullcourt/masks/train/vlcsnap-2023-11-10-14h04m43s607.png,3cc5551f4e0d4b0bfbd66bae728bba1c952f877ad57770f93824850cae8948f5,da84c569541939e4645193da2410c8c9e8217a880bbc7e8460f65f194ad164eb,1920,1080,2,background=0;full_court=1
tennis_fullcourt,tennis,full_court_segmentation,train,vlcsnap-2023-11-10-14h04m47s755.png,data/tennis_fullcourt/images/train/vlcsnap-2023-11-10-14h04m47s755.png,data/tennis_fullcourt/masks/train/vlcsnap-2023-11-10-14h04m47s755.png,515892f225a937c065ed37d54631e166b503e1f424fce5765e2cabecf162b95a,da84c569541939e4645193da2410c8c9e8217a880bbc7e8460f65f194ad164eb,1920,1080,2,background=0;full_court=1
tennis_fullcourt,tennis,full_court_segmentation,train,vlcsnap-2023-11-10-14h04m52s780.png,data/tennis_fullcourt/images/train/vlcsnap-2023-11-10-14h04m52s780.png,data/tennis_fullcourt/masks/train/vlcsnap-2023-11-10-14h04m52s780.png,41c91453792da7a57d3d1229df201cf154f50ef76a1042fd06e516e4ede31b24,da84c569541939e4645193da2410c8c9e8217a880bbc7e8460f65f194ad164eb,1920,1080,2,background=0;full_court=1
tennis_fullcourt,tennis,full_court_segmentation,train,vlcsnap-2023-11-10-14h04m57s505.png,data/tennis_fullcourt/images/train/vlcsnap-2023-11-10-14h04m57s505.png,data/tennis_fullcourt/masks/train/vlcsnap-2023-11-10-14h04m57s505.png,2368fc4219fc758f728683cc27cd1c0bc40dd4b8d18997aec28a99909bd954a2,5c55d5d2c899eec7d5fabdd241607ad091c6596166a35742033d77214d76c63d,1920,1080,2,background=0;full_court=1
tennis_fullcourt,tennis,full_court_segmentation,train,vlcsnap-2023-11-10-14h05m06s497.png,data/tennis_fullcourt/images/train/vlcsnap-2023-11-10-14h05m06s497.png,data/tennis_fullcourt/masks/train/vlcsnap-2023-11-10-14h05m06s497.png,ca0073f07f278f0cdbf57bd55cb29bd7fefba24dccad7790fac1c6d506aa12e8,5c55d5d2c899eec7d5fabdd241607ad091c6596166a35742033d77214d76c63d,1920,1080,2,background=0;full_court=1
tennis_fullcourt,tennis,full_court_segmentation,train,vlcsnap-2023-11-10-14h05m11s035.png,data/tennis_fullcourt/images/train/vlcsnap-2023-11-10-14h05m11s035.png,data/tennis_fullcourt/masks/train/vlcsnap-2023-11-10-14h05m11s035.png,95756192f1f9371f0a06b1a4640bc8f67c877a3b319785c009b70ce967e994fd,5c55d5d2c899eec7d5fabdd241607ad091c6596166a35742033d77214d76c63d,1920,1080,2,background=0;full_court=1
tennis_fullcourt,tennis,full_court_segmentation,train,vlcsnap-2023-11-10-14h05m15s369.png,data/tennis_fullcourt/images/train/vlcsnap-2023-11-10-14h05m15s369.png,data/tennis_fullcourt/masks/train/vlcsnap-2023-11-10-14h05m15s369.png,cea69aed638e55094cb44c0f98f06eeb9da7ee0f5d7491f7a3719d0d14f501f3,50240de1f4ddb6200a838f483cce901f54722ef6a0145c00972db1958df2a180,1920,1080,2,background=0;full_court=1
tennis_fullcourt,tennis,full_court_segmentation,train,vlcsnap-2023-11-10-14h05m19s705.png,data/tennis_fullcourt/images/train/vlcsnap-2023-11-10-14h05m19s705.png,data/tennis_fullcourt/masks/train/vlcsnap-2023-11-10-14h05m19s705.png,41fb57957e17158f5902dbe79660557dcec1fb90130f76edadde63aec4af4bd3,50240de1f4ddb6200a838f483cce901f54722ef6a0145c00972db1958df2a180,1920,1080,2,background=0;full_court=1
tennis_fullcourt,tennis,full_court_segmentation,train,vlcsnap-2023-11-10-14h05m24s313.png,data/tennis_fullcourt/images/train/vlcsnap-2023-11-10-14h05m24s313.png,data/tennis_fullcourt/masks/train/vlcsnap-2023-11-10-14h05m24s313.png,52fa836159fee040de62a35bea83f0bd080cc7d3c83d20d215b4bce9de1cebfd,50240de1f4ddb6200a838f483cce901f54722ef6a0145c00972db1958df2a180,1920,1080,2,background=0;full_court=1
tennis_fullcourt,tennis,full_court_segmentation,train,vlcsnap-2023-11-10-14h05m28s914.png,data/tennis_fullcourt/images/train/vlcsnap-2023-11-10-14h05m28s914.png,data/tennis_fullcourt/masks/train/vlcsnap-2023-11-10-14h05m28s914.png,4c05b88281aad50747ba204e76d97e757fa41ad68ed0600912621d481c6f1a73,50240de1f4ddb6200a838f483cce901f54722ef6a0145c00972db1958df2a180,1920,1080,2,background=0;full_court=1
tennis_fullcourt,tennis,full_court_segmentation,train,vlcsnap-2023-11-10-14h05m47s564.png,data/tennis_fullcourt/images/train/vlcsnap-2023-11-10-14h05m47s564.png,data/tennis_fullcourt/masks/train/vlcsnap-2023-11-10-14h05m47s564.png,cbec26a2480538656bbbd0ee3a81898e11882308de39b9397b2bdefbe3ac632f,67a52682cb7b5a8b69f05faa301549e928f8ba7e444e2fd2b1a6ffac9e98ad31,1920,1080,2,background=0;full_court=1
tennis_fullcourt,tennis,full_court_segmentation,train,vlcsnap-2023-11-10-14h05m53s444.png,data/tennis_fullcourt/images/train/vlcsnap-2023-11-10-14h05m53s444.png,data/tennis_fullcourt/masks/train/vlcsnap-2023-11-10-14h05m53s444.png,cd847750db29d75c4c5bfb08422d514af01f5e89bc30d0f5fbbfd80f5edc714d,67a52682cb7b5a8b69f05faa301549e928f8ba7e444e2fd2b1a6ffac9e98ad31,1920,1080,2,background=0;full_court=1
tennis_fullcourt,tennis,full_court_segmentation,train,vlcsnap-2023-11-10-14h05m58s762.png,data/tennis_fullcourt/images/train/vlcsnap-2023-11-10-14h05m58s762.png,data/tennis_fullcourt/masks/train/vlcsnap-2023-11-10-14h05m58s762.png,634e6f8d84b894e2c8edb473d58980f2044c66f361b3d3cb384a5c3991eaf773,67a52682cb7b5a8b69f05faa301549e928f8ba7e444e2fd2b1a6ffac9e98ad31,1920,1080,2,background=0;full_court=1
tennis_fullcourt,tennis,full_court_segmentation,train,vlcsnap-2023-11-10-14h06m03s719.png,data/tennis_fullcourt/images/train/vlcsnap-2023-11-10-14h06m03s719.png,data/tennis_fullcourt/masks/train/vlcsnap-2023-11-10-14h06m03s719.png,986593adfd9f5e94aa9fe4b9089c7e12e44a24270decc0bd890b55a5fd7e1a89,67a52682cb7b5a8b69f05faa301549e928f8ba7e444e2fd2b1a6ffac9e98ad31,1920,1080,2,background=0;full_court=1
tennis_fullcourt,tennis,full_court_segmentation,train,vlcsnap-2023-11-10-14h06m10s175.png,data/tennis_fullcourt/images/train/vlcsnap-2023-11-10-14h06m10s175.png,data/tennis_fullcourt/masks/train/vlcsnap-2023-11-10-14h06m10s175.png,413224b3853cf191f06ef6428731a486c9a5fef9b7b22669d36182e2708404a8,8f59bf845d7366bf496922ab2ed89755cadf6ff3bcdc569c578f62186e8f6c0c,1920,1080,2,background=0;full_court=1
tennis_fullcourt,tennis,full_court_segmentation,train,vlcsnap-2023-11-10-14h06m16s316.png,data/tennis_fullcourt/images/train/vlcsnap-2023-11-10-14h06m16s316.png,data/tennis_fullcourt/masks/train/vlcsnap-2023-11-10-14h06m16s316.png,1a01e1532e721e11627f8fe1f23b16bf6184ef7c7ecf64a7d8cfb45493979ac8,8f59bf845d7366bf496922ab2ed89755cadf6ff3bcdc569c578f62186e8f6c0c,1920,1080,2,background=0;full_court=1
tennis_fullcourt,tennis,full_court_segmentation,train,vlcsnap-2023-11-10-14h06m21s981.png,data/tennis_fullcourt/images/train/vlcsnap-2023-11-10-14h06m21s981.png,data/tennis_fullcourt/masks/train/vlcsnap-2023-11-10-14h06m21s981.png,3ed70025ae2b6251fe70c370cff4efcb1abb2a4c1154bf6f53f82794565fcfc2,8f59bf845d7366bf496922ab2ed89755cadf6ff3bcdc569c578f62186e8f6c0c,1920,1080,2,background=0;full_court=1
tennis_fullcourt,tennis,full_court_segmentation,train,vlcsnap-2023-11-10-14h08m03s283.png,data/tennis_fullcourt/images/train/vlcsnap-2023-11-10-14h08m03s283.png,data/tennis_fullcourt/masks/train/vlcsnap-2023-11-10-14h08m03s283.png,571bcc8049c4e9672152a0a537a970144b87c753cf343060f6bd75fb4870c291,c0dfc060caf3b8a4603ab0d9b689a349216cac49bca65ecb919784402a563083,1920,1080,2,background=0;full_court=1
tennis_fullcourt,tennis,full_court_segmentation,train,vlcsnap-2023-11-10-14h08m09s153.png,data/tennis_fullcourt/images/train/vlcsnap-2023-11-10-14h08m09s153.png,data/tennis_fullcourt/masks/train/vlcsnap-2023-11-10-14h08m09s153.png,234d66c6714e1d389253a64f9fb23ee91643a38ac1bbf1abc5d0b94c4fdfe6fd,c0dfc060caf3b8a4603ab0d9b689a349216cac49bca65ecb919784402a563083,1920,1080,2,background=0;full_court=1
tennis_fullcourt,tennis,full_court_segmentation,train,vlcsnap-2023-11-10-14h08m39s652.png,data/tennis_fullcourt/images/train/vlcsnap-2023-11-10-14h08m39s652.png,data/tennis_fullcourt/masks/train/vlcsnap-2023-11-10-14h08m39s652.png,2af69249abb9389f5510fc26c018f86e06382b6028ad0e7dd67303c23ae16244,deda83a804e856a0bd18b7d34524ec729e9018be662103e44c80bbfe70b71359,1920,1080,2,background=0;full_court=1
tennis_fullcourt,tennis,full_court_segmentation,train,vlcsnap-2023-11-10-14h08m44s842.png,data/tennis_fullcourt/images/train/vlcsnap-2023-11-10-14h08m44s842.png,data/tennis_fullcourt/masks/train/vlcsnap-2023-11-10-14h08m44s842.png,bc5329a732bcda572c881461decd649106b4ffdc369f9447a338d14782b528a2,deda83a804e856a0bd18b7d34524ec729e9018be662103e44c80bbfe70b71359,1920,1080,2,background=0;full_court=1
tennis_fullcourt,tennis,full_court_segmentation,train,vlcsnap-2023-11-10-14h08m50s287.png,data/tennis_fullcourt/images/train/vlcsnap-2023-11-10-14h08m50s287.png,data/tennis_fullcourt/masks/train/vlcsnap-2023-11-10-14h08m50s287.png,5aab6407d2c399c1768327090176f356638bbc890231b0c445004a7e506dff26,deda83a804e856a0bd18b7d34524ec729e9018be662103e44c80bbfe70b71359,1920,1080,2,background=0;full_court=1
tennis_fullcourt,tennis,full_court_segmentation,train,vlcsnap-2023-11-10-14h08m55s668.png,data/tennis_fullcourt/images/train/vlcsnap-2023-11-10-14h08m55s668.png,data/tennis_fullcourt/masks/train/vlcsnap-2023-11-10-14h08m55s668.png,d592e820a0858e852b3551f053f56f09d206f01bfc16f56aa3e9c178828db770,deda83a804e856a0bd18b7d34524ec729e9018be662103e44c80bbfe70b71359,1920,1080,2,background=0;full_court=1
tennis_fullcourt,tennis,full_court_segmentation,train,vlcsnap-2023-11-10-14h09m01s081.png,data/tennis_fullcourt/images/train/vlcsnap-2023-11-10-14h09m01s081.png,data/tennis_fullcourt/masks/train/vlcsnap-2023-11-10-14h09m01s081.png,bb0e0be8f8e1e563bdaf98f2679cf58854512aa621fa13a08438ab249c57c6fa,deda83a804e856a0bd18b7d34524ec729e9018be662103e44c80bbfe70b71359,1920,1080,2,background=0;full_court=1
tennis_fullcourt,tennis,full_court_segmentation,train,vlcsnap-2023-11-10-14h09m07s642.png,data/tennis_fullcourt/images/train/vlcsnap-2023-11-10-14h09m07s642.png,data/tennis_fullcourt/masks/train/vlcsnap-2023-11-10-14h09m07s642.png,8a9c395a961ffec0b36d375dd4bffad9f944c7785c87b115a8abe8296f661246,630087863ac85a177d0831040282664d723f06c952827197d04d7c544c198bd8,1920,1080,2,background=0;full_court=1
tennis_fullcourt,tennis,full_court_segmentation,train,vlcsnap-2023-11-10-14h09m13s064.png,data/tennis_fullcourt/images/train/vlcsnap-2023-11-10-14h09m13s064.png,data/tennis_fullcourt/masks/train/vlcsnap-2023-11-10-14h09m13s064.png,c19a2896529c950703a7c602ffab1b706da2d5ae073d4da68267002b72491e9c,630087863ac85a177d0831040282664d723f06c952827197d04d7c544c198bd8,1920,1080,2,background=0;full_court=1
tennis_fullcourt,tennis,full_court_segmentation,train,vlcsnap-2023-11-10-14h09m18s550.png,data/tennis_fullcourt/images/train/vlcsnap-2023-11-10-14h09m18s550.png,data/tennis_fullcourt/masks/train/vlcsnap-2023-11-10-14h09m18s550.png,859bb768a58f19206cd2e6a4b077b517c856c992197f43cb015a0bfe1f085601,630087863ac85a177d0831040282664d723f06c952827197d04d7c544c198bd8,1920,1080,2,background=0;full_court=1
tennis_fullcourt,tennis,full_court_segmentation,train,vlcsnap-2023-11-10-14h09m24s095.png,data/tennis_fullcourt/images/train/vlcsnap-2023-11-10-14h09m24s095.png,data/tennis_fullcourt/masks/train/vlcsnap-2023-11-10-14h09m24s095.png,1956593fc608e7ca7a514fa5f2b5f749d1e5f76bfaf7c5bded893a3dd8e01895,630087863ac85a177d0831040282664d723f06c952827197d04d7c544c198bd8,1920,1080,2,background=0;full_court=1
tennis_fullcourt,tennis,full_court_segmentation,train,vlcsnap-2023-11-10-14h09m29s751.png,data/tennis_fullcourt/images/train/vlcsnap-2023-11-10-14h09m29s751.png,data/tennis_fullcourt/masks/train/vlcsnap-2023-11-10-14h09m29s751.png,1f1f661cdec7eb617630eb196cfd5290ad421109cb76f1f0af926668f57d41b3,630087863ac85a177d0831040282664d723f06c952827197d04d7c544c198bd8,1920,1080,2,background=0;full_court=1
tennis_fullcourt,tennis,full_court_segmentation,train,vlcsnap-2023-11-10-14h09m37s453.png,data/tennis_fullcourt/images/train/vlcsnap-2023-11-10-14h09m37s453.png,data/tennis_fullcourt/masks/train/vlcsnap-2023-11-10-14h09m37s453.png,32aede3437e05d95e3a197f28ce3fb4d357f16a70f35e74dca99fe7021796576,630087863ac85a177d0831040282664d723f06c952827197d04d7c544c198bd8,1920,1080,2,background=0;full_court=1
tennis_fullcourt,tennis,full_court_segmentation,train,vlcsnap-2023-11-10-14h09m43s749.png,data/tennis_fullcourt/images/train/vlcsnap-2023-11-10-14h09m43s749.png,data/tennis_fullcourt/masks/train/vlcsnap-2023-11-10-14h09m43s749.png,fff013f137ec020504517578c6723b0b7c207153ae966209a7ad4d259f4403cf,630087863ac85a177d0831040282664d723f06c952827197d04d7c544c198bd8,1920,1080,2,background=0;full_court=1
tennis_fullcourt,tennis,full_court_segmentation,train,vlcsnap-2023-11-10-14h09m53s380.png,data/tennis_fullcourt/images/train/vlcsnap-2023-11-10-14h09m53s380.png,data/tennis_fullcourt/masks/train/vlcsnap-2023-11-10-14h09m53s380.png,0be9793a0b167d57004097a33145db4ab8972e7ce56605717c66947a28393f49,55922b44f781a07f511fb001088aae02bce46facd0024a0aedb009ea6804c9cc,1920,1080,2,background=0;full_court=1
tennis_fullcourt,tennis,full_court_segmentation,train,vlcsnap-2023-11-10-14h10m02s186.png,data/tennis_fullcourt/images/train/vlcsnap-2023-11-10-14h10m02s186.png,data/tennis_fullcourt/masks/train/vlcsnap-2023-11-10-14h10m02s186.png,3d000e9a64ea1275a68efda1febe3a1cb3c03e33dcc04d13cdbf55799c8a36cd,55922b44f781a07f511fb001088aae02bce46facd0024a0aedb009ea6804c9cc,1920,1080,2,background=0;full_court=1
tennis_fullcourt,tennis,full_court_segmentation,train,vlcsnap-2023-11-10-14h10m06s501.png,data/tennis_fullcourt/images/train/vlcsnap-2023-11-10-14h10m06s501.png,data/tennis_fullcourt/masks/train/vlcsnap-2023-11-10-14h10m06s501.png,ab41a919942b8a58e0c493ccb5841983e6a45a4fb5bf69364dbc1aee87c8ecfb,55922b44f781a07f511fb001088aae02bce46facd0024a0aedb009ea6804c9cc,1920,1080,2,background=0;full_court=1
tennis_fullcourt,tennis,full_court_segmentation,train,vlcsnap-2023-11-10-14h10m10s962.png,data/tennis_fullcourt/images/train/vlcsnap-2023-11-10-14h10m10s962.png,data/tennis_fullcourt/masks/train/vlcsnap-2023-11-10-14h10m10s962.png,63a657da6849034e3f81a37cc7d19daf84177188f6a7ef9410ddad0f4d64bf5e,55922b44f781a07f511fb001088aae02bce46facd0024a0aedb009ea6804c9cc,1920,1080,2,background=0;full_court=1
tennis_fullcourt,tennis,full_court_segmentation,train,vlcsnap-2023-11-10-14h10m14s595.png,data/tennis_fullcourt/images/train/vlcsnap-2023-11-10-14h10m14s595.png,data/tennis_fullcourt/masks/train/vlcsnap-2023-11-10-14h10m14s595.png,b6140b63cb97a29a4867ac3a20d6b85fa4a8b42dff867274a0fccb86dab5c690,55922b44f781a07f511fb001088aae02bce46facd0024a0aedb009ea6804c9cc,1920,1080,2,background=0;full_court=1
tennis_fullcourt,tennis,full_court_segmentation,train,vlcsnap-2023-11-10-14h10m28s708.png,data/tennis_fullcourt/images/train/vlcsnap-2023-11-10-14h10m28s708.png,data/tennis_fullcourt/masks/train/vlcsnap-2023-11-10-14h10m28s708.png,ca41747bfcd0fb55b147d4fecd23f09cdc2eb1dc01bcf9b36c88e88d9f84d036,5628b1ce92d815a7c0c8a3e77d2945c21a3dfe6b88ba5efb7d50f1a5cafb7e22,1920,1080,2,background=0;full_court=1
tennis_fullcourt,tennis,full_court_segmentation,train,vlcsnap-2023-11-10-14h10m33s588.png,data/tennis_fullcourt/images/train/vlcsnap-2023-11-10-14h10m33s588.png,data/tennis_fullcourt/masks/train/vlcsnap-2023-11-10-14h10m33s588.png,4ef4939461ccd13ea69138d56dc4305ccbf1d230f4491732abf2aab72cbe6d41,5628b1ce92d815a7c0c8a3e77d2945c21a3dfe6b88ba5efb7d50f1a5cafb7e22,1920,1080,2,background=0;full_court=1
tennis_fullcourt,tennis,full_court_segmentation,train,vlcsnap-2023-11-10-14h10m40s603.png,data/tennis_fullcourt/images/train/vlcsnap-2023-11-10-14h10m40s603.png,data/tennis_fullcourt/masks/train/vlcsnap-2023-11-10-14h10m40s603.png,816f18c1bea234cbccef8098cd8298361283b5908c3b014ad8112a3b61bbcbb8,26982a68aabe3b945372cbed03288fbc7a0162e9ab0e2f7109f706a95508008b,1920,1080,2,background=0;full_court=1
tennis_fullcourt,tennis,full_court_segmentation,train,vlcsnap-2023-11-10-14h10m46s720.png,data/tennis_fullcourt/images/train/vlcsnap-2023-11-10-14h10m46s720.png,data/tennis_fullcourt/masks/train/vlcsnap-2023-11-10-14h10m46s720.png,e5257025e5e7e2c636f36a9721eee435fbe9ba4c290a77b9867bd7a9341add56,26982a68aabe3b945372cbed03288fbc7a0162e9ab0e2f7109f706a95508008b,1920,1080,2,background=0;full_court=1
tennis_fullcourt,tennis,full_court_segmentation,train,vlcsnap-2023-11-10-14h10m53s147.png,data/tennis_fullcourt/images/train/vlcsnap-2023-11-10-14h10m53s147.png,data/tennis_fullcourt/masks/train/vlcsnap-2023-11-10-14h10m53s147.png,3ecce5841a8644c7939476f287fe6dc2dca85c06219de8d7b88147ad337b9472,26982a68aabe3b945372cbed03288fbc7a0162e9ab0e2f7109f706a95508008b,1920,1080,2,background=0;full_court=1
tennis_fullcourt,tennis,full_court_segmentation,train,vlcsnap-2023-11-10-14h10m59s245.png,data/tennis_fullcourt/images/train/vlcsnap-2023-11-10-14h10m59s245.png,data/tennis_fullcourt/masks/train/vlcsnap-2023-11-10-14h10m59s245.png,d3be473071666233a78fc119a60fd5855350358ab00940c8b03a23a243110447,26982a68aabe3b945372cbed03288fbc7a0162e9ab0e2f7109f706a95508008b,1920,1080,2,background=0;full_court=1
tennis_fullcourt,tennis,full_court_segmentation,train,vlcsnap-2023-11-10-14h11m31s810.png,data/tennis_fullcourt/images/train/vlcsnap-2023-11-10-14h11m31s810.png,data/tennis_fullcourt/masks/train/vlcsnap-2023-11-10-14h11m31s810.png,28146d02eeb6cd893bc7b989bb29f898ad4c887395a34bec51a2ec0d3f1d98bb,ef707924c3c0fae3ab6ce867c5f2d5b6c126b07b69eef6f9117ca8e4b09972a2,1920,1080,2,background=0;full_court=1
tennis_fullcourt,tennis,full_court_segmentation,train,vlcsnap-2023-11-10-14h11m37s260.png,data/tennis_fullcourt/images/train/vlcsnap-2023-11-10-14h11m37s260.png,data/tennis_fullcourt/masks/train/vlcsnap-2023-11-10-14h11m37s260.png,5225baddeda68005fb7b826832d9fe33c989cced207da151da7d3049759868f9,ef707924c3c0fae3ab6ce867c5f2d5b6c126b07b69eef6f9117ca8e4b09972a2,1920,1080,2,background=0;full_court=1
tennis_fullcourt,tennis,full_court_segmentation,train,vlcsnap-2023-11-10-14h11m45s152.png,data/tennis_fullcourt/images/train/vlcsnap-2023-11-10-14h11m45s152.png,data/tennis_fullcourt/masks/train/vlcsnap-2023-11-10-14h11m45s152.png,ab673f782291fa697932a334666837f75c3636892b000bd8ab1e5716f638238a,ef707924c3c0fae3ab6ce867c5f2d5b6c126b07b69eef6f9117ca8e4b09972a2,1920,1080,2,background=0;full_court=1
tennis_fullcourt,tennis,full_court_segmentation,train,vlcsnap-2023-11-10-14h11m52s886.png,data/tennis_fullcourt/images/train/vlcsnap-2023-11-10-14h11m52s886.png,data/tennis_fullcourt/masks/train/vlcsnap-2023-11-10-14h11m52s886.png,2b137d3dd7ea4b7f8a4f594c78cf700dae1a040d79340ade5bdd146dd87f3d2f,ef707924c3c0fae3ab6ce867c5f2d5b6c126b07b69eef6f9117ca8e4b09972a2,1920,1080,2,background=0;full_court=1
tennis_fullcourt,tennis,full_court_segmentation,train,vlcsnap-2023-11-10-14h12m03s007.png,data/tennis_fullcourt/images/train/vlcsnap-2023-11-10-14h12m03s007.png,data/tennis_fullcourt/masks/train/vlcsnap-2023-11-10-14h12m03s007.png,5ae394939756efe21c529830239a389501475561b9f67794cd701fe680f68ea6,ef707924c3c0fae3ab6ce867c5f2d5b6c126b07b69eef6f9117ca8e4b09972a2,1920,1080,2,background=0;full_court=1
tennis_fullcourt,tennis,full_court_segmentation,train,vlcsnap-2023-11-10-14h12m21s225.png,data/tennis_fullcourt/images/train/vlcsnap-2023-11-10-14h12m21s225.png,data/tennis_fullcourt/masks/train/vlcsnap-2023-11-10-14h12m21s225.png,1829b8698901209f633a32dc5846ba4047492b7cdbf52b808d3ffdca1e531f9f,32a71ae1943d2e874861fcceb3b4e8e30aa32c4d9cc04c37bb40de8fea46e4a0,1920,1080,2,background=0;full_court=1
tennis_fullcourt,tennis,full_court_segmentation,train,vlcsnap-2023-11-10-14h12m26s180.png,data/tennis_fullcourt/images/train/vlcsnap-2023-11-10-14h12m26s180.png,data/tennis_fullcourt/masks/train/vlcsnap-2023-11-10-14h12m26s180.png,e7e554ef63cb7259a8c0f4ccfa62d1a404abc3d5c82d22dea5497a2d92673bc2,7f266d4fd03546f47a43b6af6b9c7e31a7313301ff88e14a496246f767b00047,1920,1080,2,background=0;full_court=1
tennis_fullcourt,tennis,full_court_segmentation,train,vlcsnap-2023-11-13-13h45m46s683.png,data/tennis_fullcourt/images/train/vlcsnap-2023-11-13-13h45m46s683.png,data/tennis_fullcourt/masks/train/vlcsnap-2023-11-13-13h45m46s683.png,502b99b87aa742018a11f4353efc271b1f1f5e6001ddde2e3550f405dfe3dbeb,7bd1fdd97f52f168dd8e5b36bcb4a45492c97e53bd5f39629e1d7df002436bb1,1920,1080,2,background=0;full_court=1
tennis_fullcourt,tennis,full_court_segmentation,train,vlcsnap-2023-11-13-13h45m50s373.png,data/tennis_fullcourt/images/train/vlcsnap-2023-11-13-13h45m50s373.png,data/tennis_fullcourt/masks/train/vlcsnap-2023-11-13-13h45m50s373.png,b21527c0d9e7239eb1bde609231683db58b24cdd08d0b33f4c969787cd0ccc80,7bd1fdd97f52f168dd8e5b36bcb4a45492c97e53bd5f39629e1d7df002436bb1,1920,1080,2,background=0;full_court=1
tennis_fullcourt,tennis,full_court_segmentation,train,vlcsnap-2023-11-13-13h45m57s333.png,data/tennis_fullcourt/images/train/vlcsnap-2023-11-13-13h45m57s333.png,data/tennis_fullcourt/masks/train/vlcsnap-2023-11-13-13h45m57s333.png,597872614c94bc98712281ab7f11aae8782fe170c923a88395579101da842ff2,7bd1fdd97f52f168dd8e5b36bcb4a45492c97e53bd5f39629e1d7df002436bb1,1920,1080,2,background=0;full_court=1
tennis_fullcourt,tennis,full_court_segmentation,train,vlcsnap-2023-11-13-13h46m00s704.png,data/tennis_fullcourt/images/train/vlcsnap-2023-11-13-13h46m00s704.png,data/tennis_fullcourt/masks/train/vlcsnap-2023-11-13-13h46m00s704.png,834486f64e84f0a6aed9705b86ec4a842ff038e8a78283e4fdf562a22066611d,7bd1fdd97f52f168dd8e5b36bcb4a45492c97e53bd5f39629e1d7df002436bb1,1920,1080,2,background=0;full_court=1
tennis_fullcourt,tennis,full_court_segmentation,train,vlcsnap-2023-11-13-13h46m43s495.png,data/tennis_fullcourt/images/train/vlcsnap-2023-11-13-13h46m43s495.png,data/tennis_fullcourt/masks/train/vlcsnap-2023-11-13-13h46m43s495.png,580ac8ad1bebd1405dc9dc03b759ffb675ff3a40927a259b3577fdb8314cedae,fb04a5e8f6d2404d493e0dba6569e53ac702aacd057648cfb67e0ea6673e01bd,1920,1080,2,background=0;full_court=1
tennis_fullcourt,tennis,full_court_segmentation,train,vlcsnap-2023-11-13-13h46m48s051.png,data/tennis_fullcourt/images/train/vlcsnap-2023-11-13-13h46m48s051.png,data/tennis_fullcourt/masks/train/vlcsnap-2023-11-13-13h46m48s051.png,fb5d8f6e10978d340f8a7c2b5383734f4d6c33d573787134ea5d64f81d4c101e,fb04a5e8f6d2404d493e0dba6569e53ac702aacd057648cfb67e0ea6673e01bd,1920,1080,2,background=0;full_court=1
tennis_fullcourt,tennis,full_court_segmentation,train,vlcsnap-2023-11-13-13h46m52s712.png,data/tennis_fullcourt/images/train/vlcsnap-2023-11-13-13h46m52s712.png,data/tennis_fullcourt/masks/train/vlcsnap-2023-11-13-13h46m52s712.png,1b455c4a878b06059c8ce6daef11f4e46dc2e78a8da9cf759026770838926e1b,fb04a5e8f6d2404d493e0dba6569e53ac702aacd057648cfb67e0ea6673e01bd,1920,1080,2,background=0;full_court=1
tennis_fullcourt,tennis,full_court_segmentation,train,vlcsnap-2023-11-13-13h47m01s814.png,data/tennis_fullcourt/images/train/vlcsnap-2023-11-13-13h47m01s814.png,data/tennis_fullcourt/masks/train/vlcsnap-2023-11-13-13h47m01s814.png,fa4de6ec85c05291e27883bb29b42b857817650ab5947a2491b66bed344d2167,fb04a5e8f6d2404d493e0dba6569e53ac702aacd057648cfb67e0ea6673e01bd,1920,1080,2,background=0;full_court=1
tennis_fullcourt,tennis,full_court_segmentation,train,vlcsnap-2023-11-13-13h47m59s915.png,data/tennis_fullcourt/images/train/vlcsnap-2023-11-13-13h47m59s915.png,data/tennis_fullcourt/masks/train/vlcsnap-2023-11-13-13h47m59s915.png,81659fe3d45ad650bd067f4352b82be886c5917d8adbf6f1f11b57c9a5893575,b4647970f47f6191119bfc479e236b1c3d305730809697d4b244526fe010b83e,1920,1080,2,background=0;full_court=1
tennis_fullcourt,tennis,full_court_segmentation,train,vlcsnap-2023-11-13-13h48m08s520.png,data/tennis_fullcourt/images/train/vlcsnap-2023-11-13-13h48m08s520.png,data/tennis_fullcourt/masks/train/vlcsnap-2023-11-13-13h48m08s520.png,d26e9117510c86392e34420b91b6a3c9c08b510248af8ed44c2d4b9ac566b03d,b4647970f47f6191119bfc479e236b1c3d305730809697d4b244526fe010b83e,1920,1080,2,background=0;full_court=1
tennis_fullcourt,tennis,full_court_segmentation,train,vlcsnap-2023-11-13-13h48m16s023.png,data/tennis_fullcourt/images/train/vlcsnap-2023-11-13-13h48m16s023.png,data/tennis_fullcourt/masks/train/vlcsnap-2023-11-13-13h48m16s023.png,0d95ad0c0e218ff358b0ad5e38a2f26b73374bfd47e8037951fec605b2eb577d,153ceff254caad53d2ea1958c78356bd4eaebfd119d20dab7033555832f1827b,1920,1080,2,background=0;full_court=1
tennis_fullcourt,tennis,full_court_segmentation,train,vlcsnap-2023-11-13-13h48m25s175.png,data/tennis_fullcourt/images/train/vlcsnap-2023-11-13-13h48m25s175.png,data/tennis_fullcourt/masks/train/vlcsnap-2023-11-13-13h48m25s175.png,f47e33ba518a436809256b5ea7c64a7132b88e6a654d34a985235bc7d57d2cc5,2344ae35b05b2902733c5462b47eb9e4d192eef837b4200ca8fefc8d4ddb4aaa,1920,1080,2,background=0;full_court=1
tennis_fullcourt,tennis,full_court_segmentation,train,vlcsnap-2023-11-13-13h49m08s724.png,data/tennis_fullcourt/images/train/vlcsnap-2023-11-13-13h49m08s724.png,data/tennis_fullcourt/masks/train/vlcsnap-2023-11-13-13h49m08s724.png,b9abfb896b7b7860806482b2b2acdab65785bd48ce95226a37a8c41115fea01b,44686ae18483f0de699705276ad1c909c7bfed44120cd94d2c7e92cc77a9df7e,1920,1080,2,background=0;full_court=1
tennis_fullcourt,tennis,full_court_segmentation,train,vlcsnap-2023-11-13-13h49m18s084.png,data/tennis_fullcourt/images/train/vlcsnap-2023-11-13-13h49m18s084.png,data/tennis_fullcourt/masks/train/vlcsnap-2023-11-13-13h49m18s084.png,04b7646acde65ea5223d82d196dca0e123798a5406a1cbb1709d406a4410bb4c,b65b1439793551f4a296caa3158f0e6f94bb92b2313bdd089838a529d581bc97,1920,1080,2,background=0;full_court=1
tennis_fullcourt,tennis,full_court_segmentation,train,vlcsnap-2023-11-13-13h49m21s617.png,data/tennis_fullcourt/images/train/vlcsnap-2023-11-13-13h49m21s617.png,data/tennis_fullcourt/masks/train/vlcsnap-2023-11-13-13h49m21s617.png,2e86097638a860fff38ab2c2befea98bdb3281a8480a7a942820b11599d46a23,b65b1439793551f4a296caa3158f0e6f94bb92b2313bdd089838a529d581bc97,1920,1080,2,background=0;full_court=1
tennis_fullcourt,tennis,full_court_segmentation,train,vlcsnap-2023-11-13-13h50m09s627.png,data/tennis_fullcourt/images/train/vlcsnap-2023-11-13-13h50m09s627.png,data/tennis_fullcourt/masks/train/vlcsnap-2023-11-13-13h50m09s627.png,dcc8e5dad8f5c92e60e6279ce9780bc40f28944054d6ceeae97f9a739ba73583,b65b1439793551f4a296caa3158f0e6f94bb92b2313bdd089838a529d581bc97,1920,1080,2,background=0;full_court=1
tennis_fullcourt,tennis,full_court_segmentation,train,vlcsnap-2023-11-13-13h50m26s356.png,data/tennis_fullcourt/images/train/vlcsnap-2023-11-13-13h50m26s356.png,data/tennis_fullcourt/masks/train/vlcsnap-2023-11-13-13h50m26s356.png,8c8a3d330cdd62166d3b794ea8b8bd0820d2b48d2725b16f09c8cb00f271a027,bf818e390629bee661980e2e11c99484e82445f7716a7083df8f03b2d06fcf3a,1920,1080,2,background=0;full_court=1
tennis_fullcourt,tennis,full_court_segmentation,train,vlcsnap-2023-11-13-13h50m30s576.png,data/tennis_fullcourt/images/train/vlcsnap-2023-11-13-13h50m30s576.png,data/tennis_fullcourt/masks/train/vlcsnap-2023-11-13-13h50m30s576.png,17406c5b43c2f8eb573ae2cdbac81d23022104ae3521d8edfa19ba61f832d731,65d9d00e8e6f3c7b5099c348e4c487f3d173b43e5872a8091ebfe8c7cabe8929,1920,1080,2,background=0;full_court=1
tennis_fullcourt,tennis,full_court_segmentation,train,vlcsnap-2023-11-13-13h50m35s043.png,data/tennis_fullcourt/images/train/vlcsnap-2023-11-13-13h50m35s043.png,data/tennis_fullcourt/masks/train/vlcsnap-2023-11-13-13h50m35s043.png,af26636f65cfbd73dd94fe6112d45250a04d17003062afe04e3a958f519ff2d0,a1897a4150b4c2979464e61501191b31beb80c189c8f4682a258ce32bc3116c2,1920,1080,2,background=0;full_court=1
tennis_fullcourt,tennis,full_court_segmentation,train,vlcsnap-2023-11-13-13h50m43s363.png,data/tennis_fullcourt/images/train/vlcsnap-2023-11-13-13h50m43s363.png,data/tennis_fullcourt/masks/train/vlcsnap-2023-11-13-13h50m43s363.png,bef0cb413f6bf2eb06f56374b8adcf382f93b08557971f852a654fa228d9954d,63b39e343b5a76b47ab98dc4b01a2ee6789e9ea8c9b4fa113ad8bdb02eecf2a3,1920,1080,2,background=0;full_court=1
tennis_fullcourt,tennis,full_court_segmentation,train,vlcsnap-2023-11-13-13h53m49s274.png,data/tennis_fullcourt/images/train/vlcsnap-2023-11-13-13h53m49s274.png,data/tennis_fullcourt/masks/train/vlcsnap-2023-11-13-13h53m49s274.png,3eac7c9320dfe7199710c9dda96c4e04b7115777dcea21ed305f68ed3d628149,f8134d7ab02f317308f300e10f221aa88fac44876fcb2f4cc93a6445e4d8d2fa,1920,1080,2,background=0;full_court=1
tennis_fullcourt,tennis,full_court_segmentation,train,vlcsnap-2023-11-13-13h53m53s201.png,data/tennis_fullcourt/images/train/vlcsnap-2023-11-13-13h53m53s201.png,data/tennis_fullcourt/masks/train/vlcsnap-2023-11-13-13h53m53s201.png,553fefb63ec8503d8ae67f71c8d7dce215bdb7b846acdea7600d0f912486399e,990d2f2c76148fc0478c24c036e76e4ab6a13cabc40e20fab2b18e41046867bb,1920,1080,2,background=0;full_court=1
tennis_fullcourt,tennis,full_court_segmentation,train,vlcsnap-2023-11-13-13h54m07s422.png,data/tennis_fullcourt/images/train/vlcsnap-2023-11-13-13h54m07s422.png,data/tennis_fullcourt/masks/train/vlcsnap-2023-11-13-13h54m07s422.png,23712b51b6d63c583bdc51db132edda0eff04cc02bff319090c6e5730cb20aa8,36bd70d69d145d45af3852f2d646e39bd96afad34a219175a168ad6cf5ddc862,1920,1080,2,background=0;full_court=1
tennis_fullcourt,tennis,full_court_segmentation,train,vlcsnap-2023-11-13-13h54m11s317.png,data/tennis_fullcourt/images/train/vlcsnap-2023-11-13-13h54m11s317.png,data/tennis_fullcourt/masks/train/vlcsnap-2023-11-13-13h54m11s317.png,3523083b36a9dada0a57848ed80738a9380e746d740aecad26733bb9c826afc3,36bd70d69d145d45af3852f2d646e39bd96afad34a219175a168ad6cf5ddc862,1920,1080,2,background=0;full_court=1
tennis_fullcourt,tennis,full_court_segmentation,train,vlcsnap-2023-11-13-13h54m21s595.png,data/tennis_fullcourt/images/train/vlcsnap-2023-11-13-13h54m21s595.png,data/tennis_fullcourt/masks/train/vlcsnap-2023-11-13-13h54m21s595.png,e865b0209274bb721a06b373b1ca952fe73d25e07a539e4a9248e968ad7d609f,febe1153d9420e3cc2e86bf6d89ffcec9fdf3fea843da96914ce1184563f1f5a,1920,1080,2,background=0;full_court=1
tennis_fullcourt,tennis,full_court_segmentation,train,vlcsnap-2023-11-13-13h54m39s152.png,data/tennis_fullcourt/images/train/vlcsnap-2023-11-13-13h54m39s152.png,data/tennis_fullcourt/masks/train/vlcsnap-2023-11-13-13h54m39s152.png,c4cd46f6bb66a582f9d12cf6ebb81f00935f4b6c73f1c2fb26bb78f8e9612993,efff55b5dd7a28393205fa7e9be00f1ed42e76e40ea601e13bcd792fa88e5d38,1920,1080,2,background=0;full_court=1
tennis_fullcourt,tennis,full_court_segmentation,train,vlcsnap-2023-11-13-13h54m45s388.png,data/tennis_fullcourt/images/train/vlcsnap-2023-11-13-13h54m45s388.png,data/tennis_fullcourt/masks/train/vlcsnap-2023-11-13-13h54m45s388.png,747d2512c23c80e91a9da7a774d18ce4f4e625946a7c4cef8bf15553eb56b0b7,83b978fbaf0292604f35c6f75a365601b0f8c96e6527dfef3408c84011edbef7,1920,1080,2,background=0;full_court=1
tennis_fullcourt,tennis,full_court_segmentation,train,vlcsnap-2023-11-13-13h54m50s882.png,data/tennis_fullcourt/images/train/vlcsnap-2023-11-13-13h54m50s882.png,data/tennis_fullcourt/masks/train/vlcsnap-2023-11-13-13h54m50s882.png,b8589ab6b54da2b5f1046c2218ac8b11039001868753d883cdc4649bcf8ef696,c48dd24160d2d5e0683a7e84e2f309ba4f964ae1bd2d0e933c5c0ff6a040ef98,1920,1080,2,background=0;full_court=1
tennis_fullcourt,tennis,full_court_segmentation,train,vlcsnap-2023-11-13-13h55m11s729.png,data/tennis_fullcourt/images/train/vlcsnap-2023-11-13-13h55m11s729.png,data/tennis_fullcourt/masks/train/vlcsnap-2023-11-13-13h55m11s729.png,8ee3d1f140b5fc258e9df92f9c11de6d2663d3281aca6597874adbc97f1b918e,5d0363584f63c3365c46613066f8bc387f708cf4314c4bc724da11f619b9033d,1920,1080,2,background=0;full_court=1
tennis_fullcourt,tennis,full_court_segmentation,train,vlcsnap-2023-11-13-13h55m28s181.png,data/tennis_fullcourt/images/train/vlcsnap-2023-11-13-13h55m28s181.png,data/tennis_fullcourt/masks/train/vlcsnap-2023-11-13-13h55m28s181.png,b8e7c7e71dd07b1168e6c3d8614e85c4a3bd45995b384710a5dc373dae3fbe31,a3b3bba05e91e4ab7faaf8b8251cc0667f970f981c3da1900a7a3189691b8cd7,1920,1080,2,background=0;full_court=1
tennis_fullcourt,tennis,full_court_segmentation,train,vlcsnap-2023-11-13-13h55m33s785.png,data/tennis_fullcourt/images/train/vlcsnap-2023-11-13-13h55m33s785.png,data/tennis_fullcourt/masks/train/vlcsnap-2023-11-13-13h55m33s785.png,5bb737251e1920bc9680115d38230b01aa20fc1141cf0a3e5728f73874275591,a3b3bba05e91e4ab7faaf8b8251cc0667f970f981c3da1900a7a3189691b8cd7,1920,1080,2,background=0;full_court=1
tennis_fullcourt,tennis,full_court_segmentation,train,vlcsnap-2023-11-13-13h55m38s464.png,data/tennis_fullcourt/images/train/vlcsnap-2023-11-13-13h55m38s464.png,data/tennis_fullcourt/masks/train/vlcsnap-2023-11-13-13h55m38s464.png,d81bc29e18957cd6148c7021aa032fc6b426d475b8169aeb41691b597846577c,a3b3bba05e91e4ab7faaf8b8251cc0667f970f981c3da1900a7a3189691b8cd7,1920,1080,2,background=0;full_court=1
tennis_fullcourt,tennis,full_court_segmentation,train,vlcsnap-2023-11-13-13h55m44s782.png,data/tennis_fullcourt/images/train/vlcsnap-2023-11-13-13h55m44s782.png,data/tennis_fullcourt/masks/train/vlcsnap-2023-11-13-13h55m44s782.png,43392a6d0164badc42123c71638841d3d286440d6088ef27d68ac7233c96da03,a3b3bba05e91e4ab7faaf8b8251cc0667f970f981c3da1900a7a3189691b8cd7,1920,1080,2,background=0;full_court=1
tennis_fullcourt,tennis,full_court_segmentation,train,vlcsnap-2023-11-13-13h55m56s712.png,data/tennis_fullcourt/images/train/vlcsnap-2023-11-13-13h55m56s712.png,data/tennis_fullcourt/masks/train/vlcsnap-2023-11-13-13h55m56s712.png,c730cf6642ee3d38925c06cfbc11b6e318442d990dc9d0ddb09f04d76ab6563b,31638b094e217568586f0ed3befcf1c19750dfac7a674618e1605b74a180273a,1920,1080,2,background=0;full_court=1
tennis_fullcourt,tennis,full_court_segmentation,train,vlcsnap-2023-11-13-13h56m02s391.png,data/tennis_fullcourt/images/train/vlcsnap-2023-11-13-13h56m02s391.png,data/tennis_fullcourt/masks/train/vlcsnap-2023-11-13-13h56m02s391.png,8b1d099a77cf899925afcaee088520689ea38ed1929280846da4604ec7d04966,31638b094e217568586f0ed3befcf1c19750dfac7a674618e1605b74a180273a,1920,1080,2,background=0;full_court=1
tennis_fullcourt,tennis,full_court_segmentation,train,vlcsnap-2023-11-13-13h56m06s697.png,data/tennis_fullcourt/images/train/vlcsnap-2023-11-13-13h56m06s697.png,data/tennis_fullcourt/masks/train/vlcsnap-2023-11-13-13h56m06s697.png,09c9e3b9e18c56582b5a0dbf3ccecbaa0cf249bcba42e2580910f986139fd3af,31638b094e217568586f0ed3befcf1c19750dfac7a674618e1605b74a180273a,1920,1080,2,background=0;full_court=1
tennis_fullcourt,tennis,full_court_segmentation,train,vlcsnap-2023-11-13-13h56m12s832.png,data/tennis_fullcourt/images/train/vlcsnap-2023-11-13-13h56m12s832.png,data/tennis_fullcourt/masks/train/vlcsnap-2023-11-13-13h56m12s832.png,f26ffda917df13e9bb17c3ca417cc8b68b9f4f3d7ee19f27b2b219b670055ce3,31638b094e217568586f0ed3befcf1c19750dfac7a674618e1605b74a180273a,1920,1080,2,background=0;full_court=1
tennis_fullcourt,tennis,full_court_segmentation,train,vlcsnap-2023-11-13-13h56m29s550.png,data/tennis_fullcourt/images/train/vlcsnap-2023-11-13-13h56m29s550.png,data/tennis_fullcourt/masks/train/vlcsnap-2023-11-13-13h56m29s550.png,fd5422a7485666511f9fa322a7cb4febe50b4c1f0ceb46d8db655d4f1e7a1607,c9f6895a0c9a9b3f041832c3ccee3f1bd851dfe8d3ff892d70d2bf1f2c186daf,1920,1080,2,background=0;full_court=1
tennis_fullcourt,tennis,full_court_segmentation,train,vlcsnap-2023-11-13-13h56m33s190.png,data/tennis_fullcourt/images/train/vlcsnap-2023-11-13-13h56m33s190.png,data/tennis_fullcourt/masks/train/vlcsnap-2023-11-13-13h56m33s190.png,627c6103690216c2d833fb1a870b05e2c7baeb790cd44de45c2c33b39931839a,c9f6895a0c9a9b3f041832c3ccee3f1bd851dfe8d3ff892d70d2bf1f2c186daf,1920,1080,2,background=0;full_court=1
tennis_fullcourt,tennis,full_court_segmentation,train,vlcsnap-2023-11-13-13h56m37s261.png,data/tennis_fullcourt/images/train/vlcsnap-2023-11-13-13h56m37s261.png,data/tennis_fullcourt/masks/train/vlcsnap-2023-11-13-13h56m37s261.png,7cac8639293fc7c4e71ce571d47c90c3585f2eee942a5f4aab6b852d53a4f8e9,c9f6895a0c9a9b3f041832c3ccee3f1bd851dfe8d3ff892d70d2bf1f2c186daf,1920,1080,2,background=0;full_court=1
tennis_fullcourt,tennis,full_court_segmentation,train,vlcsnap-2023-11-13-13h56m41s378.png,data/tennis_fullcourt/images/train/vlcsnap-2023-11-13-13h56m41s378.png,data/tennis_fullcourt/masks/train/vlcsnap-2023-11-13-13h56m41s378.png,a0d35abd1f18e38a9bb5efb9f927390b4326d576633b775384fc9f211b3805ea,c9f6895a0c9a9b3f041832c3ccee3f1bd851dfe8d3ff892d70d2bf1f2c186daf,1920,1080,2,background=0;full_court=1
tennis_fullcourt,tennis,full_court_segmentation,train,vlcsnap-2023-11-13-13h56m50s818.png,data/tennis_fullcourt/images/train/vlcsnap-2023-11-13-13h56m50s818.png,data/tennis_fullcourt/masks/train/vlcsnap-2023-11-13-13h56m50s818.png,85c2170cb932370419a2179998d3376a66ce7595d53771b4018c70919cf173fa,c9f6895a0c9a9b3f041832c3ccee3f1bd851dfe8d3ff892d70d2bf1f2c186daf,1920,1080,2,background=0;full_court=1
tennis_fullcourt,tennis,full_court_segmentation,train,vlcsnap-2023-11-13-13h57m08s612.png,data/tennis_fullcourt/images/train/vlcsnap-2023-11-13-13h57m08s612.png,data/tennis_fullcourt/masks/train/vlcsnap-2023-11-13-13h57m08s612.png,37ce3fc70b964be068523e506750c2a00440c75bd8ac41735407d61541ef134d,09112158accf517f0458936e2a97907404035ff3d8e52da824533230bc8dfcb3,1920,1080,2,background=0;full_court=1
tennis_fullcourt,tennis,full_court_segmentation,train,vlcsnap-2023-11-13-13h57m14s161.png,data/tennis_fullcourt/images/train/vlcsnap-2023-11-13-13h57m14s161.png,data/tennis_fullcourt/masks/train/vlcsnap-2023-11-13-13h57m14s161.png,a0788be6a6142d9ffea9328d0884aa6265abba383e85da4171a7a083e600dda8,b91c1d92be18bddc20d69b562194ca2baba5294dd34d0f72d836f8f5e4e30526,1920,1080,2,background=0;full_court=1
tennis_fullcourt,tennis,full_court_segmentation,train,vlcsnap-2023-11-13-13h57m25s262.png,data/tennis_fullcourt/images/train/vlcsnap-2023-11-13-13h57m25s262.png,data/tennis_fullcourt/masks/train/vlcsnap-2023-11-13-13h57m25s262.png,8eb04708b0e56aea2e3fa0afe12c5e41ac335a70a41b473b1e2aedf4d9b5189f,12a0125c81f5e4cb4cfa7561ff66015088c9fe980d457f63a80054b92b7b0156,1920,1080,2,background=0;full_court=1
tennis_fullcourt,tennis,full_court_segmentation,train,vlcsnap-2023-11-13-13h57m33s839.png,data/tennis_fullcourt/images/train/vlcsnap-2023-11-13-13h57m33s839.png,data/tennis_fullcourt/masks/train/vlcsnap-2023-11-13-13h57m33s839.png,5a9a2e0f82131c271776b209bcb7bd217ef65afca2ff3db0056ecfa578de47d7,786598d4be1e6354a4b41ca592ec1203765be8e75d7d95a3e23210f61533db65,1920,1080,2,background=0;full_court=1
tennis_fullcourt,tennis,full_court_segmentation,train,vlcsnap-2023-11-13-14h02m22s949.png,data/tennis_fullcourt/images/train/vlcsnap-2023-11-13-14h02m22s949.png,data/tennis_fullcourt/masks/train/vlcsnap-2023-11-13-14h02m22s949.png,1a6920b7f2c6186f20137ac009aa1fb9d03a153c9d349a2af754f61aea40baf1,e8a3fda71e747a2d685e20348dfb7d2eb593516bd2dd91ab2767c6df59aed66e,1920,1080,2,background=0;full_court=1
tennis_fullcourt,tennis,full_court_segmentation,train,vlcsnap-2023-11-13-14h02m26s619.png,data/tennis_fullcourt/images/train/vlcsnap-2023-11-13-14h02m26s619.png,data/tennis_fullcourt/masks/train/vlcsnap-2023-11-13-14h02m26s619.png,180402ebb3db32d4aa1e857118a55a83f9f61e882968bfc515e58a75a539309a,e8a3fda71e747a2d685e20348dfb7d2eb593516bd2dd91ab2767c6df59aed66e,1920,1080,2,background=0;full_court=1
tennis_fullcourt,tennis,full_court_segmentation,train,vlcsnap-2023-11-13-14h02m30s217.png,data/tennis_fullcourt/images/train/vlcsnap-2023-11-13-14h02m30s217.png,data/tennis_fullcourt/masks/train/vlcsnap-2023-11-13-14h02m30s217.png,a6923aa959f5a8a2d88a76666a072d183f2b1331c8736b68b202faab33bbd25e,0e7bf78374e4d245c7df6213908826691636d5ddb16580253ddafaa413d2bf40,1920,1080,2,background=0;full_court=1
tennis_fullcourt,tennis,full_court_segmentation,train,vlcsnap-2023-11-13-14h02m35s640.png,data/tennis_fullcourt/images/train/vlcsnap-2023-11-13-14h02m35s640.png,data/tennis_fullcourt/masks/train/vlcsnap-2023-11-13-14h02m35s640.png,710a50e554150ef058dbfe4cd26f6686756d0561beda006b83c2227b409cb75a,0e7bf78374e4d245c7df6213908826691636d5ddb16580253ddafaa413d2bf40,1920,1080,2,background=0;full_court=1
tennis_fullcourt,tennis,full_court_segmentation,train,vlcsnap-2023-11-13-14h07m49s561.png,data/tennis_fullcourt/images/train/vlcsnap-2023-11-13-14h07m49s561.png,data/tennis_fullcourt/masks/train/vlcsnap-2023-11-13-14h07m49s561.png,693b55ff627baeeefc17820514f5247655f1353572d30dc8df18a515d45b2c62,d9adc37817da3e60bb2f4debec9b74f1a70cc8c51c7f186a20b853fdf21a9a87,1920,1080,2,background=0;full_court=1
tennis_fullcourt,tennis,full_court_segmentation,train,vlcsnap-2023-11-13-14h08m01s185.png,data/tennis_fullcourt/images/train/vlcsnap-2023-11-13-14h08m01s185.png,data/tennis_fullcourt/masks/train/vlcsnap-2023-11-13-14h08m01s185.png,ae9946fac498a6ba6e4d0e32841e475201f017bfb546192ce23b4eb681965c1d,5048a13f6f0b541d5ba9a9c81a9ad746eea66672e127faa44694e49eb772df06,1920,1080,2,background=0;full_court=1
tennis_fullcourt,tennis,full_court_segmentation,train,vlcsnap-2023-11-13-14h08m13s866.png,data/tennis_fullcourt/images/train/vlcsnap-2023-11-13-14h08m13s866.png,data/tennis_fullcourt/masks/train/vlcsnap-2023-11-13-14h08m13s866.png,e8e12e1b6cc385d36f3992843e4ba316e04b859860e4f46cf9e6134ad6ea56f2,4d0feae0b83326d75e73654844823f6ef26bd5107fb58a7db800fb54e3126ddf,1920,1080,2,background=0;full_court=1
tennis_fullcourt,tennis,full_court_segmentation,train,vlcsnap-2023-11-13-14h08m20s865.png,data/tennis_fullcourt/images/train/vlcsnap-2023-11-13-14h08m20s865.png,data/tennis_fullcourt/masks/train/vlcsnap-2023-11-13-14h08m20s865.png,af11507ae65fdf069faccd17d26ab5224074d60f2a1ea9213ab7fda469f9965d,b54ee0f613c7add69c6673670c2cb379b6c476a43790c0128fb51bd0138b8df2,1920,1080,2,background=0;full_court=1
tennis_fullcourt,tennis,full_court_segmentation,train,vlcsnap-2023-11-13-14h08m26s285.png,data/tennis_fullcourt/images/train/vlcsnap-2023-11-13-14h08m26s285.png,data/tennis_fullcourt/masks/train/vlcsnap-2023-11-13-14h08m26s285.png,9b885b4be4c12bc789bb162dd8f950fd71812680cc9f2fd00873eeeb2de8de56,d2e48d002c2c16338b68e658a352ea0d4236d58ba75e3ac73f88291996748908,1920,1080,2,background=0;full_court=1
tennis_fullcourt,tennis,full_court_segmentation,train,vlcsnap-2023-11-13-14h08m59s163.png,data/tennis_fullcourt/images/train/vlcsnap-2023-11-13-14h08m59s163.png,data/tennis_fullcourt/masks/train/vlcsnap-2023-11-13-14h08m59s163.png,04b9b9bcb82a4011ce35548e71fb9713cb86c48da37c86dc616fad8ca31ef54f,7af2e366f6ea965accb0f819f6c56428a6fbd5d6dd83e2eadd67d1b09c771811,1920,1080,2,background=0;full_court=1
tennis_fullcourt,tennis,full_court_segmentation,train,vlcsnap-2023-11-13-14h09m09s714.png,data/tennis_fullcourt/images/train/vlcsnap-2023-11-13-14h09m09s714.png,data/tennis_fullcourt/masks/train/vlcsnap-2023-11-13-14h09m09s714.png,66f8982cf798b6ce71ebac5bbeea4f3a7b6a2a2f5871367301fec675fe402042,7af2e366f6ea965accb0f819f6c56428a6fbd5d6dd83e2eadd67d1b09c771811,1920,1080,2,background=0;full_court=1
tennis_fullcourt,tennis,full_court_segmentation,train,vlcsnap-2023-11-13-14h09m24s127.png,data/tennis_fullcourt/images/train/vlcsnap-2023-11-13-14h09m24s127.png,data/tennis_fullcourt/masks/train/vlcsnap-2023-11-13-14h09m24s127.png,4d161e8849be0f2aa6e488e6ca630b1e435c58cb9b5916987026918f125bcd18,7af2e366f6ea965accb0f819f6c56428a6fbd5d6dd83e2eadd67d1b09c771811,1920,1080,2,background=0;full_court=1
tennis_fullcourt,tennis,full_court_segmentation,train,vlcsnap-2023-11-13-14h09m39s690.png,data/tennis_fullcourt/images/train/vlcsnap-2023-11-13-14h09m39s690.png,data/tennis_fullcourt/masks/train/vlcsnap-2023-11-13-14h09m39s690.png,e00be3d8b587ab82e4d82004cd6091300e8c1a48ad3548615092072c887875cd,2b41e9728fbe4ce9cb42af3e5cbc51c700a21964271462bfb1cd51d319115853,1920,1080,2,background=0;full_court=1
tennis_fullcourt,tennis,full_court_segmentation,train,vlcsnap-2023-11-13-14h09m43s472.png,data/tennis_fullcourt/images/train/vlcsnap-2023-11-13-14h09m43s472.png,data/tennis_fullcourt/masks/train/vlcsnap-2023-11-13-14h09m43s472.png,15ccb1f7592d1d402565cdfa603528f44902a7b5a472bd0f1c94211b9f1dddfb,279763c75b457aba09ec1cf98b5b6ebcacabf31defb625568f65adda42cc5ca1,1920,1080,2,background=0;full_court=1
tennis_fullcourt,tennis,full_court_segmentation,train,vlcsnap-2023-11-13-14h09m48s540.png,data/tennis_fullcourt/images/train/vlcsnap-2023-11-13-14h09m48s540.png,data/tennis_fullcourt/masks/train/vlcsnap-2023-11-13-14h09m48s540.png,22dc52daef5e8304a610630212bf2fb81c882b502a6bada3f469b19b6816153c,aabc7c0454593185b73426056cdd45b4d37ec95adb9060cba47d94e7945e774c,1920,1080,2,background=0;full_court=1
tennis_fullcourt,tennis,full_court_segmentation,train,vlcsnap-2023-11-13-14h09m53s266.png,data/tennis_fullcourt/images/train/vlcsnap-2023-11-13-14h09m53s266.png,data/tennis_fullcourt/masks/train/vlcsnap-2023-11-13-14h09m53s266.png,f4e85d43ac4edd589465d1f66044e7f8680c9e06349aae791f4b20ca982b0721,2b5edecd5f8af046c0415bcb12157129e0b7ab5c06b9b21c941b719bdec918f2,1920,1080,2,background=0;full_court=1
tennis_fullcourt,tennis,full_court_segmentation,train,vlcsnap-2023-11-13-14h10m08s953.png,data/tennis_fullcourt/images/train/vlcsnap-2023-11-13-14h10m08s953.png,data/tennis_fullcourt/masks/train/vlcsnap-2023-11-13-14h10m08s953.png,822beb4d434946bc5b38fabe6bd509a337a0cc3a546f64ddabce52ae0cbae71f,b0e0e893c55c5a8551450189e8c5193d5df10176e4b8616d6b6681812cbd7538,1920,1080,2,background=0;full_court=1
tennis_fullcourt,tennis,full_court_segmentation,train,vlcsnap-2023-11-13-14h10m14s373.png,data/tennis_fullcourt/images/train/vlcsnap-2023-11-13-14h10m14s373.png,data/tennis_fullcourt/masks/train/vlcsnap-2023-11-13-14h10m14s373.png,42238b17cd2ff85025752c08a6e63395a0a725e675655bf33b88e03718e16d87,b0e0e893c55c5a8551450189e8c5193d5df10176e4b8616d6b6681812cbd7538,1920,1080,2,background=0;full_court=1
tennis_fullcourt,tennis,full_court_segmentation,train,vlcsnap-2023-11-13-14h10m19s906.png,data/tennis_fullcourt/images/train/vlcsnap-2023-11-13-14h10m19s906.png,data/tennis_fullcourt/masks/train/vlcsnap-2023-11-13-14h10m19s906.png,ceeda2ca10d2c9b3bd7ab57b8bf1df6e3eb15071b159577ade02368c6f10b36f,b0e0e893c55c5a8551450189e8c5193d5df10176e4b8616d6b6681812cbd7538,1920,1080,2,background=0;full_court=1
tennis_fullcourt,tennis,full_court_segmentation,train,vlcsnap-2023-11-13-14h10m24s239.png,data/tennis_fullcourt/images/train/vlcsnap-2023-11-13-14h10m24s239.png,data/tennis_fullcourt/masks/train/vlcsnap-2023-11-13-14h10m24s239.png,3d2ec150fceebdb447867929571be2527ac9c33a4746aea2271bba1952b25524,b0e0e893c55c5a8551450189e8c5193d5df10176e4b8616d6b6681812cbd7538,1920,1080,2,background=0;full_court=1
tennis_fullcourt,tennis,full_court_segmentation,train,vlcsnap-2023-11-13-14h10m29s940.png,data/tennis_fullcourt/images/train/vlcsnap-2023-11-13-14h10m29s940.png,data/tennis_fullcourt/masks/train/vlcsnap-2023-11-13-14h10m29s940.png,09c0b80cfee41927e5c270ee862967ccab672510d2bfa587a84896fae4630f3b,b0e0e893c55c5a8551450189e8c5193d5df10176e4b8616d6b6681812cbd7538,1920,1080,2,background=0;full_court=1
tennis_fullcourt,tennis,full_court_segmentation,train,vlcsnap-2023-11-13-14h10m49s277.png,data/tennis_fullcourt/images/train/vlcsnap-2023-11-13-14h10m49s277.png,data/tennis_fullcourt/masks/train/vlcsnap-2023-11-13-14h10m49s277.png,ca4f4e069122e81cbb4ea9b9d2fdf348db635ce264955a25caa12810d8567264,b82b6208f2755b5fbdbc4f99f738f6438965604e33f4f650a5ba0de4543abd1d,1920,1080,2,background=0;full_court=1
tennis_fullcourt,tennis,full_court_segmentation,train,vlcsnap-2023-11-13-14h11m02s894.png,data/tennis_fullcourt/images/train/vlcsnap-2023-11-13-14h11m02s894.png,data/tennis_fullcourt/masks/train/vlcsnap-2023-11-13-14h11m02s894.png,e77d48a495e005a425dd60d2137466403aed12a57c4d5941e4867de7784e0e5b,aa42865c561a1955310164c81c2977a188f0ec5f8ec9094e0f7d7dbd33240659,1920,1080,2,background=0;full_court=1
tennis_fullcourt,tennis,full_court_segmentation,train,vlcsnap-2023-11-13-14h11m08s984.png,data/tennis_fullcourt/images/train/vlcsnap-2023-11-13-14h11m08s984.png,data/tennis_fullcourt/masks/train/vlcsnap-2023-11-13-14h11m08s984.png,7467e1f313316a2359b4cc89576673e855949a2e056d3c7c5c2522d190f4f54d,77424aa0356968308f61c70191be2e6229635f6757d14fe2ea36b6bd64a18564,1920,1080,2,background=0;full_court=1
tennis_fullcourt,tennis,full_court_segmentation,train,vlcsnap-2023-11-13-14h11m57s722.png,data/tennis_fullcourt/images/train/vlcsnap-2023-11-13-14h11m57s722.png,data/tennis_fullcourt/masks/train/vlcsnap-2023-11-13-14h11m57s722.png,0e585d2c1be52c1c5b2e590c24d737770dca703fb03c096dd0414f1f29c40f0d,465cc0e6079a28d5dc00f4b33a99e0e2e7d0bbfbb057ead1ac130d2d28d96adc,1920,1080,2,background=0;full_court=1
tennis_fullcourt,tennis,full_court_segmentation,train,vlcsnap-2023-11-13-14h12m02s808.png,data/tennis_fullcourt/images/train/vlcsnap-2023-11-13-14h12m02s808.png,data/tennis_fullcourt/masks/train/vlcsnap-2023-11-13-14h12m02s808.png,559857dcff0cb77f27a9e5430bb9a54f6056eec1599e8bb677b3bd09529f753f,465cc0e6079a28d5dc00f4b33a99e0e2e7d0bbfbb057ead1ac130d2d28d96adc,1920,1080,2,background=0;full_court=1
tennis_fullcourt,tennis,full_court_segmentation,train,vlcsnap-2023-11-13-14h12m15s114.png,data/tennis_fullcourt/images/train/vlcsnap-2023-11-13-14h12m15s114.png,data/tennis_fullcourt/masks/train/vlcsnap-2023-11-13-14h12m15s114.png,1a1a493e847850cd4f761df6b694cb96fe1516cb8cec78919b0b0ccd6540797b,820931481bb4469f40ecb9addc3204ba2171a298af4fd534ddd573e426daafbc,1920,1080,2,background=0;full_court=1
tennis_fullcourt,tennis,full_court_segmentation,train,vlcsnap-2023-11-13-14h12m44s222.png,data/tennis_fullcourt/images/train/vlcsnap-2023-11-13-14h12m44s222.png,data/tennis_fullcourt/masks/train/vlcsnap-2023-11-13-14h12m44s222.png,1b4d873e0d76879be7436c71691f87b5846a21699ed2698b6744115bc86bf419,45dda1b2a61a8488e98c47d88e678bfdf28e5a42cd33ed2f2b9de64cbcf38e2c,1920,1080,2,background=0;full_court=1
tennis_fullcourt,tennis,full_court_segmentation,train,vlcsnap-2023-11-13-14h12m49s497.png,data/tennis_fullcourt/images/train/vlcsnap-2023-11-13-14h12m49s497.png,data/tennis_fullcourt/masks/train/vlcsnap-2023-11-13-14h12m49s497.png,f3294211c12cc7d85fd4822a531a5048d42ee8925beb19dff7ac2520b9411d5c,45dda1b2a61a8488e98c47d88e678bfdf28e5a42cd33ed2f2b9de64cbcf38e2c,1920,1080,2,background=0;full_court=1
tennis_fullcourt,tennis,full_court_segmentation,train,vlcsnap-2023-11-13-14h12m55s364.png,data/tennis_fullcourt/images/train/vlcsnap-2023-11-13-14h12m55s364.png,data/tennis_fullcourt/masks/train/vlcsnap-2023-11-13-14h12m55s364.png,466976f933e00cfceff283d0b1ffea9ba1a9bd23c05639391e1d16fabd76b96b,4bb1e49885c36e45b5584c470333edcfe992c213fe52048a292d34fd2baba5f6,1920,1080,2,background=0;full_court=1
tennis_fullcourt,tennis,full_court_segmentation,train,vlcsnap-2023-11-13-14h13m01s872.png,data/tennis_fullcourt/images/train/vlcsnap-2023-11-13-14h13m01s872.png,data/tennis_fullcourt/masks/train/vlcsnap-2023-11-13-14h13m01s872.png,5c679fb4b7ea1fbea108b6dfca44ab80b49e2ef36cab480ddfa21a429d17c327,5e37966f9bc175a618b7bdc5026f53ba7dee0cb9c33b92c14d49a171e6cc5778,1920,1080,2,background=0;full_court=1
tennis_fullcourt,tennis,full_court_segmentation,train,vlcsnap-2023-11-13-14h13m12s826.png,data/tennis_fullcourt/images/train/vlcsnap-2023-11-13-14h13m12s826.png,data/tennis_fullcourt/masks/train/vlcsnap-2023-11-13-14h13m12s826.png,da991e751711f651ce5ce4193f72a5ab351669f01a5c42ae131e0fca6db79a15,4e984475c8137786a6d44b882fbd0bc0991915a226d29f0c09402c3e483df687,1920,1080,2,background=0;full_court=1
tennis_fullcourt,tennis,full_court_segmentation,train,vlcsnap-2023-11-13-14h13m16s661.png,data/tennis_fullcourt/images/train/vlcsnap-2023-11-13-14h13m16s661.png,data/tennis_fullcourt/masks/train/vlcsnap-2023-11-13-14h13m16s661.png,9aaa61607498467a7e6c4ee22d9fc3bb2ab432f66de595491febedfa7809fae5,4e984475c8137786a6d44b882fbd0bc0991915a226d29f0c09402c3e483df687,1920,1080,2,background=0;full_court=1
tennis_fullcourt,tennis,full_court_segmentation,train,vlcsnap-2023-11-13-14h13m21s321.png,data/tennis_fullcourt/images/train/vlcsnap-2023-11-13-14h13m21s321.png,data/tennis_fullcourt/masks/train/vlcsnap-2023-11-13-14h13m21s321.png,a00257a35a4d36e2e010a02ce722421fba7150d3003871e0754cfdef9c1aae34,4e984475c8137786a6d44b882fbd0bc0991915a226d29f0c09402c3e483df687,1920,1080,2,background=0;full_court=1
tennis_fullcourt,tennis,full_court_segmentation,train,vlcsnap-2023-11-13-14h13m32s976.png,data/tennis_fullcourt/images/train/vlcsnap-2023-11-13-14h13m32s976.png,data/tennis_fullcourt/masks/train/vlcsnap-2023-11-13-14h13m32s976.png,9f53bbd2d8f911f743464d1dad3f908fc90643338c8f2f91838ea7acacde3747,4e984475c8137786a6d44b882fbd0bc0991915a226d29f0c09402c3e483df687,1920,1080,2,background=0;full_court=1
tennis_fullcourt,tennis,full_court_segmentation,train,vlcsnap-2023-11-13-14h13m58s551.png,data/tennis_fullcourt/images/train/vlcsnap-2023-11-13-14h13m58s551.png,data/tennis_fullcourt/masks/train/vlcsnap-2023-11-13-14h13m58s551.png,b6b8f69072c2079063ac5ebd811e0a12e664f6803dc90a2564c8c15a5a556464,fc7bb600bd00bdeeff93ac1b501e08b4c29f9ce53b471d8e3755168cc2ff7e2b,1920,1080,2,background=0;full_court=1
tennis_fullcourt,tennis,full_court_segmentation,train,vlcsnap-2023-11-13-14h14m03s293.png,data/tennis_fullcourt/images/train/vlcsnap-2023-11-13-14h14m03s293.png,data/tennis_fullcourt/masks/train/vlcsnap-2023-11-13-14h14m03s293.png,11be3ac831725e1b7055952e8e7a7f8d553537032038dcfd3963a17a5795afe2,c4a1e417c779ca82015cb742d87c42a7431a696238d251a8a0371bcce99be2a2,1920,1080,2,background=0;full_court=1
tennis_fullcourt,tennis,full_court_segmentation,train,vlcsnap-2023-11-13-14h14m08s483.png,data/tennis_fullcourt/images/train/vlcsnap-2023-11-13-14h14m08s483.png,data/tennis_fullcourt/masks/train/vlcsnap-2023-11-13-14h14m08s483.png,49c19c132a65e904f9d4a25e37345fcf2e0c2ada79731ef997b96ae94c82fe97,4d0373bc4b311cf682270f1ccc90ce5b0db541e5d331c50a482a60b7e1d804f7,1920,1080,2,background=0;full_court=1
tennis_fullcourt,tennis,full_court_segmentation,train,vlcsnap-2023-11-13-14h15m24s231.png,data/tennis_fullcourt/images/train/vlcsnap-2023-11-13-14h15m24s231.png,data/tennis_fullcourt/masks/train/vlcsnap-2023-11-13-14h15m24s231.png,2e589e7db7b2737ba6184e53d9c4fd29c4cd07986b32623782be3b7f8726c2a8,a360bfed9513b8865bff3da33641a92be19f5c031fe7cd216b33d1859a1012a2,1920,1080,2,background=0;full_court=1
tennis_fullcourt,tennis,full_court_segmentation,train,vlcsnap-2023-11-13-14h15m44s650.png,data/tennis_fullcourt/images/train/vlcsnap-2023-11-13-14h15m44s650.png,data/tennis_fullcourt/masks/train/vlcsnap-2023-11-13-14h15m44s650.png,7e329e6e4ca89d682f3a53a20661ae23fd899c8deed2e97940a1c78af442bf2c,464d173c16ff8fccafa17dfc4b476249f0306c137dfad00331211b7fe96b26c4,1920,1080,2,background=0;full_court=1
tennis_fullcourt,tennis,full_court_segmentation,train,vlcsnap-2023-11-13-14h15m49s141.png,data/tennis_fullcourt/images/train/vlcsnap-2023-11-13-14h15m49s141.png,data/tennis_fullcourt/masks/train/vlcsnap-2023-11-13-14h15m49s141.png,82e15ee4fa19f8431f40a998533ece35e9fb0737810256bc7d568fef75b8cfcf,de590a5b19c9c50763a93ee9995ad03288a69c3c607799408048cb5c82546751,1920,1080,2,background=0;full_court=1
tennis_fullcourt,tennis,full_court_segmentation,train,vlcsnap-2023-11-13-14h15m53s321.png,data/tennis_fullcourt/images/train/vlcsnap-2023-11-13-14h15m53s321.png,data/tennis_fullcourt/masks/train/vlcsnap-2023-11-13-14h15m53s321.png,b8f951cb9efcda783c3cf6362e4fcb2205accf9222524800d21bdf5ffe3ddb20,464d173c16ff8fccafa17dfc4b476249f0306c137dfad00331211b7fe96b26c4,1920,1080,2,background=0;full_court=1
tennis_fullcourt,tennis,full_court_segmentation,train,vlcsnap-2023-11-13-14h16m16s298.png,data/tennis_fullcourt/images/train/vlcsnap-2023-11-13-14h16m16s298.png,data/tennis_fullcourt/masks/train/vlcsnap-2023-11-13-14h16m16s298.png,1ec7ba5428ad47006610a63b0fd7bf08f94f9463f5500286b083d6bc3ae9cc08,33e5b794f0b5073d0e7526bfb88c5b71ad8ad1f9dcc0b11981682f4f17d902d6,1920,1080,2,background=0;full_court=1
tennis_fullcourt,tennis,full_court_segmentation,train,vlcsnap-2023-11-13-14h16m20s977.png,data/tennis_fullcourt/images/train/vlcsnap-2023-11-13-14h16m20s977.png,data/tennis_fullcourt/masks/train/vlcsnap-2023-11-13-14h16m20s977.png,2c1d7b06d709a8d1204c3be5d7c416d424866413945f19c2c521f5d13444b60a,617c1120081aabfcf88df06998b44c0b69ccbb29039fc25c3326f63f636a531d,1920,1080,2,background=0;full_court=1
tennis_fullcourt,tennis,full_court_segmentation,train,vlcsnap-2023-11-13-14h16m26s811.png,data/tennis_fullcourt/images/train/vlcsnap-2023-11-13-14h16m26s811.png,data/tennis_fullcourt/masks/train/vlcsnap-2023-11-13-14h16m26s811.png,a123cc1821b45a6ec6d974bacdcfd8dce7f572c9f1cecb334fcddafeb835a3d3,342b0e096789c7e5183228918ef402146e56020cf3a5fb88240bb2a098305e46,1920,1080,2,background=0;full_court=1
tennis_fullcourt,tennis,full_court_segmentation,train,vlcsnap-2023-11-13-14h16m35s154.png,data/tennis_fullcourt/images/train/vlcsnap-2023-11-13-14h16m35s154.png,data/tennis_fullcourt/masks/train/vlcsnap-2023-11-13-14h16m35s154.png,69d60b8c7eb62466572b287691fff318a2b31c7d5abb3bdd375e87402abd7ee1,862592f51cf563ff189262c0176e6df0ec84b42b940a7a1ba1eca769b7cee202,1920,1080,2,background=0;full_court=1
tennis_fullcourt,tennis,full_court_segmentation,train,vlcsnap-2023-11-13-14h16m56s425.png,data/tennis_fullcourt/images/train/vlcsnap-2023-11-13-14h16m56s425.png,data/tennis_fullcourt/masks/train/vlcsnap-2023-11-13-14h16m56s425.png,090aa9f98a1ec25416a5724d738573b813b4eebf059e04d47ee043e4300732ac,7c5459a22cfff7a0b2a8f356b98b10ea55aa1496b9cfed2881e04cb05d26d499,1920,1080,2,background=0;full_court=1
tennis_fullcourt,tennis,full_court_segmentation,train,vlcsnap-2023-11-13-14h17m02s529.png,data/tennis_fullcourt/images/train/vlcsnap-2023-11-13-14h17m02s529.png,data/tennis_fullcourt/masks/train/vlcsnap-2023-11-13-14h17m02s529.png,439de8b845f44707420daf7dbd14e70e26c9b24256053a91418dbb88fc1b665d,7e6aea3d0013e304772e90ccb240b14b2e8fcd94168027dfc759b7ac396f0a1d,1920,1080,2,background=0;full_court=1
tennis_fullcourt,tennis,full_court_segmentation,train,vlcsnap-2023-11-13-14h17m08s168.png,data/tennis_fullcourt/images/train/vlcsnap-2023-11-13-14h17m08s168.png,data/tennis_fullcourt/masks/train/vlcsnap-2023-11-13-14h17m08s168.png,f86ce4604ad9ebad0b288a9af5a8a07e6e882d37c92afd2eb29b9cefb9249d3d,c5f11fc1fe20a813380bf4ba4514668fd127c8e275e49012e08eee89bc748080,1920,1080,2,background=0;full_court=1
tennis_fullcourt,tennis,full_court_segmentation,train,vlcsnap-2023-11-13-14h17m32s565.png,data/tennis_fullcourt/images/train/vlcsnap-2023-11-13-14h17m32s565.png,data/tennis_fullcourt/masks/train/vlcsnap-2023-11-13-14h17m32s565.png,6f6477e0a4a6c9662564aff362f1fae148c33447d6c446aadddb383653dd4fc7,0c5a43286e6170257dd5af07447d3112cb561110a9a171a765f50730eccc43e7,1920,1080,2,background=0;full_court=1
tennis_fullcourt,tennis,full_court_segmentation,train,vlcsnap-2023-11-13-14h17m38s235.png,data/tennis_fullcourt/images/train/vlcsnap-2023-11-13-14h17m38s235.png,data/tennis_fullcourt/masks/train/vlcsnap-2023-11-13-14h17m38s235.png,c1e736c962dd7748a26e18cb12b0a91f4635a86e88a211c82cdc16c840212c96,856256fcd777d516da765f523366fae3b3ec72248396e4f0e216658c23b1c267,1920,1080,2,background=0;full_court=1
tennis_fullcourt,tennis,full_court_segmentation,train,vlcsnap-2023-11-13-14h17m43s563.png,data/tennis_fullcourt/images/train/vlcsnap-2023-11-13-14h17m43s563.png,data/tennis_fullcourt/masks/train/vlcsnap-2023-11-13-14h17m43s563.png,ac34607a1364fe8d352a399600dafee8a8ef0f9e8ea8345ef71f548a582f4a05,e83ad59af28484ca6a92387256a6c937cb6a491e9f6be01dbef02adc8859e7ba,1920,1080,2,background=0;full_court=1
tennis_fullcourt,tennis,full_court_segmentation,train,vlcsnap-2023-11-13-14h17m50s070.png,data/tennis_fullcourt/images/train/vlcsnap-2023-11-13-14h17m50s070.png,data/tennis_fullcourt/masks/train/vlcsnap-2023-11-13-14h17m50s070.png,ac57a46446dc065bd7c34e3c19b1825bd65c86c0eac562c6f5fb61cd75fee1a1,028a8f6cbce37943e16f933579fd477a91f2d6a0f3a66feeac564f07edc25a31,1920,1080,2,background=0;full_court=1
tennis_fullcourt,tennis,full_court_segmentation,train,vlcsnap-2023-11-13-14h18m02s851.png,data/tennis_fullcourt/images/train/vlcsnap-2023-11-13-14h18m02s851.png,data/tennis_fullcourt/masks/train/vlcsnap-2023-11-13-14h18m02s851.png,90d6a9d8c4e09b074355bccee0f855bd718c1f2ac3e259a8e204ac8789c237fc,68fb05042b33a8bcbc8a9f6b96cef92e451def020329b2163101f1f45b90f9dd,1920,1080,2,background=0;full_court=1
tennis_fullcourt,tennis,full_court_segmentation,train,vlcsnap-2023-11-13-14h18m41s771.png,data/tennis_fullcourt/images/train/vlcsnap-2023-11-13-14h18m41s771.png,data/tennis_fullcourt/masks/train/vlcsnap-2023-11-13-14h18m41s771.png,d80405afb4ccde91e752589682ea34ab38b3b6a27d4865deedd7355ba0abb44b,68fb05042b33a8bcbc8a9f6b96cef92e451def020329b2163101f1f45b90f9dd,1920,1080,2,background=0;full_court=1
tennis_fullcourt,tennis,full_court_segmentation,train,vlcsnap-2023-11-13-14h18m59s318.png,data/tennis_fullcourt/images/train/vlcsnap-2023-11-13-14h18m59s318.png,data/tennis_fullcourt/masks/train/vlcsnap-2023-11-13-14h18m59s318.png,71bd96885e851ba27b7b011e9388698ffcba273639bc84396a097fd3e92292f4,ddeaf945362209649b77d5adc5b8775d436561ff5990427d9ba58e69b025b2f9,1920,1080,2,background=0;full_court=1
tennis_fullcourt,tennis,full_court_segmentation,train,vlcsnap-2023-11-13-14h19m05s788.png,data/tennis_fullcourt/images/train/vlcsnap-2023-11-13-14h19m05s788.png,data/tennis_fullcourt/masks/train/vlcsnap-2023-11-13-14h19m05s788.png,5fd14911611d4cdbcd81b44e7665742d64196b74ea14a63f3bfde190e0ad2b93,77dff50b3908de2932cbcccb45e2b231a27e9d80cc4cb17b35cf5cf18779c78e,1920,1080,2,background=0;full_court=1
tennis_fullcourt,tennis,full_court_segmentation,train,vlcsnap-2023-11-13-14h19m11s111.png,data/tennis_fullcourt/images/train/vlcsnap-2023-11-13-14h19m11s111.png,data/tennis_fullcourt/masks/train/vlcsnap-2023-11-13-14h19m11s111.png,a1bd0e2509ed6a13aaf46d359c52e84d1e0e41d2198355434cb58b26d9f01152,8dc00e027e253d3ea09e5a7743662be46a87fe856582eac27fe9575cd225f76b,1920,1080,2,background=0;full_court=1
tennis_fullcourt,tennis,full_court_segmentation,train,vlcsnap-2023-11-13-14h19m48s240.png,data/tennis_fullcourt/images/train/vlcsnap-2023-11-13-14h19m48s240.png,data/tennis_fullcourt/masks/train/vlcsnap-2023-11-13-14h19m48s240.png,3a9d36b2008f5a41d2137ad9392038a3d25113554386e5d6ce0ab19f5075e8a5,36b4911d78e4a756bab30996f50dc25edcb692cd07104e67a220aef5abb5027c,1920,1080,2,background=0;full_court=1
tennis_fullcourt,tennis,full_court_segmentation,train,vlcsnap-2023-11-13-14h19m54s571.png,data/tennis_fullcourt/images/train/vlcsnap-2023-11-13-14h19m54s571.png,data/tennis_fullcourt/masks/train/vlcsnap-2023-11-13-14h19m54s571.png,b7fa89cd31b4804026744d327440bb5d2f2b86e380eba889a7b50cb2d7d43924,6ef6b06ff506c21bf92338139aa79612ed215bd8571669fe919de89d7cc90cc3,1920,1080,2,background=0;full_court=1
tennis_fullcourt,tennis,full_court_segmentation,train,vlcsnap-2023-11-13-14h20m00s004.png,data/tennis_fullcourt/images/train/vlcsnap-2023-11-13-14h20m00s004.png,data/tennis_fullcourt/masks/train/vlcsnap-2023-11-13-14h20m00s004.png,ea7f155d233458738469f54881779a15c98026132e6faecdc17c1598d397cc76,2c3dc6ee75e051add34ece87977a3fb0d05532eeb459063da1f041b42209deec,1920,1080,2,background=0;full_court=1
tennis_fullcourt,tennis,full_court_segmentation,train,vlcsnap-2023-11-13-14h20m06s262.png,data/tennis_fullcourt/images/train/vlcsnap-2023-11-13-14h20m06s262.png,data/tennis_fullcourt/masks/train/vlcsnap-2023-11-13-14h20m06s262.png,cf5a203e6e4f2627e089c1ff9061c2e9f40aede2b1c81f98412bdfc6fb4acd9e,f116a90366e4187196a345e5c1e1e510508df5c5d236833e021e2216f583d704,1920,1080,2,background=0;full_court=1
tennis_fullcourt,tennis,full_court_segmentation,train,vlcsnap-2023-11-13-14h20m36s776.png,data/tennis_fullcourt/images/train/vlcsnap-2023-11-13-14h20m36s776.png,data/tennis_fullcourt/masks/train/vlcsnap-2023-11-13-14h20m36s776.png,f132bec94af61ebd8697cde04d8023938a7161666475182da3fb3b50cbfa6ea8,b7f77a21a677bdead460ebbe60b5b79dbda6cef5919a0b3a4b742d0048395ca5,1920,1080,2,background=0;full_court=1
tennis_fullcourt,tennis,full_court_segmentation,train,vlcsnap-2023-11-13-14h20m46s079.png,data/tennis_fullcourt/images/train/vlcsnap-2023-11-13-14h20m46s079.png,data/tennis_fullcourt/masks/train/vlcsnap-2023-11-13-14h20m46s079.png,37c600fb95c1f3ff2584de913ddbd95722c095c9c1bc7f012cecc7644b153cfb,47ac1abb5401f989a71c35f3f313e8a6e4b47feb6fffd871f166e8b8b2a3b83d,1920,1080,2,background=0;full_court=1
tennis_fullcourt,tennis,full_court_segmentation,train,vlcsnap-2023-11-13-14h20m52s129.png,data/tennis_fullcourt/images/train/vlcsnap-2023-11-13-14h20m52s129.png,data/tennis_fullcourt/masks/train/vlcsnap-2023-11-13-14h20m52s129.png,c17fecfa92d7aea44ff18e24af473813fdd7af3d9fbfed881c2ea30830bf61e4,1d04496faf16e56f7379d6ea7eadb803be07a42451eb8737a80efb4438a8ba35,1920,1080,2,background=0;full_court=1
tennis_fullcourt,tennis,full_court_segmentation,train,vlcsnap-2023-11-13-14h20m59s136.png,data/tennis_fullcourt/images/train/vlcsnap-2023-11-13-14h20m59s136.png,data/tennis_fullcourt/masks/train/vlcsnap-2023-11-13-14h20m59s136.png,7efff2166b9018d05f37767c74b52659954b09f82e0a12fb458587a81e4f00af,2b487d627d12007e97363555c3e8be495e94077ab5f485e22c80db29ffaa7a4f,1920,1080,2,background=0;full_court=1
tennis_fullcourt,tennis,full_court_segmentation,train,vlcsnap-2023-11-13-14h21m16s969.png,data/tennis_fullcourt/images/train/vlcsnap-2023-11-13-14h21m16s969.png,data/tennis_fullcourt/masks/train/vlcsnap-2023-11-13-14h21m16s969.png,9bf8a3601bede6e36ab77796fcb746e82cdc32008ce15908e40c8134e20d33e4,70f9e0f596e38ada448b33dc1cb1b93a8921060223965f46c062ecb99a122c56,1920,1080,2,background=0;full_court=1
tennis_fullcourt,tennis,full_court_segmentation,train,vlcsnap-2023-11-13-14h21m27s119.png,data/tennis_fullcourt/images/train/vlcsnap-2023-11-13-14h21m27s119.png,data/tennis_fullcourt/masks/train/vlcsnap-2023-11-13-14h21m27s119.png,edc6dac5e88fd16e184cb37d7e8102bd90b81ad2fbcb0372a2103ee752b35456,336f686f0a58a2687d6cb6bfafa963a9804b5f49a5a3c329c05765b05f0222cc,1920,1080,2,background=0;full_court=1
tennis_fullcourt,tennis,full_court_segmentation,train,vlcsnap-2023-11-13-14h21m32s506.png,data/tennis_fullcourt/images/train/vlcsnap-2023-11-13-14h21m32s506.png,data/tennis_fullcourt/masks/train/vlcsnap-2023-11-13-14h21m32s506.png,c4ffcb547520226e596a4216a697a61ba95a03e3d2f67f886dc55a2dfd870356,0ec5148185442a799f8f122b7a9c19017770bb98ef1f7c8804a96bc1f3284593,1920,1080,2,background=0;full_court=1
tennis_fullcourt,tennis,full_court_segmentation,train,vlcsnap-2023-11-13-14h21m43s078.png,data/tennis_fullcourt/images/train/vlcsnap-2023-11-13-14h21m43s078.png,data/tennis_fullcourt/masks/train/vlcsnap-2023-11-13-14h21m43s078.png,82dba299e46c2de66eaf687da52a8629d243bbabf97f550bb06d81d5862ba769,eb4def40c507fcc1b0e1daa75914ed2c82d6b977fcfc77da8a375467f6569622,1920,1080,2,background=0;full_court=1
tennis_fullcourt,tennis,full_court_segmentation,train,vlcsnap-2023-11-13-14h22m01s164.png,data/tennis_fullcourt/images/train/vlcsnap-2023-11-13-14h22m01s164.png,data/tennis_fullcourt/masks/train/vlcsnap-2023-11-13-14h22m01s164.png,30445bc44448c2bb003f6b36cd9dd7bd16422c935d97fdaaab249ea63cb68584,dc3d9122e8556875ec36d6063d71ec26fec812ede4bc38c513ccc03662a1bfff,1920,1080,2,background=0;full_court=1
tennis_fullcourt,tennis,full_court_segmentation,train,vlcsnap-2023-11-13-14h22m07s402.png,data/tennis_fullcourt/images/train/vlcsnap-2023-11-13-14h22m07s402.png,data/tennis_fullcourt/masks/train/vlcsnap-2023-11-13-14h22m07s402.png,d4c0aae940ae07f738922b5a9d2f73d92d3c45bd3190471fd2fba94ee40ce901,47563483ede9c54e3452889258343b95c4008e48fd288a6268ce548c169924b2,1920,1080,2,background=0;full_court=1
tennis_fullcourt,tennis,full_court_segmentation,train,vlcsnap-2023-11-13-14h22m12s736.png,data/tennis_fullcourt/images/train/vlcsnap-2023-11-13-14h22m12s736.png,data/tennis_fullcourt/masks/train/vlcsnap-2023-11-13-14h22m12s736.png,3080976dec56b31947494efa5e806d98706ff54e19b01aacc17039afd08575ab,63245d8bd1a02ac662333cc4f9bf367516d581230d25124888daccac13005f08,1920,1080,2,background=0;full_court=1
tennis_fullcourt,tennis,full_court_segmentation,train,vlcsnap-2023-11-13-14h22m19s371.png,data/tennis_fullcourt/images/train/vlcsnap-2023-11-13-14h22m19s371.png,data/tennis_fullcourt/masks/train/vlcsnap-2023-11-13-14h22m19s371.png,b3936d1f639db4bcd425d5aed203f5b037ed06072d09dae024a0d6805757d04a,b1967d1acf6e688d2a70b1f383cdb0db626adb65fd15a7d48ce3bad868caa37a,1920,1080,2,background=0;full_court=1
tennis_fullcourt,tennis,full_court_segmentation,train,vlcsnap-2023-11-13-14h22m46s350.png,data/tennis_fullcourt/images/train/vlcsnap-2023-11-13-14h22m46s350.png,data/tennis_fullcourt/masks/train/vlcsnap-2023-11-13-14h22m46s350.png,a2f3801f580b1386eceed15ea1428a2b1e76de81ff8346e53dffbeac48506c1f,1e32fa3ee2a60f02eb478f0255e439dac32e30c8490cbafcde262095b6573c2a,1920,1080,2,background=0;full_court=1
tennis_fullcourt,tennis,full_court_segmentation,train,vlcsnap-2023-11-13-14h22m52s866.png,data/tennis_fullcourt/images/train/vlcsnap-2023-11-13-14h22m52s866.png,data/tennis_fullcourt/masks/train/vlcsnap-2023-11-13-14h22m52s866.png,5e469048e14e07ca8d91a76308343301929017f4b6ba26b991a03c1280c9cc73,1e32fa3ee2a60f02eb478f0255e439dac32e30c8490cbafcde262095b6573c2a,1920,1080,2,background=0;full_court=1
tennis_fullcourt,tennis,full_court_segmentation,train,vlcsnap-2023-11-13-14h23m03s064.png,data/tennis_fullcourt/images/train/vlcsnap-2023-11-13-14h23m03s064.png,data/tennis_fullcourt/masks/train/vlcsnap-2023-11-13-14h23m03s064.png,b56ed598704439f58296b67dd04a8e6733be4c1907c306ffc8c62adf0570ac04,1e32fa3ee2a60f02eb478f0255e439dac32e30c8490cbafcde262095b6573c2a,1920,1080,2,background=0;full_court=1
tennis_fullcourt,tennis,full_court_segmentation,train,vlcsnap-2023-11-13-14h23m20s336.png,data/tennis_fullcourt/images/train/vlcsnap-2023-11-13-14h23m20s336.png,data/tennis_fullcourt/masks/train/vlcsnap-2023-11-13-14h23m20s336.png,6736b3b6525fcdfbafea84838db659e66138f8cc759595eff3395f28e0446649,711e3d8349835a7c66eae9229a3ef0231287d6ae0da22a31484f69edd0e46fec,1920,1080,2,background=0;full_court=1
tennis_fullcourt,tennis,full_court_segmentation,train,vlcsnap-2023-11-13-14h23m27s405.png,data/tennis_fullcourt/images/train/vlcsnap-2023-11-13-14h23m27s405.png,data/tennis_fullcourt/masks/train/vlcsnap-2023-11-13-14h23m27s405.png,a1111bab056479cb2dd67da16fbd80f731128a53557113c4b7404bbc46e5d103,cea58703d04da80bfc9ba47e4ff1915f7b097e90af8208153b2c3c3ca831f0c9,1920,1080,2,background=0;full_court=1
tennis_fullcourt,tennis,full_court_segmentation,train,vlcsnap-2023-11-13-14h23m34s876.png,data/tennis_fullcourt/images/train/vlcsnap-2023-11-13-14h23m34s876.png,data/tennis_fullcourt/masks/train/vlcsnap-2023-11-13-14h23m34s876.png,3ba5abc95f9150ab3d4c67f5f3e7553a28c4490bdac1fddd3e5ff4d17da2c806,cea58703d04da80bfc9ba47e4ff1915f7b097e90af8208153b2c3c3ca831f0c9,1920,1080,2,background=0;full_court=1
tennis_fullcourt,tennis,full_court_segmentation,train,vlcsnap-2023-11-13-14h24m01s685.png,data/tennis_fullcourt/images/train/vlcsnap-2023-11-13-14h24m01s685.png,data/tennis_fullcourt/masks/train/vlcsnap-2023-11-13-14h24m01s685.png,2d0b5efb49884542b531ee7a1ed9cbaec75403c7b8471ef2e524067b7afed5e0,fc146aca433fe73b1e4b04660194d0a7094012d3debde0433e48946ab7905904,1920,1080,2,background=0;full_court=1
tennis_fullcourt,tennis,full_court_segmentation,train,vlcsnap-2023-11-13-14h24m12s904.png,data/tennis_fullcourt/images/train/vlcsnap-2023-11-13-14h24m12s904.png,data/tennis_fullcourt/masks/train/vlcsnap-2023-11-13-14h24m12s904.png,996d7c7abd4f31665307d7beff6f0009089fbac3ec47be722d9f6dccdd225968,49083e78cfa8a11fd5b19a66be49d0edc28c6aeadd6c772c7c262875407ab943,1920,1080,2,background=0;full_court=1
tennis_fullcourt,tennis,full_court_segmentation,train,vlcsnap-2023-11-13-14h24m17s871.png,data/tennis_fullcourt/images/train/vlcsnap-2023-11-13-14h24m17s871.png,data/tennis_fullcourt/masks/train/vlcsnap-2023-11-13-14h24m17s871.png,cf152c675a8632ff05f3666c833dc247a3f2551cc9bb48f26575fc9d8035f379,4c5f9d72c43ef7020c3f1d984e22d846a6a560109362be790afb8be52b1542b9,1920,1080,2,background=0;full_court=1
tennis_fullcourt,tennis,full_court_segmentation,train,vlcsnap-2023-11-13-14h24m24s121.png,data/tennis_fullcourt/images/train/vlcsnap-2023-11-13-14h24m24s121.png,data/tennis_fullcourt/masks/train/vlcsnap-2023-11-13-14h24m24s121.png,38f2ed76aa09987a7ea8917620601728f6677a4fdd1cd4f1069dc4b71c6b9294,9cc661b7c9aa7eb443091cf2649852aae65bd1788bb2b46af5163a158de001c0,1920,1080,2,background=0;full_court=1
tennis_fullcourt,tennis,full_court_segmentation,train,vlcsnap-2023-11-13-14h25m23s121.png,data/tennis_fullcourt/images/train/vlcsnap-2023-11-13-14h25m23s121.png,data/tennis_fullcourt/masks/train/vlcsnap-2023-11-13-14h25m23s121.png,3df10b46c8d120bceaa570784bdcfc42a5e8745668895a9a897b0ec444344c6d,1e38d8d21c97ac58ffd38077caced13ade9637bc029d3bd6f47b6d6aae5b638f,1920,1080,2,background=0;full_court=1
tennis_fullcourt,tennis,full_court_segmentation,train,vlcsnap-2023-11-13-14h25m45s705.png,data/tennis_fullcourt/images/train/vlcsnap-2023-11-13-14h25m45s705.png,data/tennis_fullcourt/masks/train/vlcsnap-2023-11-13-14h25m45s705.png,3bde8c283a7b42ec353e68dae15e5ded04497e2227574f8afa70e0ab464aea66,be08da0f48c28477a9ca116c0718387cecafd15c7041d43d4e904a7366a2a5ca,1920,1080,2,background=0;full_court=1
tennis_fullcourt,tennis,full_court_segmentation,train,vlcsnap-2023-11-13-14h25m56s961.png,data/tennis_fullcourt/images/train/vlcsnap-2023-11-13-14h25m56s961.png,data/tennis_fullcourt/masks/train/vlcsnap-2023-11-13-14h25m56s961.png,230dca969cdc579ec8d332009beb752ad77d5704aaed105514adf3e507e62b94,52b3a9d3bc86b292f2105198bcc63a1968f27714dc93490f0f9c46aaa947573a,1920,1080,2,background=0;full_court=1
tennis_fullcourt,tennis,full_court_segmentation,train,vlcsnap-2023-11-13-14h26m20s392.png,data/tennis_fullcourt/images/train/vlcsnap-2023-11-13-14h26m20s392.png,data/tennis_fullcourt/masks/train/vlcsnap-2023-11-13-14h26m20s392.png,fe984000c22ed2950c9102047da1fd1533a6ea9049a3ebd41f365e6ccaf1dc23,e6ce9fac73cffbe13758347368853fa5f5bd3cc513aa499dd8c646b6fce5090c,1920,1080,2,background=0;full_court=1
tennis_fullcourt,tennis,full_court_segmentation,train,vlcsnap-2023-11-13-14h26m25s684.png,data/tennis_fullcourt/images/train/vlcsnap-2023-11-13-14h26m25s684.png,data/tennis_fullcourt/masks/train/vlcsnap-2023-11-13-14h26m25s684.png,5b412ce0c3859ab0e04dec28b3d31c1f18d3e184f4da7900a1bd7f0f2727880d,8bb68c924e80e0bb067d9b2c253715ec7b1984f85366c701d1d3739c33f7613b,1920,1080,2,background=0;full_court=1
tennis_fullcourt,tennis,full_court_segmentation,train,vlcsnap-2023-11-13-14h26m31s276.png,data/tennis_fullcourt/images/train/vlcsnap-2023-11-13-14h26m31s276.png,data/tennis_fullcourt/masks/train/vlcsnap-2023-11-13-14h26m31s276.png,d5b199b053a9d42394600b4284b59fd1bfb04f03cf2d3d1a370ca7355bf3b32e,7404aeb9ab10e85950c669c8de918183d66be7e5c6cfbeff601444e9c1b9ec28,1920,1080,2,background=0;full_court=1
tennis_fullcourt,tennis,full_court_segmentation,train,vlcsnap-2023-11-13-14h26m39s441.png,data/tennis_fullcourt/images/train/vlcsnap-2023-11-13-14h26m39s441.png,data/tennis_fullcourt/masks/train/vlcsnap-2023-11-13-14h26m39s441.png,94c273c06d9f370e418780fe650eb4947eeba2b59ffa743b241091454d2e3b3e,879f7310df953ea3afcccc08d451555096361be0ef32b7701d716a17c0e2b540,1920,1080,2,background=0;full_court=1
tennis_fullcourt,tennis,full_court_segmentation,train,vlcsnap-2023-11-13-14h26m52s522.png,data/tennis_fullcourt/images/train/vlcsnap-2023-11-13-14h26m52s522.png,data/tennis_fullcourt/masks/train/vlcsnap-2023-11-13-14h26m52s522.png,8ab91c30a73d896249e8f799eab0264643a2bd51b997a503135a5333b3d96e5a,a3c19fd0a2ffacbdb82c86ecf5d9a6ac0d780847ed3c2a0271c70ab7c4dfff7e,1920,1080,2,background=0;full_court=1
tennis_fullcourt,tennis,full_court_segmentation,train,vlcsnap-2023-11-13-14h26m58s746.png,data/tennis_fullcourt/images/train/vlcsnap-2023-11-13-14h26m58s746.png,data/tennis_fullcourt/masks/train/vlcsnap-2023-11-13-14h26m58s746.png,2e8553f9e3e42e9d6408af2c7adca114d6224c8d735ef20a8731dced4c114691,6c98d8d1aa9bffcfd6c808570a22b274cf460ff35db4f62a82a61a9790164882,1920,1080,2,background=0;full_court=1
tennis_fullcourt,tennis,full_court_segmentation,train,vlcsnap-2023-11-13-14h27m09s512.png,data/tennis_fullcourt/images/train/vlcsnap-2023-11-13-14h27m09s512.png,data/tennis_fullcourt/masks/train/vlcsnap-2023-11-13-14h27m09s512.png,3482ff6600bb26d3234fc400d69e6651fc26cf3fe4323a99a5ff23baa28d6f55,bf0f752085218899b01b4cd29b2ec2f6164616f56bb554e10f8aa1fcd2682c99,1920,1080,2,background=0;full_court=1
tennis_fullcourt,tennis,full_court_segmentation,train,vlcsnap-2023-11-13-14h27m24s674.png,data/tennis_fullcourt/images/train/vlcsnap-2023-11-13-14h27m24s674.png,data/tennis_fullcourt/masks/train/vlcsnap-2023-11-13-14h27m24s674.png,76afbbcd372dd17c506d48c8746a53d8bc56ca450f4bce9b4226bcb8c392c6d9,6ccb92d96e034e5c1820c1e5d8c8691c325f12801c9224b9421456f8c709c11e,1920,1080,2,background=0;full_court=1
tennis_fullcourt,tennis,full_court_segmentation,train,vlcsnap-2023-11-13-14h27m30s567.png,data/tennis_fullcourt/images/train/vlcsnap-2023-11-13-14h27m30s567.png,data/tennis_fullcourt/masks/train/vlcsnap-2023-11-13-14h27m30s567.png,dc0d6bae8ab33ccbc696c7dd9809405bb012b516ed77d06d6e29eb614fcfa38d,40754c323b00c11c6656e73bd9ea99c6df0d955ea13470c91780af42b7b835f4,1920,1080,2,background=0;full_court=1
tennis_fullcourt,tennis,full_court_segmentation,train,vlcsnap-2023-11-13-14h27m36s141.png,data/tennis_fullcourt/images/train/vlcsnap-2023-11-13-14h27m36s141.png,data/tennis_fullcourt/masks/train/vlcsnap-2023-11-13-14h27m36s141.png,04576111d7398a2627c388cecac43b9abf3c5bb92d7db0dd869a5ab41d7c40db,57f5b273043a00fec1854ed855e284c60831359b9692b386ca09aa0f1188942e,1920,1080,2,background=0;full_court=1
tennis_fullcourt,tennis,full_court_segmentation,train,vlcsnap-2023-11-13-14h28m10s831.png,data/tennis_fullcourt/images/train/vlcsnap-2023-11-13-14h28m10s831.png,data/tennis_fullcourt/masks/train/vlcsnap-2023-11-13-14h28m10s831.png,0d6a1b0d8d7522e83b71bf0d883818631ba3cdaef8550958033ff179d468547f,05bde62053ff08ab9bacfb189dbea0a83950e0670ddf576e2e315c36ad3128e7,1920,1080,2,background=0;full_court=1
tennis_fullcourt,tennis,full_court_segmentation,train,vlcsnap-2023-11-13-14h28m16s383.png,data/tennis_fullcourt/images/train/vlcsnap-2023-11-13-14h28m16s383.png,data/tennis_fullcourt/masks/train/vlcsnap-2023-11-13-14h28m16s383.png,c4bf9988c58f065bdf81d0858a2ed50f31ef5dcbe55301af9ec5a36cd9bae32d,207f46aaff63e654813f796eced7446c51b0ed79ad84c19647b07908f866bb23,1920,1080,2,background=0;full_court=1
tennis_fullcourt,tennis,full_court_segmentation,train,vlcsnap-2023-11-13-14h28m22s612.png,data/tennis_fullcourt/images/train/vlcsnap-2023-11-13-14h28m22s612.png,data/tennis_fullcourt/masks/train/vlcsnap-2023-11-13-14h28m22s612.png,19d51ce68761eb05987b372dad48ea602757da4f440a454aaaaed54f1564835e,98a5a14bc67fa918cbc05ba0d66d39aa8998b5550fa5768a4bc04cbda48843c5,1920,1080,2,background=0;full_court=1
tennis_fullcourt,tennis,full_court_segmentation,train,vlcsnap-2023-11-13-14h29m12s791.png,data/tennis_fullcourt/images/train/vlcsnap-2023-11-13-14h29m12s791.png,data/tennis_fullcourt/masks/train/vlcsnap-2023-11-13-14h29m12s791.png,440f2dc6d2e99bf0040ce550f6fe04ab7c4f0d6627d3f53b6454ce96d0eec8a5,d1290d8771b27fe9f585ec1bb60d67dcd7744b83ae84317c63b7127e5c2eb9f8,1920,1080,2,background=0;full_court=1
tennis_fullcourt,tennis,full_court_segmentation,train,vlcsnap-2023-11-13-14h29m32s712.png,data/tennis_fullcourt/images/train/vlcsnap-2023-11-13-14h29m32s712.png,data/tennis_fullcourt/masks/train/vlcsnap-2023-11-13-14h29m32s712.png,1ca04a45af1eb821fb06a73bf3f0528e723345dab5e42077faa87aef27951344,53e1ce92eb8d2e40205d13b9317f16624c4d84f6b101e7dfc95f9bcb58a4b068,1920,1080,2,background=0;full_court=1
tennis_fullcourt,tennis,full_court_segmentation,train,vlcsnap-2023-11-13-14h29m37s252.png,data/tennis_fullcourt/images/train/vlcsnap-2023-11-13-14h29m37s252.png,data/tennis_fullcourt/masks/train/vlcsnap-2023-11-13-14h29m37s252.png,bc687c47804065f89b0aeb442706cbd0752bb3efd2efe99e34f4660daed41680,47552baa814087c741ec5b09124a812cd718035f3b0ee9c1af9e3bde39f91dc8,1920,1080,2,background=0;full_court=1
tennis_fullcourt,tennis,full_court_segmentation,train,vlcsnap-2023-11-13-14h29m42s370.png,data/tennis_fullcourt/images/train/vlcsnap-2023-11-13-14h29m42s370.png,data/tennis_fullcourt/masks/train/vlcsnap-2023-11-13-14h29m42s370.png,7158f30f7c73222fe6c0a508ac47878c3307ac452e979d0838a1595a9de1ee94,0afb97b81e5ade72e0a3c6d23e374466b484adb99c608c8fa61d55427b3188c2,1920,1080,2,background=0;full_court=1
tennis_fullcourt,tennis,full_court_segmentation,train,vlcsnap-2023-11-13-14h29m47s301.png,data/tennis_fullcourt/images/train/vlcsnap-2023-11-13-14h29m47s301.png,data/tennis_fullcourt/masks/train/vlcsnap-2023-11-13-14h29m47s301.png,1994d148621b91ccf5fe8b0444cbaf8d923581f292d9dd4229acce1b12592388,24f2cbf7b5223da75f5a1a705d03c57ac4c1391bcfc3c7cf98a2532c5d3508b7,1920,1080,2,background=0;full_court=1
tennis_fullcourt,tennis,full_court_segmentation,train,vlcsnap-2023-11-14-16h00m48s832.png,data/tennis_fullcourt/images/train/vlcsnap-2023-11-14-16h00m48s832.png,data/tennis_fullcourt/masks/train/vlcsnap-2023-11-14-16h00m48s832.png,9dd3af6d3c101362f7e93b9c32c1d12d168731f0068565c0abe62e67b0f14eac,b6b4dcf3de6b819b5328fe974a14b91c5fa1312dc2f3e65943f2638be771d103,1920,1080,2,background=0;full_court=1
tennis_fullcourt,tennis,full_court_segmentation,train,vlcsnap-2023-11-14-16h00m54s040.png,data/tennis_fullcourt/images/train/vlcsnap-2023-11-14-16h00m54s040.png,data/tennis_fullcourt/masks/train/vlcsnap-2023-11-14-16h00m54s040.png,a6674c495f90140c15a5afaf3b1e68826ed00283ddab8868cf0bbe08514cb38c,46e177dc94c2aa670e755a41613cde0164f7be1f41442fa61438136cf2fa2e0a,1920,1080,2,background=0;full_court=1
tennis_fullcourt,tennis,full_court_segmentation,train,vlcsnap-2023-11-14-16h00m59s177.png,data/tennis_fullcourt/images/train/vlcsnap-2023-11-14-16h00m59s177.png,data/tennis_fullcourt/masks/train/vlcsnap-2023-11-14-16h00m59s177.png,d3e50be72a7a58bcb628a93ced2cc795d1e68d90437beaa856866db7e361069c,8f8144aa21a82b343aaf7d4c65750734b0c264633b8c3b8e3e75076eee33dfd7,1920,1080,2,background=0;full_court=1
tennis_fullcourt,tennis,full_court_segmentation,train,vlcsnap-2023-11-14-16h01m03s586.png,data/tennis_fullcourt/images/train/vlcsnap-2023-11-14-16h01m03s586.png,data/tennis_fullcourt/masks/train/vlcsnap-2023-11-14-16h01m03s586.png,d793bddff18497e2ad7963563f7988846d8c4731b1963b2104cca812f326dd5f,70196cea25ea3bfd1c92fef64dd65e5fac55eb3a83e65e1e9a3b16b3f4f6a5bc,1920,1080,2,background=0;full_court=1
tennis_fullcourt,tennis,full_court_segmentation,train,vlcsnap-2023-11-14-16h01m20s645.png,data/tennis_fullcourt/images/train/vlcsnap-2023-11-14-16h01m20s645.png,data/tennis_fullcourt/masks/train/vlcsnap-2023-11-14-16h01m20s645.png,a8a06cbd2bbcbe2739a457e8ce689c4545738a56a56a022d4f82106076298ff2,e972eda54ba922722f4dbf70f7712596d0a4ff74c45913c9cc558eda07fdef32,1920,1080,2,background=0;full_court=1
tennis_fullcourt,tennis,full_court_segmentation,train,vlcsnap-2023-11-14-16h01m27s111.png,data/tennis_fullcourt/images/train/vlcsnap-2023-11-14-16h01m27s111.png,data/tennis_fullcourt/masks/train/vlcsnap-2023-11-14-16h01m27s111.png,0782042c30cb4b31a7488bd15bb54784c2294155d9256550ab673df2b53a2475,78e0aa3c1ef6869f38661d2d2ec828276889cb8ae1df19e11b4a8a871280544b,1920,1080,2,background=0;full_court=1
tennis_fullcourt,tennis,full_court_segmentation,train,vlcsnap-2023-11-14-16h01m32s258.png,data/tennis_fullcourt/images/train/vlcsnap-2023-11-14-16h01m32s258.png,data/tennis_fullcourt/masks/train/vlcsnap-2023-11-14-16h01m32s258.png,f8d388c7304911077aea6721a926788d09a684f99e6125adeaa79527df7a9172,6f9f15666e81de04d750148d0cba68847aa9b4ac217db4eb88c2b74e508aa626,1920,1080,2,background=0;full_court=1
tennis_fullcourt,tennis,full_court_segmentation,train,vlcsnap-2023-11-14-16h01m36s242.png,data/tennis_fullcourt/images/train/vlcsnap-2023-11-14-16h01m36s242.png,data/tennis_fullcourt/masks/train/vlcsnap-2023-11-14-16h01m36s242.png,cba01ffe65bce25b9a2df867fc5777fb652fc39897863f7405b6cf49f55878c9,cf0831fa3bea5aac4a2433cda3494d05de5a14e3123bcfd0b4423d8b6be3146b,1920,1080,2,background=0;full_court=1
tennis_fullcourt,tennis,full_court_segmentation,train,vlcsnap-2023-11-14-16h01m48s606.png,data/tennis_fullcourt/images/train/vlcsnap-2023-11-14-16h01m48s606.png,data/tennis_fullcourt/masks/train/vlcsnap-2023-11-14-16h01m48s606.png,35f27fa223fc8dfc73651648cf7e06b44ddc573d97409c910ca871ba9abd6da5,a8b38fede0ee1aac377c79989bcd094f79b5efac3eb6b7d9bed0e25344e212db,1920,1080,2,background=0;full_court=1
tennis_fullcourt,tennis,full_court_segmentation,train,vlcsnap-2023-11-14-16h01m56s631.png,data/tennis_fullcourt/images/train/vlcsnap-2023-11-14-16h01m56s631.png,data/tennis_fullcourt/masks/train/vlcsnap-2023-11-14-16h01m56s631.png,f965c4d10e4b4faf87061b650a0f605ecdfaede67249a46ba3aa655e0c516a63,ead39ce0428a9390486ff9620bcf679b15bc3a4117866d7508e9c15020ead2db,1920,1080,2,background=0;full_court=1
tennis_fullcourt,tennis,full_court_segmentation,train,vlcsnap-2023-11-14-16h02m01s002.png,data/tennis_fullcourt/images/train/vlcsnap-2023-11-14-16h02m01s002.png,data/tennis_fullcourt/masks/train/vlcsnap-2023-11-14-16h02m01s002.png,009eeda7b4ee1a1f77d18b003ed7cf2406811f411715c6cdb4c9ff4eabe64cb5,735a005b22b0b54454dd879bada0351d85579ec32162285495482d347d5a790b,1920,1080,2,background=0;full_court=1
tennis_fullcourt,tennis,full_court_segmentation,train,vlcsnap-2023-11-14-16h02m34s822.png,data/tennis_fullcourt/images/train/vlcsnap-2023-11-14-16h02m34s822.png,data/tennis_fullcourt/masks/train/vlcsnap-2023-11-14-16h02m34s822.png,cbc6880dc1349fb119999b8a07904f0a9806960bb87b3ad0b8551e53aabccd4f,ee90bd9697eb3585cc26b7a54f7fc81143c0716c03d173dbfb1b41662787a64b,1920,1080,2,background=0;full_court=1
tennis_fullcourt,tennis,full_court_segmentation,train,vlcsnap-2023-11-14-16h03m01s343.png,data/tennis_fullcourt/images/train/vlcsnap-2023-11-14-16h03m01s343.png,data/tennis_fullcourt/masks/train/vlcsnap-2023-11-14-16h03m01s343.png,13d6fed42617a7765a760c4f34017d0b28d58ad6b496467becdfae1f13cf4da0,314f716b4ff167186d41f157140e74fe17c693a975f39b5ec28faead1f34857b,1920,1080,2,background=0;full_court=1
tennis_fullcourt,tennis,full_court_segmentation,train,vlcsnap-2023-11-14-16h03m06s045.png,data/tennis_fullcourt/images/train/vlcsnap-2023-11-14-16h03m06s045.png,data/tennis_fullcourt/masks/train/vlcsnap-2023-11-14-16h03m06s045.png,63c4f15aa9086f99f37a455e7b49ee17de1053529c6b2623ea85e38f46ee21f2,1d93af30b0368a04865c7d561d3f92bd8c8f6e93f9fad948a8100c13360c0937,1920,1080,2,background=0;full_court=1
tennis_fullcourt,tennis,full_court_segmentation,train,vlcsnap-2023-11-14-16h03m10s221.png,data/tennis_fullcourt/images/train/vlcsnap-2023-11-14-16h03m10s221.png,data/tennis_fullcourt/masks/train/vlcsnap-2023-11-14-16h03m10s221.png,371926a7f71d2f2cbb2375fe39f46596900c6d9f32dca10a7f394665f526a890,8dc9ef8544c74a4d5bc523c2c61532645541d4758bad9829e6612289118ded81,1920,1080,2,background=0;full_court=1
tennis_fullcourt,tennis,full_court_segmentation,train,vlcsnap-2023-11-14-16h03m18s853.png,data/tennis_fullcourt/images/train/vlcsnap-2023-11-14-16h03m18s853.png,data/tennis_fullcourt/masks/train/vlcsnap-2023-11-14-16h03m18s853.png,e953b9b2979fd7af9d42c769a8136c3ea1509073309ac35e582f5fcd225c77aa,7a1ac37b52e61a043c11d145723009c2708bebfcaa6fc0853603312bb76f219b,1920,1080,2,background=0;full_court=1
tennis_fullcourt,tennis,full_court_segmentation,train,vlcsnap-2023-11-14-16h03m38s394.png,data/tennis_fullcourt/images/train/vlcsnap-2023-11-14-16h03m38s394.png,data/tennis_fullcourt/masks/train/vlcsnap-2023-11-14-16h03m38s394.png,12674416639752afe71d9ecb79516b36e773b70c6dc6471b73a975c1e208c197,0439a54e7bca9ac84d907dc2b841cd5d37c8d0a5bba7385b9dad6979307d910f,1920,1080,2,background=0;full_court=1
tennis_fullcourt,tennis,full_court_segmentation,train,vlcsnap-2023-11-14-16h03m55s530.png,data/tennis_fullcourt/images/train/vlcsnap-2023-11-14-16h03m55s530.png,data/tennis_fullcourt/masks/train/vlcsnap-2023-11-14-16h03m55s530.png,f5a317300d79a0c73fd6d64e991c713dcd5afc433a072f65a5c49c763afc7801,dc3c6dd3d668f4853f28f8024ea07f9b77b4a90b9772d83e8dc31df01fb075c8,1920,1080,2,background=0;full_court=1
tennis_fullcourt,tennis,full_court_segmentation,train,vlcsnap-2023-11-14-16h04m19s294.png,data/tennis_fullcourt/images/train/vlcsnap-2023-11-14-16h04m19s294.png,data/tennis_fullcourt/masks/train/vlcsnap-2023-11-14-16h04m19s294.png,900d8d276567f70c79ddc898bd0420ecb1c2ce490125c96a7cd258e65ae1ff6b,27349fbe11082441808c8aa76026856e3120c82f1b6b6deb5207d2358f4cbcd2,1920,1080,2,background=0;full_court=1
tennis_fullcourt,tennis,full_court_segmentation,train,vlcsnap-2023-11-14-16h04m29s060.png,data/tennis_fullcourt/images/train/vlcsnap-2023-11-14-16h04m29s060.png,data/tennis_fullcourt/masks/train/vlcsnap-2023-11-14-16h04m29s060.png,4c1bf57d54eea39b34ddb89425f4b8093bc7a3ba4126dab62cba05058b548337,c794a869e2afa8f73a6e2adf81686a5e01a2f4c3c99e64226bd44e7ebac1e9e4,1920,1080,2,background=0;full_court=1
tennis_fullcourt,tennis,full_court_segmentation,train,vlcsnap-2023-11-14-16h04m40s982.png,data/tennis_fullcourt/images/train/vlcsnap-2023-11-14-16h04m40s982.png,data/tennis_fullcourt/masks/train/vlcsnap-2023-11-14-16h04m40s982.png,3363a9d2761c58263616564d774f5212f3438747b2f2887172fa6b8b1045accb,193311f75cefca01428dcb70e3a70641f1cc943dc94ad62cbfda67c36683e616,1920,1080,2,background=0;full_court=1
tennis_fullcourt,tennis,full_court_segmentation,train,vlcsnap-2023-11-14-16h05m11s197.png,data/tennis_fullcourt/images/train/vlcsnap-2023-11-14-16h05m11s197.png,data/tennis_fullcourt/masks/train/vlcsnap-2023-11-14-16h05m11s197.png,203156d3d5ce492dbfa49fd4cad9b9aa5afeda8e82128318fe9061aeac227207,6575d2a3e45357fefedb42f1088cb4c89c07a123d0b527415cf68fadcf468a83,1920,1080,2,background=0;full_court=1
tennis_fullcourt,tennis,full_court_segmentation,train,vlcsnap-2023-11-14-16h05m22s205.png,data/tennis_fullcourt/images/train/vlcsnap-2023-11-14-16h05m22s205.png,data/tennis_fullcourt/masks/train/vlcsnap-2023-11-14-16h05m22s205.png,23e14f2ac4fc06ca9bbad00cbbf8626a2c2b14bc762e9dc78c14bbcacf9abf43,508da57d051be8f5e62dfe804ef1670c292dd225f66f3ee7a84eebe2915e066e,1920,1080,2,background=0;full_court=1
tennis_fullcourt,tennis,full_court_segmentation,train,vlcsnap-2023-11-14-16h05m25s891.png,data/tennis_fullcourt/images/train/vlcsnap-2023-11-14-16h05m25s891.png,data/tennis_fullcourt/masks/train/vlcsnap-2023-11-14-16h05m25s891.png,9d9f98bd9c535439397fef2bc7e2a97c209b95e517c2013b97521132a5430236,71550cfca7148dc65835ea1e028ebe3f401e34aeb508443c478e5842f459f8c7,1920,1080,2,background=0;full_court=1
tennis_fullcourt,tennis,full_court_segmentation,train,vlcsnap-2023-11-14-16h05m56s789.png,data/tennis_fullcourt/images/train/vlcsnap-2023-11-14-16h05m56s789.png,data/tennis_fullcourt/masks/train/vlcsnap-2023-11-14-16h05m56s789.png,d93a48cabaf162d2c08648c422f5a43807b9de43385f155b28771e91dcf86f37,817eada4a48dc463690d79437b5c567e9f3314e1ba2b230b80b8e87de381847f,1920,1080,2,background=0;full_court=1
tennis_fullcourt,tennis,full_court_segmentation,train,vlcsnap-2023-11-14-16h06m16s155.png,data/tennis_fullcourt/images/train/vlcsnap-2023-11-14-16h06m16s155.png,data/tennis_fullcourt/masks/train/vlcsnap-2023-11-14-16h06m16s155.png,89bc38fe9d42a8271f2c1a3d2df9045a4337b887d2124d5f9a61e1015a6c7226,57854f3337fcf8ed2a4f9c2205887982b87b726d5c221a081cf528fb1f3c7d12,1920,1080,2,background=0;full_court=1
tennis_fullcourt,tennis,full_court_segmentation,train,vlcsnap-2023-11-14-16h06m21s966.png,data/tennis_fullcourt/images/train/vlcsnap-2023-11-14-16h06m21s966.png,data/tennis_fullcourt/masks/train/vlcsnap-2023-11-14-16h06m21s966.png,e6bb2cafd839a58f1be24a5e26cdf9724a2748fd67c78bc63586ca89f9001754,5d01759fc8a805719f49dae99c33df1614cc7c0ddd5fc4702488497fe6db3a34,1920,1080,2,background=0;full_court=1
tennis_fullcourt,tennis,full_court_segmentation,train,vlcsnap-2023-11-14-16h06m28s408.png,data/tennis_fullcourt/images/train/vlcsnap-2023-11-14-16h06m28s408.png,data/tennis_fullcourt/masks/train/vlcsnap-2023-11-14-16h06m28s408.png,6fdfbcf803d4aa25dcbcaa0d3ee5d692fd2ee1385a95ebe7f32c9abfb5cd3753,46bba403522a220663076940d1f384af3c94b9c8043e0e7f9155a3f8aef2ad8d,1920,1080,2,background=0;full_court=1
tennis_fullcourt,tennis,full_court_segmentation,train,vlcsnap-2023-11-14-16h06m46s889.png,data/tennis_fullcourt/images/train/vlcsnap-2023-11-14-16h06m46s889.png,data/tennis_fullcourt/masks/train/vlcsnap-2023-11-14-16h06m46s889.png,74a8763d0857690f4a7be17b9334c4abc118bee9a36b3abfd6632b87d4d10d46,e0df685bc196912a3f2a25e705e5ffe0c496ee8e32d5b02d96b5c0d84a9d2209,1920,1080,2,background=0;full_court=1
tennis_fullcourt,tennis,full_court_segmentation,train,vlcsnap-2023-11-14-16h07m07s157.png,data/tennis_fullcourt/images/train/vlcsnap-2023-11-14-16h07m07s157.png,data/tennis_fullcourt/masks/train/vlcsnap-2023-11-14-16h07m07s157.png,24bda4c5d26e0f9849dc6b9ccd1d541f99f2347a065a067a74ea82860262ff6a,72df6b80945a1b3feed0465cba08207b6ed9914a63d5b89c01e24041e32243c1,1920,1080,2,background=0;full_court=1
tennis_fullcourt,tennis,full_court_segmentation,train,vlcsnap-2023-11-14-16h07m15s161.png,data/tennis_fullcourt/images/train/vlcsnap-2023-11-14-16h07m15s161.png,data/tennis_fullcourt/masks/train/vlcsnap-2023-11-14-16h07m15s161.png,958087f24fbe35fd16c4756ec880a36b7851d1fb0330ef4a4811850f67b81cc8,72df6b80945a1b3feed0465cba08207b6ed9914a63d5b89c01e24041e32243c1,1920,1080,2,background=0;full_court=1
tennis_fullcourt,tennis,full_court_segmentation,train,vlcsnap-2023-11-14-16h07m20s432.png,data/tennis_fullcourt/images/train/vlcsnap-2023-11-14-16h07m20s432.png,data/tennis_fullcourt/masks/train/vlcsnap-2023-11-14-16h07m20s432.png,5182940b7fdfee20091123dc348026c8c17e5bccd99e8959b0abec5a34645334,b95c7f02944ee787ff2fc782b182c580c5e837c85e9a9d9edc98e3d36decbb61,1920,1080,2,background=0;full_court=1
tennis_fullcourt,tennis,full_court_segmentation,train,vlcsnap-2023-11-14-16h07m46s218.png,data/tennis_fullcourt/images/train/vlcsnap-2023-11-14-16h07m46s218.png,data/tennis_fullcourt/masks/train/vlcsnap-2023-11-14-16h07m46s218.png,e22f2520ee2df0f77fc207b571f58c4290f96ac84f287d284b31152fa6b54888,63be7dcefc5ea79003cbb39a2378bc471c86d10c1713c16600079fd4c66e218e,1920,1080,2,background=0;full_court=1
tennis_fullcourt,tennis,full_court_segmentation,train,vlcsnap-2023-11-14-16h07m52s682.png,data/tennis_fullcourt/images/train/vlcsnap-2023-11-14-16h07m52s682.png,data/tennis_fullcourt/masks/train/vlcsnap-2023-11-14-16h07m52s682.png,e63797ce0b7cd780b6870d44e3d06125badf4823edba8a831256ed1694084874,eaa450902bf4084d0ac4e3306f9839ebafe9fda66caacfa7a5d4c103773e2cd7,1920,1080,2,background=0;full_court=1
tennis_fullcourt,tennis,full_court_segmentation,train,vlcsnap-2023-11-14-16h07m57s740.png,data/tennis_fullcourt/images/train/vlcsnap-2023-11-14-16h07m57s740.png,data/tennis_fullcourt/masks/train/vlcsnap-2023-11-14-16h07m57s740.png,a93accb126e3611824f5abed82c4f3ab33616d96fd9b1146c5b3304bfb5ce894,a4ae616fce995d73a7f5f19aecaec37429f60b3b6c38e8d7aac130ef55523bf3,1920,1080,2,background=0;full_court=1
tennis_fullcourt,tennis,full_court_segmentation,train,vlcsnap-2023-11-14-16h08m15s759.png,data/tennis_fullcourt/images/train/vlcsnap-2023-11-14-16h08m15s759.png,data/tennis_fullcourt/masks/train/vlcsnap-2023-11-14-16h08m15s759.png,d7a4949f0c96c9922d4b1da3729ee3198ff467936986ffc2c935964f7fee0f8f,d9d1ed353b57ef4655a56a9b795d09489d40348b1148b15ef9ecb955c47e2573,1920,1080,2,background=0;full_court=1
tennis_fullcourt,tennis,full_court_segmentation,train,vlcsnap-2023-11-14-16h10m10s508.png,data/tennis_fullcourt/images/train/vlcsnap-2023-11-14-16h10m10s508.png,data/tennis_fullcourt/masks/train/vlcsnap-2023-11-14-16h10m10s508.png,57fd627fc18176f410db2a8542ad4928a276eba63b2731e1c6593c9a195999b0,b73d5fc7b3a5fee6120e01504ff81fe75564062e952a02b429bd6d776e35e8b1,1920,1080,2,background=0;full_court=1
tennis_fullcourt,tennis,full_court_segmentation,train,vlcsnap-2023-11-14-16h10m40s844.png,data/tennis_fullcourt/images/train/vlcsnap-2023-11-14-16h10m40s844.png,data/tennis_fullcourt/masks/train/vlcsnap-2023-11-14-16h10m40s844.png,52b0c47854710c57a16e3138df1cd654e581dff62116caa8937e8f1f80ca54e5,c209bfceb14867256a109720dba45dce76dbf9e9c58e8adcd9796bdf52bd0634,1920,1080,2,background=0;full_court=1
tennis_fullcourt,tennis,full_court_segmentation,train,vlcsnap-2023-11-14-16h10m45s504.png,data/tennis_fullcourt/images/train/vlcsnap-2023-11-14-16h10m45s504.png,data/tennis_fullcourt/masks/train/vlcsnap-2023-11-14-16h10m45s504.png,51d24b7ff5422baad9b7bfcc0c14b54a5be3f4b6e23c8658a2e662e8c21a09d9,0e6d9c96bc45039ba01340e58391bb64516bd6284fcc22f4bd330d23edd3b84c,1920,1080,2,background=0;full_court=1
tennis_fullcourt,tennis,full_court_segmentation,train,vlcsnap-2023-11-14-16h10m55s976.png,data/tennis_fullcourt/images/train/vlcsnap-2023-11-14-16h10m55s976.png,data/tennis_fullcourt/masks/train/vlcsnap-2023-11-14-16h10m55s976.png,d508925d7a50c309a545e23d34e04266b7cb199f157caa7b0661e2c39893a2dc,ac845db44ab008ded27441f17dcc746dfc42c40f42197ecf0af8dd316c887db4,1920,1080,2,background=0;full_court=1
tennis_fullcourt,tennis,full_court_segmentation,train,vlcsnap-2023-11-14-16h11m26s213.png,data/tennis_fullcourt/images/train/vlcsnap-2023-11-14-16h11m26s213.png,data/tennis_fullcourt/masks/train/vlcsnap-2023-11-14-16h11m26s213.png,36c7c24c571028f227382c91c8e1a91f22a42e9e22b1e66b31d4d459df039662,40830b0c239a062742d80b5beddefcc6c7cbea67801bd48973adeea28a69e11e,1920,1080,2,background=0;full_court=1
tennis_fullcourt,tennis,full_court_segmentation,train,vlcsnap-2023-11-14-16h11m48s960.png,data/tennis_fullcourt/images/train/vlcsnap-2023-11-14-16h11m48s960.png,data/tennis_fullcourt/masks/train/vlcsnap-2023-11-14-16h11m48s960.png,05babfd383d42d030606230209982a6c7011cab09cfcd9fc66ec9a8eb60878d0,ed3a541aacb69a56f7cda220454e1a497079e2dbf13d0f2609979d44777fa184,1920,1080,2,background=0;full_court=1
tennis_fullcourt,tennis,full_court_segmentation,train,vlcsnap-2023-11-14-16h11m55s320.png,data/tennis_fullcourt/images/train/vlcsnap-2023-11-14-16h11m55s320.png,data/tennis_fullcourt/masks/train/vlcsnap-2023-11-14-16h11m55s320.png,a8b34c1352fd90e472389506c6de726437bf31a7866e84568f9b3c66e5d3065d,a31a2757e6f38c095323a03c5aba08385b8e4a72ba37d6b0292612e423f59a56,1920,1080,2,background=0;full_court=1
tennis_fullcourt,tennis,full_court_segmentation,train,vlcsnap-2023-11-14-16h12m21s602.png,data/tennis_fullcourt/images/train/vlcsnap-2023-11-14-16h12m21s602.png,data/tennis_fullcourt/masks/train/vlcsnap-2023-11-14-16h12m21s602.png,2394ac24a8c779e92029c9084c16b006af42c1bcd74f2f00ae1b8411d95b9c24,196e0c0ff846662dfc1c2d9391fed53eab3f44b2fd8fc60df266902ca5cfc6bf,1920,1080,2,background=0;full_court=1
tennis_fullcourt,tennis,full_court_segmentation,train,vlcsnap-2023-11-14-16h12m29s327.png,data/tennis_fullcourt/images/train/vlcsnap-2023-11-14-16h12m29s327.png,data/tennis_fullcourt/masks/train/vlcsnap-2023-11-14-16h12m29s327.png,af6eb379e374b7f9cd43e2de409987c891ce1ab90dc0a115c58fe25167c23291,951f218bc19ed0a8ef3346b0dbe2c284be1f45a6be4513ad99d6c3f972a1905f,1920,1080,2,background=0;full_court=1
tennis_fullcourt,tennis,full_court_segmentation,train,vlcsnap-2023-11-14-16h12m34s574.png,data/tennis_fullcourt/images/train/vlcsnap-2023-11-14-16h12m34s574.png,data/tennis_fullcourt/masks/train/vlcsnap-2023-11-14-16h12m34s574.png,3e3eed362eb04fe42bfcc9fca836c5157f918009475bf47b8e02cae67fc76c6d,3fde69d67730274ae2df0513efd0ba94937995ecdf2fca20e8e3744aa88d6aa7,1920,1080,2,background=0;full_court=1
tennis_fullcourt,tennis,full_court_segmentation,train,vlcsnap-2023-11-14-16h12m47s966.png,data/tennis_fullcourt/images/train/vlcsnap-2023-11-14-16h12m47s966.png,data/tennis_fullcourt/masks/train/vlcsnap-2023-11-14-16h12m47s966.png,ed700db06820219885a71c94b2bb5da0dbb44ef59e4a65c25a5b5fbe3eeae8e4,003fee35118f057ab05e1f46236496dcc1684303720d5c560644d14fd9402425,1920,1080,2,background=0;full_court=1
tennis_fullcourt,tennis,full_court_segmentation,train,vlcsnap-2023-11-14-16h13m11s183.png,data/tennis_fullcourt/images/train/vlcsnap-2023-11-14-16h13m11s183.png,data/tennis_fullcourt/masks/train/vlcsnap-2023-11-14-16h13m11s183.png,0988d0f9dfffd1c4e01b5a5127611aedde0a37d785596814e55772fa92c6c841,712042e43d9f89babfc0946d2c76e11b9bb16fe06097da947f81e49db3e2455b,1920,1080,2,background=0;full_court=1
tennis_fullcourt,tennis,full_court_segmentation,train,vlcsnap-2023-11-14-16h13m17s795.png,data/tennis_fullcourt/images/train/vlcsnap-2023-11-14-16h13m17s795.png,data/tennis_fullcourt/masks/train/vlcsnap-2023-11-14-16h13m17s795.png,cb27f1496d4805c5b1e40a9c2d0cd0df21d9f31d16b4820497001b4930d9e445,335783c7556fe16aa5f7887380ec536f106c17b562de461ae567624de91e5c84,1920,1080,2,background=0;full_court=1
tennis_fullcourt,tennis,full_court_segmentation,train,vlcsnap-2023-11-14-16h13m23s697.png,data/tennis_fullcourt/images/train/vlcsnap-2023-11-14-16h13m23s697.png,data/tennis_fullcourt/masks/train/vlcsnap-2023-11-14-16h13m23s697.png,3ef3fac5551185e1ff33335280df237fb099652b26e45960fd4a8e7f58902606,c12b2e488c07ceddb11a903fdf79bd777eec40149bd6a4ea8cd078b577116fbd,1920,1080,2,background=0;full_court=1
tennis_fullcourt,tennis,full_court_segmentation,train,vlcsnap-2023-11-14-16h13m30s075.png,data/tennis_fullcourt/images/train/vlcsnap-2023-11-14-16h13m30s075.png,data/tennis_fullcourt/masks/train/vlcsnap-2023-11-14-16h13m30s075.png,9ab3334fc7c9ea1b7af2926850bcec2e33f13667c9d833ae1e1679aab2dc5453,ca0c0abfc94e88428d19a3d2ba628cb4e7b50a458a843bbc29479a6e94ddc6fd,1920,1080,2,background=0;full_court=1
tennis_fullcourt,tennis,full_court_segmentation,train,vlcsnap-2023-11-14-16h13m48s829.png,data/tennis_fullcourt/images/train/vlcsnap-2023-11-14-16h13m48s829.png,data/tennis_fullcourt/masks/train/vlcsnap-2023-11-14-16h13m48s829.png,ce746987c1346399acb8a84177ab6154d6f43539d3ae3b6e98d2e08df8e618ae,c145633425743958ab8e4f0eb6ea180dcbc419b15d5be5aff2e83fca6bade9d7,1920,1080,2,background=0;full_court=1
tennis_fullcourt,tennis,full_court_segmentation,train,vlcsnap-2023-11-14-16h13m55s247.png,data/tennis_fullcourt/images/train/vlcsnap-2023-11-14-16h13m55s247.png,data/tennis_fullcourt/masks/train/vlcsnap-2023-11-14-16h13m55s247.png,68b12a32e3fd080349782fc3aa23d9707f8b53e9b296d33057d3e3459909c4ec,aba4d9cd6a53f1d21e39519bc8744a4e3132fc696b58b470a199ccbbcb01cd90,1920,1080,2,background=0;full_court=1
tennis_fullcourt,tennis,full_court_segmentation,train,vlcsnap-2023-11-14-16h14m00s761.png,data/tennis_fullcourt/images/train/vlcsnap-2023-11-14-16h14m00s761.png,data/tennis_fullcourt/masks/train/vlcsnap-2023-11-14-16h14m00s761.png,c9a1acada09a5dd4dac4c3bdb8dcb94d949eb77176d39b6bdee9d07f9790bd86,e5b6af4f572d3de66cbdf28ddae1369587dcaada4b07d0fc495131a2c1de4e0d,1920,1080,2,background=0;full_court=1
tennis_fullcourt,tennis,full_court_segmentation,train,vlcsnap-2023-11-14-16h15m43s676.png,data/tennis_fullcourt/images/train/vlcsnap-2023-11-14-16h15m43s676.png,data/tennis_fullcourt/masks/train/vlcsnap-2023-11-14-16h15m43s676.png,8176996a5f2c972d4f43024fea3a77997705cc9f9bbd616a736c2fe630fdc37e,c33aeb21763a598dbeb61e4931eaa085645d4e36be1cb142cd081880fc8d74b5,1920,1080,2,background=0;full_court=1
tennis_fullcourt,tennis,full_court_segmentation,train,vlcsnap-2023-11-14-16h15m49s862.png,data/tennis_fullcourt/images/train/vlcsnap-2023-11-14-16h15m49s862.png,data/tennis_fullcourt/masks/train/vlcsnap-2023-11-14-16h15m49s862.png,2c67f8ef433fc9a8bbe31ff9ba183bd0d7ad9883c7b95020333ca22f21b3c537,d863e9092c16666974ea673fa9e2e1fb61e370419912d422dc933c598e1656f4,1920,1080,2,background=0;full_court=1
tennis_fullcourt,tennis,full_court_segmentation,train,vlcsnap-2023-11-14-16h16m15s943.png,data/tennis_fullcourt/images/train/vlcsnap-2023-11-14-16h16m15s943.png,data/tennis_fullcourt/masks/train/vlcsnap-2023-11-14-16h16m15s943.png,9df376974b591c8fd9a1a443feb1bef206f98e87c73f600f11df31b465ecf806,1a8379c3941d4aaf37cb29238191f39c249fe7f888f2829ba7633ef1cd2565ca,1920,1080,2,background=0;full_court=1
tennis_fullcourt,tennis,full_court_segmentation,train,vlcsnap-2023-11-14-16h16m20s934.png,data/tennis_fullcourt/images/train/vlcsnap-2023-11-14-16h16m20s934.png,data/tennis_fullcourt/masks/train/vlcsnap-2023-11-14-16h16m20s934.png,ee8931b6145224473292f205f54395a44169cb64b00d13cd294f2b035d64846c,1b074e5affd42af153c8ded0753899a7eed7effc45b844b6f3f2780e7a0ac532,1920,1080,2,background=0;full_court=1
tennis_fullcourt,tennis,full_court_segmentation,train,vlcsnap-2023-11-14-16h16m25s210.png,data/tennis_fullcourt/images/train/vlcsnap-2023-11-14-16h16m25s210.png,data/tennis_fullcourt/masks/train/vlcsnap-2023-11-14-16h16m25s210.png,5b1cc7e1e6b94dd8e213958e0a4e3f3eaad9af3b8ce8f68800c990f4963d0842,e13ead38b0d21a8f8448b2400c38be1989c5168c8468c58fc42c729252039407,1920,1080,2,background=0;full_court=1
tennis_fullcourt,tennis,full_court_segmentation,train,vlcsnap-2023-11-14-16h17m13s312.png,data/tennis_fullcourt/images/train/vlcsnap-2023-11-14-16h17m13s312.png,data/tennis_fullcourt/masks/train/vlcsnap-2023-11-14-16h17m13s312.png,fd6c836dfa6401e35127811e849bb4ca6b00894f086fe705e6db6b8477b73263,54e20dbc8592478806e2480212a5b323b446b8aa66eb19cf0ae6c922fddf3008,1920,1080,2,background=0;full_court=1
tennis_fullcourt,tennis,full_court_segmentation,train,vlcsnap-2023-11-14-16h17m20s476.png,data/tennis_fullcourt/images/train/vlcsnap-2023-11-14-16h17m20s476.png,data/tennis_fullcourt/masks/train/vlcsnap-2023-11-14-16h17m20s476.png,4b3da25233f16c43d2f905c8a5f447136e7f51c553829aac5133aec8bc6ec9f5,5ca1c352717cf76484d0837d3cc87c71e53add970ab1caafc0f20a8015b276bc,1920,1080,2,background=0;full_court=1
tennis_fullcourt,tennis,full_court_segmentation,train,vlcsnap-2023-11-14-16h17m24s931.png,data/tennis_fullcourt/images/train/vlcsnap-2023-11-14-16h17m24s931.png,data/tennis_fullcourt/masks/train/vlcsnap-2023-11-14-16h17m24s931.png,eae20b018ed483a043462d1eb387c54a65b9e2b31f5a7de877f6294aac5eb1d1,0d0630003c41c9d078e57bc504948404e945c5ca44f660326a00b3a5379e99b4,1920,1080,2,background=0;full_court=1
tennis_fullcourt,tennis,full_court_segmentation,train,vlcsnap-2023-11-14-16h17m38s575.png,data/tennis_fullcourt/images/train/vlcsnap-2023-11-14-16h17m38s575.png,data/tennis_fullcourt/masks/train/vlcsnap-2023-11-14-16h17m38s575.png,56dfa27ec7a56f3b2ee67726ef5b7d21e75b5385b18ea9ffd0f3bc29da7aeace,f58839a25e7a21bd98556a7b98cfb741480cc20deab64beadfe7bacf1e2f8f95,1920,1080,2,background=0;full_court=1
tennis_fullcourt,tennis,full_court_segmentation,train,vlcsnap-2023-11-14-16h17m58s515.png,data/tennis_fullcourt/images/train/vlcsnap-2023-11-14-16h17m58s515.png,data/tennis_fullcourt/masks/train/vlcsnap-2023-11-14-16h17m58s515.png,99e7a540335d42c7e08a294f867c4fef3fa073c86d80d5e5214ac2aa2652f3cc,fcdd70a6657dc86d17c9a31179a2146dfbcd7912acc3834c8d96e703d9d75582,1920,1080,2,background=0;full_court=1
tennis_fullcourt,tennis,full_court_segmentation,train,vlcsnap-2023-11-14-16h18m03s451.png,data/tennis_fullcourt/images/train/vlcsnap-2023-11-14-16h18m03s451.png,data/tennis_fullcourt/masks/train/vlcsnap-2023-11-14-16h18m03s451.png,4f6588ae04f0cee48ec3d2b0a46c13311fe590e4c4f8a24ed9c7d32bdd02aa63,f079044f181e3438248e3489d0c5c09f32cf6248b755ce69dc8df3bef68d04fb,1920,1080,2,background=0;full_court=1
tennis_fullcourt,tennis,full_court_segmentation,train,vlcsnap-2023-11-14-16h18m07s924.png,data/tennis_fullcourt/images/train/vlcsnap-2023-11-14-16h18m07s924.png,data/tennis_fullcourt/masks/train/vlcsnap-2023-11-14-16h18m07s924.png,1836c2e9eac6ce63f269d331585c233ded52dc72fa24ab1f7e4ca51ff8d61bcc,1d66082c917616dfe10e3f4ff6de8ce3eaaa1217cc9fb3bfbc97392cb2f127ab,1920,1080,2,background=0;full_court=1
tennis_fullcourt,tennis,full_court_segmentation,train,vlcsnap-2023-11-14-16h18m12s796.png,data/tennis_fullcourt/images/train/vlcsnap-2023-11-14-16h18m12s796.png,data/tennis_fullcourt/masks/train/vlcsnap-2023-11-14-16h18m12s796.png,5dd4f25949d4a1d737523e83867495ac4198de2bb988cbd137185f5fcff31843,29845392af67d9532ca8918c820740680359c029157503882c8d4cc26d57d3bd,1920,1080,2,background=0;full_court=1
tennis_fullcourt,tennis,full_court_segmentation,train,vlcsnap-2023-11-14-16h18m25s628.png,data/tennis_fullcourt/images/train/vlcsnap-2023-11-14-16h18m25s628.png,data/tennis_fullcourt/masks/train/vlcsnap-2023-11-14-16h18m25s628.png,c87642ff8896e05be8a193a1ff10d577e173f598f97b80010ab41deb63a5f2f7,68da9def4481ed53ec9e8db8b4d2e9b1b28df72a19a0fc1b070616e42915ec63,1920,1080,2,background=0;full_court=1
tennis_fullcourt,tennis,full_court_segmentation,train,vlcsnap-2023-11-14-16h18m31s594.png,data/tennis_fullcourt/images/train/vlcsnap-2023-11-14-16h18m31s594.png,data/tennis_fullcourt/masks/train/vlcsnap-2023-11-14-16h18m31s594.png,9373388f8bd1cbae1e5f317d2f3ed0ddd88bc1f4291d415f19ca40fb42ef486f,48ca9f63a6bbd56744f6459c426a0d9efdee1e4ea49399016c58a4ae8a40206e,1920,1080,2,background=0;full_court=1
tennis_fullcourt,tennis,full_court_segmentation,train,vlcsnap-2023-11-14-16h18m36s964.png,data/tennis_fullcourt/images/train/vlcsnap-2023-11-14-16h18m36s964.png,data/tennis_fullcourt/masks/train/vlcsnap-2023-11-14-16h18m36s964.png,c0164fdb2a211489e0094b2d31433ca77e3ab4ee895bc9d79716825318bb5858,8318524a0e2a42a8957b1ba58bb8170ced139f478913cd19eff448f1295743a5,1920,1080,2,background=0;full_court=1
tennis_fullcourt,tennis,full_court_segmentation,train,vlcsnap-2023-11-14-16h18m58s252.png,data/tennis_fullcourt/images/train/vlcsnap-2023-11-14-16h18m58s252.png,data/tennis_fullcourt/masks/train/vlcsnap-2023-11-14-16h18m58s252.png,6d80c826e0c2e6578ca93be28d74a6a6cd98368fae6213127ed3e81930cce09c,2d654734eb8c87f801efd8b6d7854b143aeee5863f6ac8a4ea3fd017513ec553,1920,1080,2,background=0;full_court=1
tennis_fullcourt,tennis,full_court_segmentation,train,vlcsnap-2023-11-14-16h19m17s372.png,data/tennis_fullcourt/images/train/vlcsnap-2023-11-14-16h19m17s372.png,data/tennis_fullcourt/masks/train/vlcsnap-2023-11-14-16h19m17s372.png,fcdbe747e8e6e1320a5e9004db6d9c93db7a9200382799e001066bb55e10cae2,abd343e73bd8b16cc7477664c443d935cdbebca6074c1b8382600f2e09133b7d,1920,1080,2,background=0;full_court=1
tennis_fullcourt,tennis,full_court_segmentation,train,vlcsnap-2023-11-14-16h19m26s384.png,data/tennis_fullcourt/images/train/vlcsnap-2023-11-14-16h19m26s384.png,data/tennis_fullcourt/masks/train/vlcsnap-2023-11-14-16h19m26s384.png,9686eb7fb6653141f09ce4ebd90e0c0b65495ad510453302522f47795e2fb0d0,31a7ca254d430b7d32551bff88d529bc3dfdfbb759b4f96ea251a06a86f517ba,1920,1080,2,background=0;full_court=1
tennis_fullcourt,tennis,full_court_segmentation,train,vlcsnap-2023-11-14-16h19m33s549.png,data/tennis_fullcourt/images/train/vlcsnap-2023-11-14-16h19m33s549.png,data/tennis_fullcourt/masks/train/vlcsnap-2023-11-14-16h19m33s549.png,9b151b75a71c4e0a69b8b3728fc344901943efda656baae9c35c581d449baae1,755f81991a5d1101ea1010d0b825eb1b06db5abac597e8bbd0440214b720ea09,1920,1080,2,background=0;full_court=1
tennis_fullcourt,tennis,full_court_segmentation,train,vlcsnap-2023-11-14-16h19m48s241.png,data/tennis_fullcourt/images/train/vlcsnap-2023-11-14-16h19m48s241.png,data/tennis_fullcourt/masks/train/vlcsnap-2023-11-14-16h19m48s241.png,2f47bb89fa38363f05e15d620879521bad4880acbed8f281b0750203836f068d,12bf05f4cec1faebcf1f8d5d74eb1a73d0c2ea543af14284fc74ac78e78fb55b,1920,1080,2,background=0;full_court=1
tennis_fullcourt,tennis,full_court_segmentation,train,vlcsnap-2023-11-14-16h19m52s799.png,data/tennis_fullcourt/images/train/vlcsnap-2023-11-14-16h19m52s799.png,data/tennis_fullcourt/masks/train/vlcsnap-2023-11-14-16h19m52s799.png,82a1157272f63c523de0dee005157e54742197d8d426074677a62130e01e77c3,e8cc3be8b9e1c944f3ff1eea797e5b2412741ef3144a265ff84a253311382423,1920,1080,2,background=0;full_court=1
tennis_fullcourt,tennis,full_court_segmentation,train,vlcsnap-2023-11-14-16h19m57s828.png,data/tennis_fullcourt/images/train/vlcsnap-2023-11-14-16h19m57s828.png,data/tennis_fullcourt/masks/train/vlcsnap-2023-11-14-16h19m57s828.png,b65ac23751c15c46ae1a863141352118eba960605342f2e330633341ef55f74c,a616ca5f30557db63b3a16d89e52d4d0eb570de3278d703e8f015f86b36f3c4d,1920,1080,2,background=0;full_court=1
tennis_fullcourt,tennis,full_court_segmentation,train,vlcsnap-2023-11-14-16h20m17s603.png,data/tennis_fullcourt/images/train/vlcsnap-2023-11-14-16h20m17s603.png,data/tennis_fullcourt/masks/train/vlcsnap-2023-11-14-16h20m17s603.png,826cb88c2bef45749fbc1ce6fa3e3880911a34d2adba7fbfce58c5c6670abbf5,bfe8fe7a3e16f97300b7efed24ff778935eac3f7b6d00555fcb8a3c5ba13dec7,1920,1080,2,background=0;full_court=1
tennis_fullcourt,tennis,full_court_segmentation,train,vlcsnap-2023-11-14-16h20m33s919.png,data/tennis_fullcourt/images/train/vlcsnap-2023-11-14-16h20m33s919.png,data/tennis_fullcourt/masks/train/vlcsnap-2023-11-14-16h20m33s919.png,6e1f934c3a5b24dba53d235b78511312b0cefc5e78932b1e7dd69ccdcad12cf8,5a658c4e04bcd08b69f9048d1c0c0ff8b832076dce9d798450ed4b7535a75e2e,1920,1080,2,background=0;full_court=1
tennis_fullcourt,tennis,full_court_segmentation,train,vlcsnap-2023-11-14-16h20m40s762.png,data/tennis_fullcourt/images/train/vlcsnap-2023-11-14-16h20m40s762.png,data/tennis_fullcourt/masks/train/vlcsnap-2023-11-14-16h20m40s762.png,c3ae55bc73d1efc43c1aed8916bec8437e0b4cc40c05c4b175e5c363dea4f9e1,2765e638bee82860db4fcafa7ce7c77a4a76c6bb39c9d47dac4a578f733ac712,1920,1080,2,background=0;full_court=1
tennis_fullcourt,tennis,full_court_segmentation,train,vlcsnap-2023-11-14-16h20m46s267.png,data/tennis_fullcourt/images/train/vlcsnap-2023-11-14-16h20m46s267.png,data/tennis_fullcourt/masks/train/vlcsnap-2023-11-14-16h20m46s267.png,e3f15431e8dca6c56b543ec52a127fd8c99985374613554791c618f9b4a68830,2765e638bee82860db4fcafa7ce7c77a4a76c6bb39c9d47dac4a578f733ac712,1920,1080,2,background=0;full_court=1
tennis_fullcourt,tennis,full_court_segmentation,train,vlcsnap-2023-11-14-16h21m06s976.png,data/tennis_fullcourt/images/train/vlcsnap-2023-11-14-16h21m06s976.png,data/tennis_fullcourt/masks/train/vlcsnap-2023-11-14-16h21m06s976.png,d4efcbae813d558336d20c9436686833d41db0b18f0486184e0d45f4621b0a9d,a0fbf4d0ce0dcb531ecbbc584200cdc274928120d0b7d5c4c1a2b56eaa5d6126,1920,1080,2,background=0;full_court=1
tennis_fullcourt,tennis,full_court_segmentation,train,vlcsnap-2023-11-14-16h21m12s699.png,data/tennis_fullcourt/images/train/vlcsnap-2023-11-14-16h21m12s699.png,data/tennis_fullcourt/masks/train/vlcsnap-2023-11-14-16h21m12s699.png,7f4bcba4eba4f4dbd86ca13e4c858448678075a3d859ee679b6bc5f871d83f47,f411cdfa33b3c8f60fbba487633be131f2d2a379d35e7b3442d6939bbbd14998,1920,1080,2,background=0;full_court=1
tennis_fullcourt,tennis,full_court_segmentation,train,vlcsnap-2023-11-14-16h21m18s255.png,data/tennis_fullcourt/images/train/vlcsnap-2023-11-14-16h21m18s255.png,data/tennis_fullcourt/masks/train/vlcsnap-2023-11-14-16h21m18s255.png,e1e883c80a0c64e5b430ef85295deceebf4eb10c25cf33a6034148ebfce1a4ab,b6445ba431335cb4b7cc8378f83d4e4fe2b2a748221ebd55583f1eb832721d59,1920,1080,2,background=0;full_court=1
tennis_fullcourt,tennis,full_court_segmentation,train,vlcsnap-2023-11-14-16h21m34s388.png,data/tennis_fullcourt/images/train/vlcsnap-2023-11-14-16h21m34s388.png,data/tennis_fullcourt/masks/train/vlcsnap-2023-11-14-16h21m34s388.png,1c2baee491ae5aae493f77b3d9de70bf94a6c667dad4cb001754595287140948,bd1dc374dd1e741245a7001e2c82abf9f2ebd3ee2c49278982ce70307ed85e36,1920,1080,2,background=0;full_court=1
tennis_fullcourt,tennis,full_court_segmentation,train,vlcsnap-2023-11-14-16h21m39s554.png,data/tennis_fullcourt/images/train/vlcsnap-2023-11-14-16h21m39s554.png,data/tennis_fullcourt/masks/train/vlcsnap-2023-11-14-16h21m39s554.png,608eec2253a5ad6d338a661191c687fc97d38108f48f36c2851d451122b11186,bd1dc374dd1e741245a7001e2c82abf9f2ebd3ee2c49278982ce70307ed85e36,1920,1080,2,background=0;full_court=1
tennis_fullcourt,tennis,full_court_segmentation,train,vlcsnap-2023-11-14-16h22m52s120.png,data/tennis_fullcourt/images/train/vlcsnap-2023-11-14-16h22m52s120.png,data/tennis_fullcourt/masks/train/vlcsnap-2023-11-14-16h22m52s120.png,a4bbe0eccbf90a008c5a27e7f7a2c8677dc14f92293ee72b9e6904fa5259d6d0,43590c69787a50e04ad660b4b8a575534f15fc72fd499ff8960b364d7fdcf8e8,1920,1080,2,background=0;full_court=1
tennis_fullcourt,tennis,full_court_segmentation,train,vlcsnap-2023-11-14-16h22m58s258.png,data/tennis_fullcourt/images/train/vlcsnap-2023-11-14-16h22m58s258.png,data/tennis_fullcourt/masks/train/vlcsnap-2023-11-14-16h22m58s258.png,d6ba7cc657c38da9c8847dff278c4d7aaa5299251221f84e49780b5f568b3fec,ab0f82df3dfe7653fc43c33b6ec28c92555a09740a613c007ed1e5261011da20,1920,1080,2,background=0;full_court=1
tennis_fullcourt,tennis,full_court_segmentation,train,vlcsnap-2023-11-14-16h23m03s254.png,data/tennis_fullcourt/images/train/vlcsnap-2023-11-14-16h23m03s254.png,data/tennis_fullcourt/masks/train/vlcsnap-2023-11-14-16h23m03s254.png,6e633d7fef32087563f67fd4f1938d7441157f70c2a63b55b827ad102a04e271,ab0f82df3dfe7653fc43c33b6ec28c92555a09740a613c007ed1e5261011da20,1920,1080,2,background=0;full_court=1
tennis_fullcourt,tennis,full_court_segmentation,train,vlcsnap-2023-11-14-16h23m13s561.png,data/tennis_fullcourt/images/train/vlcsnap-2023-11-14-16h23m13s561.png,data/tennis_fullcourt/masks/train/vlcsnap-2023-11-14-16h23m13s561.png,0a2a1214856fd5e29b933f7082ce79a8c522827f459ffc49de364916e6e1183d,ab0f82df3dfe7653fc43c33b6ec28c92555a09740a613c007ed1e5261011da20,1920,1080,2,background=0;full_court=1
tennis_fullcourt,tennis,full_court_segmentation,train,vlcsnap-2023-11-20-12h14m08s245.png,data/tennis_fullcourt/images/train/vlcsnap-2023-11-20-12h14m08s245.png,data/tennis_fullcourt/masks/train/vlcsnap-2023-11-20-12h14m08s245.png,bbaa59cac2ced1222e4a5e9e8a071b5ee95846d1bcbe5f5c141832687e06da3e,6ffb4c075ab87b6cfa93fd7f570e54d3a5a1457e52efe44b6f5ad9b8915ff04e,1920,1080,2,background=0;full_court=1
tennis_fullcourt,tennis,full_court_segmentation,train,vlcsnap-2023-11-20-12h14m21s030.png,data/tennis_fullcourt/images/train/vlcsnap-2023-11-20-12h14m21s030.png,data/tennis_fullcourt/masks/train/vlcsnap-2023-11-20-12h14m21s030.png,a387d5e6605625953b351ca166a869aa204869d73172d4f6bc103ac9111203dc,7c81fd4531aa1f19b482723ccf40e1b412eb0ec2bbc8515de669d484325cf855,1920,1080,2,background=0;full_court=1
tennis_fullcourt,tennis,full_court_segmentation,train,vlcsnap-2023-11-20-12h14m48s847.png,data/tennis_fullcourt/images/train/vlcsnap-2023-11-20-12h14m48s847.png,data/tennis_fullcourt/masks/train/vlcsnap-2023-11-20-12h14m48s847.png,9acba18d5dd3e3cfac92d0e144a0226646d43155bb8d85044ad0683532794094,39097865b4d8d666d01b9385b3f6987b187a1c0ccec79d3cbde039dbea7d0e80,1920,1080,2,background=0;full_court=1
tennis_fullcourt,tennis,full_court_segmentation,train,vlcsnap-2023-11-20-12h15m11s640.png,data/tennis_fullcourt/images/train/vlcsnap-2023-11-20-12h15m11s640.png,data/tennis_fullcourt/masks/train/vlcsnap-2023-11-20-12h15m11s640.png,c3ebb0406fb3449c8e4753945fcc0aa9f44792b952ba73f726be78df90546b7a,c1cde7298b8deda5de616f422ebda83872b0e5cc0ce73effe8fdd952dcd2c50d,1920,1080,2,background=0;full_court=1
tennis_fullcourt,tennis,full_court_segmentation,train,vlcsnap-2023-11-20-12h15m27s878.png,data/tennis_fullcourt/images/train/vlcsnap-2023-11-20-12h15m27s878.png,data/tennis_fullcourt/masks/train/vlcsnap-2023-11-20-12h15m27s878.png,6215eb8c847e6deccf655a70166afa142968430b622a07f0bf1abeb8ac1a6c9e,ecd7e1b51e32bfb8e8a8c734a1ab10fb6679732dbc2be114ca3e5f5d00656959,1920,1080,2,background=0;full_court=1
tennis_fullcourt,tennis,full_court_segmentation,train,vlcsnap-2023-11-20-12h15m35s352.png,data/tennis_fullcourt/images/train/vlcsnap-2023-11-20-12h15m35s352.png,data/tennis_fullcourt/masks/train/vlcsnap-2023-11-20-12h15m35s352.png,6c26604f1e3f13a52290129297f352391488ded4dac70e2fcb2bbe4b57b0840e,c84e3a8e670384962f82cf53052953a5991706b9edb484a387036705161e3c11,1920,1080,2,background=0;full_court=1
tennis_fullcourt,tennis,full_court_segmentation,train,vlcsnap-2023-11-20-12h15m40s812.png,data/tennis_fullcourt/images/train/vlcsnap-2023-11-20-12h15m40s812.png,data/tennis_fullcourt/masks/train/vlcsnap-2023-11-20-12h15m40s812.png,0deaea59895ae607e81a31241b41049f6b17c1daa3c6f8fd6e996e1449ad9569,acc839199d0c7ceb83649c73666b59d42bae6c498f4f0a756532f69ff4ddd4a9,1920,1080,2,background=0;full_court=1
tennis_fullcourt,tennis,full_court_segmentation,train,vlcsnap-2023-11-20-12h15m53s920.png,data/tennis_fullcourt/images/train/vlcsnap-2023-11-20-12h15m53s920.png,data/tennis_fullcourt/masks/train/vlcsnap-2023-11-20-12h15m53s920.png,d5d64d119ff5b4ae137e57c5053f19bf27dee256200caf08bb4ddfc620399d95,f47d09de0edfc503582e4d04266b4f099cd98331629646e9c9304c71c748f22c,1920,1080,2,background=0;full_court=1
tennis_fullcourt,tennis,full_court_segmentation,train,vlcsnap-2023-11-20-12h16m08s459.png,data/tennis_fullcourt/images/train/vlcsnap-2023-11-20-12h16m08s459.png,data/tennis_fullcourt/masks/train/vlcsnap-2023-11-20-12h16m08s459.png,eede4650e22e90dafde770aca81f7bf5dfd4e7a0390996957873315a0a3765f1,ab512c9a02e3e256d39020ae648de7156f3fd743bdf3c47a14d448a243011521,1920,1080,2,background=0;full_court=1
tennis_fullcourt,tennis,full_court_segmentation,train,vlcsnap-2023-11-20-12h16m25s987.png,data/tennis_fullcourt/images/train/vlcsnap-2023-11-20-12h16m25s987.png,data/tennis_fullcourt/masks/train/vlcsnap-2023-11-20-12h16m25s987.png,9fdd45421f5ade9602ec9c361c2b15b3e37654d8bcfb374b891e4fa0b4cafed9,ab512c9a02e3e256d39020ae648de7156f3fd743bdf3c47a14d448a243011521,1920,1080,2,background=0;full_court=1
tennis_fullcourt,tennis,full_court_segmentation,train,vlcsnap-2023-11-20-12h16m39s802.png,data/tennis_fullcourt/images/train/vlcsnap-2023-11-20-12h16m39s802.png,data/tennis_fullcourt/masks/train/vlcsnap-2023-11-20-12h16m39s802.png,501242afeb31e3df108dea6e3a9a845a16edf7e35c827521fd223f86b9a72681,8ac3737a0622da9c4522cef530a7700ff06b07f6c4d2a131152528e10df8cf98,1920,1080,2,background=0;full_court=1
tennis_fullcourt,tennis,full_court_segmentation,train,vlcsnap-2023-11-20-12h16m49s716.png,data/tennis_fullcourt/images/train/vlcsnap-2023-11-20-12h16m49s716.png,data/tennis_fullcourt/masks/train/vlcsnap-2023-11-20-12h16m49s716.png,35dcb5ae530ea306e01aed036af17604031c1977bb2c2bc8c247ffd7c9098b27,8ac3737a0622da9c4522cef530a7700ff06b07f6c4d2a131152528e10df8cf98,1920,1080,2,background=0;full_court=1
tennis_fullcourt,tennis,full_court_segmentation,train,vlcsnap-2023-11-20-12h17m18s928.png,data/tennis_fullcourt/images/train/vlcsnap-2023-11-20-12h17m18s928.png,data/tennis_fullcourt/masks/train/vlcsnap-2023-11-20-12h17m18s928.png,9e368ff716899b95fe6cacfdf2f59aa8d5f99050269c22a55faac3bcd53fb892,afc0b2c1690b7783791d7a6b3d353dee565f3a67c8347700b6862eb6ff921b4f,1920,1080,2,background=0;full_court=1
tennis_fullcourt,tennis,full_court_segmentation,train,vlcsnap-2023-11-20-12h17m23s744.png,data/tennis_fullcourt/images/train/vlcsnap-2023-11-20-12h17m23s744.png,data/tennis_fullcourt/masks/train/vlcsnap-2023-11-20-12h17m23s744.png,49639381061584026929ee6b2baf32f9b6bed89cc8fe7a4d9164209c21dbfb5a,5556260a5e0dabbf2302b8a24b0f534ba27e53b03aefa222f808254fc2d85a70,1920,1080,2,background=0;full_court=1
tennis_fullcourt,tennis,full_court_segmentation,train,vlcsnap-2023-11-20-12h17m37s708.png,data/tennis_fullcourt/images/train/vlcsnap-2023-11-20-12h17m37s708.png,data/tennis_fullcourt/masks/train/vlcsnap-2023-11-20-12h17m37s708.png,e0c57ea89f2ba78adb92e7ae02966a221294460d303148c45a54a9c0ac1bbbb0,31cd75d6697ee372b5fdfcb34e9fa173f78169727520173fd00768908999d6d3,1920,1080,2,background=0;full_court=1
tennis_fullcourt,tennis,full_court_segmentation,train,vlcsnap-2023-11-20-12h18m06s718.png,data/tennis_fullcourt/images/train/vlcsnap-2023-11-20-12h18m06s718.png,data/tennis_fullcourt/masks/train/vlcsnap-2023-11-20-12h18m06s718.png,853a638f33aa1051e2e3598ccee5088d0222397f849bd7c70fb745fb7db90d3c,cfe044e189af60e7b890570150801c669867ad561f7283274aace19367b27861,1920,1080,2,background=0;full_court=1
tennis_fullcourt,tennis,full_court_segmentation,train,vlcsnap-2023-11-20-12h18m11s200.png,data/tennis_fullcourt/images/train/vlcsnap-2023-11-20-12h18m11s200.png,data/tennis_fullcourt/masks/train/vlcsnap-2023-11-20-12h18m11s200.png,5deabc9a319d1d9c8c2b6f1ec44d9222e0ae6fe446718005c3286f01152c45c9,294e4a9c4bfb0adacb2c3ed8ba17dcb1e5e3b078cdf4df1ab1b8d3f13e0a0255,1920,1080,2,background=0;full_court=1
tennis_fullcourt,tennis,full_court_segmentation,train,vlcsnap-2023-11-20-12h18m14s993.png,data/tennis_fullcourt/images/train/vlcsnap-2023-11-20-12h18m14s993.png,data/tennis_fullcourt/masks/train/vlcsnap-2023-11-20-12h18m14s993.png,3b94bc9d1914fdc1b5427b336b5e645e92e1bcfd0c5ecb17561d1e30644421e1,22dcae74f8b4fadca5ca58b5f9362a75f3f04bce466493f3a6416cd432189af9,1920,1080,2,background=0;full_court=1
tennis_fullcourt,tennis,full_court_segmentation,train,vlcsnap-2023-11-20-12h18m29s965.png,data/tennis_fullcourt/images/train/vlcsnap-2023-11-20-12h18m29s965.png,data/tennis_fullcourt/masks/train/vlcsnap-2023-11-20-12h18m29s965.png,5d335ffd432814fc1a97aa4b46be721515e83a5e499578a7e50afb6600716d92,28fdebdda1e158a2515140babf6b65a25e5c289aee5f684e28be2a953d9728b8,1920,1080,2,background=0;full_court=1
tennis_fullcourt,tennis,full_court_segmentation,train,vlcsnap-2023-11-20-12h18m36s948.png,data/tennis_fullcourt/images/train/vlcsnap-2023-11-20-12h18m36s948.png,data/tennis_fullcourt/masks/train/vlcsnap-2023-11-20-12h18m36s948.png,e7d890ee49663078e23ebb43128649697cf9081a21700d905068f609fec99c9c,9c5da36d8ee4e5f699f70753e54d015524fccf77419ecc189bcb4fa4568f40b8,1920,1080,2,background=0;full_court=1
tennis_fullcourt,tennis,full_court_segmentation,train,vlcsnap-2023-11-20-12h18m41s824.png,data/tennis_fullcourt/images/train/vlcsnap-2023-11-20-12h18m41s824.png,data/tennis_fullcourt/masks/train/vlcsnap-2023-11-20-12h18m41s824.png,311028babb03dec004bcc5daeea33f2a7602c55886bc273377a96fe11940e193,f35bec41a9938e055ca42ec00a617ff4d471b16851b18c559480dda6181339ba,1920,1080,2,background=0;full_court=1
tennis_fullcourt,tennis,full_court_segmentation,train,vlcsnap-2023-11-20-12h19m06s381.png,data/tennis_fullcourt/images/train/vlcsnap-2023-11-20-12h19m06s381.png,data/tennis_fullcourt/masks/train/vlcsnap-2023-11-20-12h19m06s381.png,ccd64576dc23f9ff15b50a3f1334c3e320dbf1a4b60ef2c8261610e50f11853a,539e71fde1ec1a61bbe0af87cac6a78114d1392f625fa5e566f47074c2be6b36,1920,1080,2,background=0;full_court=1
tennis_fullcourt,tennis,full_court_segmentation,train,vlcsnap-2023-11-20-12h19m13s162.png,data/tennis_fullcourt/images/train/vlcsnap-2023-11-20-12h19m13s162.png,data/tennis_fullcourt/masks/train/vlcsnap-2023-11-20-12h19m13s162.png,c17262b4fbc77b28298efcc4a484223d2dd39e2ac1edbc6f59f9f16c3cea8df4,f07d2cad38cd6bf7591a8e9c70748205ddac5288e5fba6f218d2e687265678df,1920,1080,2,background=0;full_court=1
tennis_fullcourt,tennis,full_court_segmentation,train,vlcsnap-2023-11-20-12h19m23s682.png,data/tennis_fullcourt/images/train/vlcsnap-2023-11-20-12h19m23s682.png,data/tennis_fullcourt/masks/train/vlcsnap-2023-11-20-12h19m23s682.png,819add52d20f38821e0cb11c161c4cd0cfcd45896fe9a45d5c11de39d5bc4941,9c6aa65e8b354b06a960658f30c8fd7253a67678f477f6b2185ce68883a09786,1920,1080,2,background=0;full_court=1
tennis_fullcourt,tennis,full_court_segmentation,train,vlcsnap-2023-11-20-12h19m35s710.png,data/tennis_fullcourt/images/train/vlcsnap-2023-11-20-12h19m35s710.png,data/tennis_fullcourt/masks/train/vlcsnap-2023-11-20-12h19m35s710.png,bb6d8e1d4ad91415383e6181a118a9d9c6ae2dcc3779b976d3371824422cfd91,0d538196e3ce951a66358dc29511b137ec239afe5e52aa044052646a4ec49f02,1920,1080,2,background=0;full_court=1
tennis_fullcourt,tennis,full_court_segmentation,train,vlcsnap-2023-11-20-12h19m41s603.png,data/tennis_fullcourt/images/train/vlcsnap-2023-11-20-12h19m41s603.png,data/tennis_fullcourt/masks/train/vlcsnap-2023-11-20-12h19m41s603.png,5afd72a954f3861ebbefff2897a08ccdf9de61381cf88ba65a4a19d5a18553d2,9701161888d181b706b66142233004234cf2afd4b406b8c1a9fb7afe1e47ec69,1920,1080,2,background=0;full_court=1
tennis_fullcourt,tennis,full_court_segmentation,train,vlcsnap-2023-11-20-12h19m46s709.png,data/tennis_fullcourt/images/train/vlcsnap-2023-11-20-12h19m46s709.png,data/tennis_fullcourt/masks/train/vlcsnap-2023-11-20-12h19m46s709.png,f5c78cad85a70227275e92051679d27fe914125bef5074ff1f09e0c08fda611c,22278f9e80b5886f8449e6cc806ca42a835a2671535e3e1185d68f098d7606a3,1920,1080,2,background=0;full_court=1
tennis_fullcourt,tennis,full_court_segmentation,train,vlcsnap-2023-11-20-12h19m55s986.png,data/tennis_fullcourt/images/train/vlcsnap-2023-11-20-12h19m55s986.png,data/tennis_fullcourt/masks/train/vlcsnap-2023-11-20-12h19m55s986.png,f6d7b970463b0f73c6a2c9f59568157e21f4c78950d78245f61da39ca78f9d89,b8ea5cf17fac6761ecc3670ea655974d45c3b81ca68c6795561745e0bc4f4b56,1920,1080,2,background=0;full_court=1
tennis_fullcourt,tennis,full_court_segmentation,train,vlcsnap-2023-11-20-12h20m07s954.png,data/tennis_fullcourt/images/train/vlcsnap-2023-11-20-12h20m07s954.png,data/tennis_fullcourt/masks/train/vlcsnap-2023-11-20-12h20m07s954.png,0c2adde38c29cd65512664d048bf19baf75f0ab2f16177cf98dd2137010aaf42,f20aae5cc718751c7e28f78225b2cb9022b5015641a9eac00f1cf37f1ed89c84,1920,1080,2,background=0;full_court=1
tennis_fullcourt,tennis,full_court_segmentation,train,vlcsnap-2023-11-20-12h20m14s107.png,data/tennis_fullcourt/images/train/vlcsnap-2023-11-20-12h20m14s107.png,data/tennis_fullcourt/masks/train/vlcsnap-2023-11-20-12h20m14s107.png,5af34ecdf093b6c0e029b031aeeca4b0b242b79912925a512535c0ac4d868af2,f20aae5cc718751c7e28f78225b2cb9022b5015641a9eac00f1cf37f1ed89c84,1920,1080,2,background=0;full_court=1
tennis_fullcourt,tennis,full_court_segmentation,train,vlcsnap-2023-11-20-12h20m18s492.png,data/tennis_fullcourt/images/train/vlcsnap-2023-11-20-12h20m18s492.png,data/tennis_fullcourt/masks/train/vlcsnap-2023-11-20-12h20m18s492.png,a730583d2784d634aca77ff70531b405467685d03888c155656bd4d443aaa629,6a3be5ffc58c7f8c7cfbdbe3cd26b35fae6a977bf8a3377685a2384c97108d5b,1920,1080,2,background=0;full_court=1
tennis_fullcourt,tennis,full_court_segmentation,train,vlcsnap-2023-11-20-12h20m26s770.png,data/tennis_fullcourt/images/train/vlcsnap-2023-11-20-12h20m26s770.png,data/tennis_fullcourt/masks/train/vlcsnap-2023-11-20-12h20m26s770.png,f43ffadae8b204b749ea2f7f02538ff07d50f77def97068e17b0f28b7c5f6155,ec3ee00ddce3b64a92e9432be5f1af13c1cde72499ae46ed2d71543bfe67d5ac,1920,1080,2,background=0;full_court=1
tennis_fullcourt,tennis,full_court_segmentation,train,vlcsnap-2023-11-20-12h20m38s948.png,data/tennis_fullcourt/images/train/vlcsnap-2023-11-20-12h20m38s948.png,data/tennis_fullcourt/masks/train/vlcsnap-2023-11-20-12h20m38s948.png,5e41f5e756e927be07f9f73fe86a81ca874a52473995740cb3134e4989de94a2,855996cd60f87d5ff61ba7abdb30af7edcad3d90b3adfb04e407474f81dc14e2,1920,1080,2,background=0;full_court=1
tennis_fullcourt,tennis,full_court_segmentation,train,vlcsnap-2023-11-20-12h20m45s219.png,data/tennis_fullcourt/images/train/vlcsnap-2023-11-20-12h20m45s219.png,data/tennis_fullcourt/masks/train/vlcsnap-2023-11-20-12h20m45s219.png,4000135c25434b056a2c5fb198ca557cbbcaf9cd849fccdce7f3551ce74277b6,296cbea358fa2ee01afdb820af58ced5f721158ab13acbfd9728e215a07a76ba,1920,1080,2,background=0;full_court=1
tennis_fullcourt,tennis,full_court_segmentation,train,vlcsnap-2023-11-20-12h20m59s141.png,data/tennis_fullcourt/images/train/vlcsnap-2023-11-20-12h20m59s141.png,data/tennis_fullcourt/masks/train/vlcsnap-2023-11-20-12h20m59s141.png,21617ae7349c5c29831286c82286c636447a4eca6d1f5159d4fde39f5ed641f2,86476bce09af5d672ea72b2c1e2e6a0d7a878521ce631c7a881bf08bb348db54,1920,1080,2,background=0;full_court=1
tennis_fullcourt,tennis,full_court_segmentation,train,vlcsnap-2023-11-20-12h21m04s056.png,data/tennis_fullcourt/images/train/vlcsnap-2023-11-20-12h21m04s056.png,data/tennis_fullcourt/masks/train/vlcsnap-2023-11-20-12h21m04s056.png,1c4b7f37b63be17a7101f33aa45f15acd2e71c43994aaa6dcac2280934fe5269,61f6346dbd97bfb619d37d0592ac3140d7f10d78df6767b73db3f9b2f9ee636a,1920,1080,2,background=0;full_court=1
tennis_fullcourt,tennis,full_court_segmentation,train,vlcsnap-2023-11-20-12h21m16s122.png,data/tennis_fullcourt/images/train/vlcsnap-2023-11-20-12h21m16s122.png,data/tennis_fullcourt/masks/train/vlcsnap-2023-11-20-12h21m16s122.png,5d0a26eebd374de0e358b841da648f8b4185531f3fd383474cce1ccc47db545e,825c4d78cfa89015068ae3b0b19a92aa49babb58c27e24366e82164fb15dd465,1920,1080,2,background=0;full_court=1
tennis_fullcourt,tennis,full_court_segmentation,train,vlcsnap-2023-11-20-12h21m21s282.png,data/tennis_fullcourt/images/train/vlcsnap-2023-11-20-12h21m21s282.png,data/tennis_fullcourt/masks/train/vlcsnap-2023-11-20-12h21m21s282.png,4e118a4caf859b816219502fde49c2d5c21e2803528f3539ca80f1d03e925f4a,a604e292bc869249463a2d81e31983d5bb1e33e11ab2353848a47828e8dbee36,1920,1080,2,background=0;full_court=1
tennis_fullcourt,tennis,full_court_segmentation,train,vlcsnap-2023-11-20-12h21m42s809.png,data/tennis_fullcourt/images/train/vlcsnap-2023-11-20-12h21m42s809.png,data/tennis_fullcourt/masks/train/vlcsnap-2023-11-20-12h21m42s809.png,df977e4d4052e8a58ef3c76188696813f24e8b9487966bd3707390bec74bc534,08a5d0b3cd5b8af5382a8bfcf2e277c986a670ac050b8b9e6e62a2c3563e384f,1920,1080,2,background=0;full_court=1
tennis_fullcourt,tennis,full_court_segmentation,train,vlcsnap-2023-11-20-12h22m02s244.png,data/tennis_fullcourt/images/train/vlcsnap-2023-11-20-12h22m02s244.png,data/tennis_fullcourt/masks/train/vlcsnap-2023-11-20-12h22m02s244.png,9ad2a72ad354bd5abe883eb326430dfba287222dc9e9d05411e42d728ca3cf07,833675aa41ec7cc89b41543efc93a1783ec6646e33a223e278a7e96fd3ec7663,1920,1080,2,background=0;full_court=1
tennis_fullcourt,tennis,full_court_segmentation,train,vlcsnap-2023-11-20-12h22m06s751.png,data/tennis_fullcourt/images/train/vlcsnap-2023-11-20-12h22m06s751.png,data/tennis_fullcourt/masks/train/vlcsnap-2023-11-20-12h22m06s751.png,20a46119551e50f965c240be9507df311ce68355994475d4bd49502bcb838417,5802de93181d17c41920661c03439bcaff1e16c3def1fb3c69ba3529ea118eb1,1920,1080,2,background=0;full_court=1
tennis_fullcourt,tennis,full_court_segmentation,train,vlcsnap-2023-11-20-12h22m11s647.png,data/tennis_fullcourt/images/train/vlcsnap-2023-11-20-12h22m11s647.png,data/tennis_fullcourt/masks/train/vlcsnap-2023-11-20-12h22m11s647.png,a6bd87396c5ba32acd13e6dd5a97c233f99c66c9cf7bad72168ec2756661f064,693df549902721bfb7e8d6971e4c1b48f20aa13fefc5f806943e33b13bc3889c,1920,1080,2,background=0;full_court=1
tennis_fullcourt,tennis,full_court_segmentation,train,vlcsnap-2023-11-20-12h22m31s677.png,data/tennis_fullcourt/images/train/vlcsnap-2023-11-20-12h22m31s677.png,data/tennis_fullcourt/masks/train/vlcsnap-2023-11-20-12h22m31s677.png,8531475f2aa00d57d0401578cfc586b264cfbe2769a1ec94907fbdbfcc7ab6cf,5922ec7514588268584eb845aee77f172d9143b0ea89f515dfc463ff443b62a4,1920,1080,2,background=0;full_court=1
tennis_fullcourt,tennis,full_court_segmentation,train,vlcsnap-2023-11-20-12h22m37s167.png,data/tennis_fullcourt/images/train/vlcsnap-2023-11-20-12h22m37s167.png,data/tennis_fullcourt/masks/train/vlcsnap-2023-11-20-12h22m37s167.png,8963f796bd231ae8f203968b6621e6bc185f8da44c595ded160dbbd56a2f38af,9f75abf6382dd410f85af4ec89c36921d2539515e1486c3e88b3f1532f3430ee,1920,1080,2,background=0;full_court=1
tennis_fullcourt,tennis,full_court_segmentation,train,vlcsnap-2023-11-20-12h22m42s645.png,data/tennis_fullcourt/images/train/vlcsnap-2023-11-20-12h22m42s645.png,data/tennis_fullcourt/masks/train/vlcsnap-2023-11-20-12h22m42s645.png,339b5e52b45f1f8197645de6a68478aa6f6552f415e6dd7b5033a34d57c4bccc,9f75abf6382dd410f85af4ec89c36921d2539515e1486c3e88b3f1532f3430ee,1920,1080,2,background=0;full_court=1
tennis_fullcourt,tennis,full_court_segmentation,train,vlcsnap-2023-11-20-12h23m06s753.png,data/tennis_fullcourt/images/train/vlcsnap-2023-11-20-12h23m06s753.png,data/tennis_fullcourt/masks/train/vlcsnap-2023-11-20-12h23m06s753.png,a70fe5575e3ed2381394e15978e3fa1a4497484138955db68e44a993abc5bb1c,7975f739930ad971aec85e0da0313cdac5cd1a1f2ce2146d1398f8fe906f316d,1920,1080,2,background=0;full_court=1
tennis_fullcourt,tennis,full_court_segmentation,train,vlcsnap-2023-11-20-12h23m11s219.png,data/tennis_fullcourt/images/train/vlcsnap-2023-11-20-12h23m11s219.png,data/tennis_fullcourt/masks/train/vlcsnap-2023-11-20-12h23m11s219.png,c42ce5fad5daba4efa6570a670f814974ff6c87da772967b48ed2ddce095c97c,9a3dbb5930eeb518f761ea5ef1b75b7c0cdec4037376e1b8f2f8e5a27a7a2620,1920,1080,2,background=0;full_court=1
tennis_fullcourt,tennis,full_court_segmentation,train,vlcsnap-2023-11-20-12h23m21s790.png,data/tennis_fullcourt/images/train/vlcsnap-2023-11-20-12h23m21s790.png,data/tennis_fullcourt/masks/train/vlcsnap-2023-11-20-12h23m21s790.png,cd630fd98e6f68c074aa3863078c2ce6992645fbab3b2fd4d7102f4590aa4926,b6c7e772f1642e67e0d9b81a9b7a34226f0e14bda83ce428321314810c2fb4e5,1920,1080,2,background=0;full_court=1
tennis_fullcourt,tennis,full_court_segmentation,train,vlcsnap-2023-11-20-12h23m25s533.png,data/tennis_fullcourt/images/train/vlcsnap-2023-11-20-12h23m25s533.png,data/tennis_fullcourt/masks/train/vlcsnap-2023-11-20-12h23m25s533.png,a909a86419e5975c4ad0d61c5c9cab5ef931bf5e190127db5de5d0b827138212,b6c7e772f1642e67e0d9b81a9b7a34226f0e14bda83ce428321314810c2fb4e5,1920,1080,2,background=0;full_court=1
tennis_fullcourt,tennis,full_court_segmentation,train,vlcsnap-2023-11-20-12h23m37s504.png,data/tennis_fullcourt/images/train/vlcsnap-2023-11-20-12h23m37s504.png,data/tennis_fullcourt/masks/train/vlcsnap-2023-11-20-12h23m37s504.png,b99533c84af541d2540ecc2d22fb9794c3379fdcee95d28ee39951d20d9d934a,774383183aa8a0ae6218801b07936cc6d93d2ab79ea7b7760af352dd1850fef6,1920,1080,2,background=0;full_court=1
tennis_fullcourt,tennis,full_court_segmentation,train,vlcsnap-2023-11-20-12h23m42s236.png,data/tennis_fullcourt/images/train/vlcsnap-2023-11-20-12h23m42s236.png,data/tennis_fullcourt/masks/train/vlcsnap-2023-11-20-12h23m42s236.png,ae249d824e095895b0f027bf2079cbee9c1acacb60a8269066f0a7cddf727d83,11b0cdaaa7b6f57ec8e211ebad7401b097928abfb9fc5067fc144ee80113296b,1920,1080,2,background=0;full_court=1
tennis_fullcourt,tennis,full_court_segmentation,train,vlcsnap-2023-11-20-12h23m47s165.png,data/tennis_fullcourt/images/train/vlcsnap-2023-11-20-12h23m47s165.png,data/tennis_fullcourt/masks/train/vlcsnap-2023-11-20-12h23m47s165.png,f21499c929cd5f6c3cb899403030e60266d27eff34850dfae891261fe71c6e0d,11b0cdaaa7b6f57ec8e211ebad7401b097928abfb9fc5067fc144ee80113296b,1920,1080,2,background=0;full_court=1
tennis_fullcourt,tennis,full_court_segmentation,train,vlcsnap-2023-11-20-12h24m02s126.png,data/tennis_fullcourt/images/train/vlcsnap-2023-11-20-12h24m02s126.png,data/tennis_fullcourt/masks/train/vlcsnap-2023-11-20-12h24m02s126.png,fcd82802b904e842ca984bf2ff7aebf4f21d19c3bc99bc1b3ac7aba6b4990a96,418dd53bf29849362f0c20156004de3a456ff5d899d76a5459ee4ef112900a23,1920,1080,2,background=0;full_court=1
tennis_fullcourt,tennis,full_court_segmentation,train,vlcsnap-2023-11-20-12h24m12s698.png,data/tennis_fullcourt/images/train/vlcsnap-2023-11-20-12h24m12s698.png,data/tennis_fullcourt/masks/train/vlcsnap-2023-11-20-12h24m12s698.png,7f65673738beef2f6398bfc2e06a2bc0a3fdd2b9b2e3cad253868be1db361bd2,1265134584516f7ec45205e6ba0f762006443f3c57b4b2c507855be2656bc152,1920,1080,2,background=0;full_court=1
tennis_fullcourt,tennis,full_court_segmentation,train,vlcsnap-2023-11-20-12h24m18s835.png,data/tennis_fullcourt/images/train/vlcsnap-2023-11-20-12h24m18s835.png,data/tennis_fullcourt/masks/train/vlcsnap-2023-11-20-12h24m18s835.png,133020d449f715066e7017e5c73d4a4c21e9b345b30acd72cf4a1bad2fbf3cfa,1265134584516f7ec45205e6ba0f762006443f3c57b4b2c507855be2656bc152,1920,1080,2,background=0;full_court=1
tennis_fullcourt,tennis,full_court_segmentation,train,vlcsnap-2023-11-20-12h24m37s057.png,data/tennis_fullcourt/images/train/vlcsnap-2023-11-20-12h24m37s057.png,data/tennis_fullcourt/masks/train/vlcsnap-2023-11-20-12h24m37s057.png,ac7f23749566da6c27f086dd12891c9fa493659f9426a176a94cc074eefb915e,a48f22c1da0350bed80731ac0ded48ebfc89a2421beddf8216ff829485232d84,1920,1080,2,background=0;full_court=1
tennis_fullcourt,tennis,full_court_segmentation,train,vlcsnap-2023-11-20-12h24m45s729.png,data/tennis_fullcourt/images/train/vlcsnap-2023-11-20-12h24m45s729.png,data/tennis_fullcourt/masks/train/vlcsnap-2023-11-20-12h24m45s729.png,354f92b366be1ce27866dbae60adaaa2124d0f541a6f1cc99288546c934aa9c5,60743f83d34b11d02b3c749d837a2076aefebc819682e04e950ea7c25c412f8d,1920,1080,2,background=0;full_court=1
tennis_fullcourt,tennis,full_court_segmentation,train,vlcsnap-2023-11-20-12h25m06s609.png,data/tennis_fullcourt/images/train/vlcsnap-2023-11-20-12h25m06s609.png,data/tennis_fullcourt/masks/train/vlcsnap-2023-11-20-12h25m06s609.png,28697b48e073a4d1ea7aebbec72ea32f561452e31a2e884e0572679b132286cd,8bd6897d5fa45590251f80dbc3ff8f98fc1359ff0ea288ea93c04be21d59eaa8,1920,1080,2,background=0;full_court=1
tennis_fullcourt,tennis,full_court_segmentation,train,vlcsnap-2023-11-20-12h25m11s066.png,data/tennis_fullcourt/images/train/vlcsnap-2023-11-20-12h25m11s066.png,data/tennis_fullcourt/masks/train/vlcsnap-2023-11-20-12h25m11s066.png,03fc142f2fd45eb17c06aba6983bfa421828b4baa22b26a4dea896aad0f2b1c6,95ed3d2d4a13dd3e9a2ed7a91cbc96cfc15b57139d76829736a1682645906c11,1920,1080,2,background=0;full_court=1
tennis_fullcourt,tennis,full_court_segmentation,train,vlcsnap-2023-11-20-12h25m15s224.png,data/tennis_fullcourt/images/train/vlcsnap-2023-11-20-12h25m15s224.png,data/tennis_fullcourt/masks/train/vlcsnap-2023-11-20-12h25m15s224.png,6378464c1a3c3603b50a0af1ac31d7eee2df08649b6140a54b423331079ba7c2,5e2d437a7738c1b13fd21cb0578ce5a3688afa65a6eafcb538e55e25f70ae9e0,1920,1080,2,background=0;full_court=1
tennis_fullcourt,tennis,full_court_segmentation,train,vlcsnap-2023-11-20-12h25m40s809.png,data/tennis_fullcourt/images/train/vlcsnap-2023-11-20-12h25m40s809.png,data/tennis_fullcourt/masks/train/vlcsnap-2023-11-20-12h25m40s809.png,e0d25f2a114526a1e4041160c3cda05aa111767767541ae8568b434f2e45c3fe,002f128b4cee00e681d8e6e6a6be09c434361a1afe0f567000c0685be55ad33b,1920,1080,2,background=0;full_court=1
tennis_fullcourt,tennis,full_court_segmentation,train,vlcsnap-2023-11-20-12h25m49s863.png,data/tennis_fullcourt/images/train/vlcsnap-2023-11-20-12h25m49s863.png,data/tennis_fullcourt/masks/train/vlcsnap-2023-11-20-12h25m49s863.png,95cfd97bbda4484e9c84798e6a9cef2df2f97b7cd64564f6019663db56c30950,6ee317a28fbbdeb4f3f17e38bfbb993b8c974d250e2c8fb3b7c9f3d29033a326,1920,1080,2,background=0;full_court=1
tennis_fullcourt,tennis,full_court_segmentation,train,vlcsnap-2023-11-20-12h26m14s710.png,data/tennis_fullcourt/images/train/vlcsnap-2023-11-20-12h26m14s710.png,data/tennis_fullcourt/masks/train/vlcsnap-2023-11-20-12h26m14s710.png,ad799c39e241a08c633013e175fe1c840f15cdab3bf5b516fa4df2b4c1a5ee61,11089e71de0dfb1a07212895f604b8b55494224c14560b9f565a9ea35757f4e7,1920,1080,2,background=0;full_court=1
tennis_fullcourt,tennis,full_court_segmentation,train,vlcsnap-2023-11-20-12h26m41s466.png,data/tennis_fullcourt/images/train/vlcsnap-2023-11-20-12h26m41s466.png,data/tennis_fullcourt/masks/train/vlcsnap-2023-11-20-12h26m41s466.png,58c7c6648dd6e98fe00a4100d3a465a69b5f2d9671e127f32ac31b7468ee4f95,286495984e542776554f40eb61c4ca6dcbe6248224c630976212b7b5c9254c59,1920,1080,2,background=0;full_court=1
tennis_fullcourt,tennis,full_court_segmentation,train,vlcsnap-2023-11-20-12h26m59s503.png,data/tennis_fullcourt/images/train/vlcsnap-2023-11-20-12h26m59s503.png,data/tennis_fullcourt/masks/train/vlcsnap-2023-11-20-12h26m59s503.png,0f00a34fb8aff37115f5ae24272d7d6c96205d40894df1a76f905212c6d0a95f,523bf0ec9d0ac65ea59ec5058d960806a3ee946f74e993e2458ac4f5aa8cc556,1920,1080,2,background=0;full_court=1
tennis_fullcourt,tennis,full_court_segmentation,train,vlcsnap-2023-11-20-12h27m03s973.png,data/tennis_fullcourt/images/train/vlcsnap-2023-11-20-12h27m03s973.png,data/tennis_fullcourt/masks/train/vlcsnap-2023-11-20-12h27m03s973.png,704fdf3d540d9515a2f56aed63832fb398584419accddcf62f90ca7ef5a07629,6d4e5d903c3b65b1bb9d04e38aacae12e8bf004722d58ccc429a7560d256ac7d,1920,1080,2,background=0;full_court=1
tennis_fullcourt,tennis,full_court_segmentation,train,vlcsnap-2023-11-20-12h27m07s264.png,data/tennis_fullcourt/images/train/vlcsnap-2023-11-20-12h27m07s264.png,data/tennis_fullcourt/masks/train/vlcsnap-2023-11-20-12h27m07s264.png,d82883da178876d005bbc3d3510c381bdda61423212b9028daf1eed7f985806c,6d4e5d903c3b65b1bb9d04e38aacae12e8bf004722d58ccc429a7560d256ac7d,1920,1080,2,background=0;full_court=1
tennis_fullcourt,tennis,full_court_segmentation,train,vlcsnap-2023-11-20-12h27m10s789.png,data/tennis_fullcourt/images/train/vlcsnap-2023-11-20-12h27m10s789.png,data/tennis_fullcourt/masks/train/vlcsnap-2023-11-20-12h27m10s789.png,0e7fb86f181898ce6209a65675cbcb3117bbba2bee0d6f6c273259e348b125b1,6d4e5d903c3b65b1bb9d04e38aacae12e8bf004722d58ccc429a7560d256ac7d,1920,1080,2,background=0;full_court=1
tennis_fullcourt,tennis,full_court_segmentation,train,vlcsnap-2023-11-20-12h27m20s252.png,data/tennis_fullcourt/images/train/vlcsnap-2023-11-20-12h27m20s252.png,data/tennis_fullcourt/masks/train/vlcsnap-2023-11-20-12h27m20s252.png,d92a6561e070fdbba07fa8f39f5b6895452776f0a3f5b023c7ab04026a1ae534,098c35b95cfb182131be30f8b67b1477d56faffe3890293217ea52791d7dc1fa,1920,1080,2,background=0;full_court=1
tennis_fullcourt,tennis,full_court_segmentation,train,vlcsnap-2023-11-20-12h27m23s893.png,data/tennis_fullcourt/images/train/vlcsnap-2023-11-20-12h27m23s893.png,data/tennis_fullcourt/masks/train/vlcsnap-2023-11-20-12h27m23s893.png,1dbabe13989c0560660a867a8bee8c6052a16511ca78a09f7276ac0df16afd38,3489078b3e3f09d339b335efc32fb4f6e935aa691fd8da41f1b9031edbc70031,1920,1080,2,background=0;full_court=1
tennis_fullcourt,tennis,full_court_segmentation,train,vlcsnap-2023-11-20-12h27m27s945.png,data/tennis_fullcourt/images/train/vlcsnap-2023-11-20-12h27m27s945.png,data/tennis_fullcourt/masks/train/vlcsnap-2023-11-20-12h27m27s945.png,6826cba5aef208db0daa880c105f71a108e26388ce91636e0deb9c1af4a80d1f,473308cca9c12525a7bd5f48a8c824cfb2d1e16b26c5280041d6a8cdf011dfa3,1920,1080,2,background=0;full_court=1
tennis_fullcourt,tennis,full_court_segmentation,train,vlcsnap-2023-11-20-12h27m36s927.png,data/tennis_fullcourt/images/train/vlcsnap-2023-11-20-12h27m36s927.png,data/tennis_fullcourt/masks/train/vlcsnap-2023-11-20-12h27m36s927.png,b0cad9c2b3188b8c6585df1ff821c1cd66da2c6d02c76b8e203566a97b0eaed0,f1a2b93424348bdc127e704878de7492b95cb0dcdf3d0e28b3a3ae59e8719dd2,1920,1080,2,background=0;full_court=1
tennis_fullcourt,tennis,full_court_segmentation,train,vlcsnap-2023-11-20-12h27m46s361.png,data/tennis_fullcourt/images/train/vlcsnap-2023-11-20-12h27m46s361.png,data/tennis_fullcourt/masks/train/vlcsnap-2023-11-20-12h27m46s361.png,9908df38097b893f4daa15e4029e60b1efea6d86e8e712908ddc0c64fedaca9e,6b1af35a26ff5bc84ee053051829b7d6cccb0764eb339f3fb9d65460e10c73fa,1920,1080,2,background=0;full_court=1
tennis_fullcourt,tennis,full_court_segmentation,train,vlcsnap-2023-11-20-12h27m50s477.png,data/tennis_fullcourt/images/train/vlcsnap-2023-11-20-12h27m50s477.png,data/tennis_fullcourt/masks/train/vlcsnap-2023-11-20-12h27m50s477.png,23c395c2fa76a4aba5b2d85115b7f16d4be3f83d0f8f58389bb681d3950d8b8d,8ad4fe7e70e888460716f853268d4d68b4d1b27f24ae5e16c426840dbdef3c06,1920,1080,2,background=0;full_court=1
tennis_fullcourt,tennis,full_court_segmentation,train,vlcsnap-2023-11-20-12h28m09s133.png,data/tennis_fullcourt/images/train/vlcsnap-2023-11-20-12h28m09s133.png,data/tennis_fullcourt/masks/train/vlcsnap-2023-11-20-12h28m09s133.png,0e81ea919292accb9188d9b52cce6c904710f73ea5944700cc5e74b29b34aaab,e9d3c1dee119aeb3d8b442a056b7cf9741620cf3d7ce6d8d68558a7f8053c8d5,1920,1080,2,background=0;full_court=1
tennis_fullcourt,tennis,full_court_segmentation,train,vlcsnap-2023-11-20-12h28m14s435.png,data/tennis_fullcourt/images/train/vlcsnap-2023-11-20-12h28m14s435.png,data/tennis_fullcourt/masks/train/vlcsnap-2023-11-20-12h28m14s435.png,0d471330065f8b9916b554c3f813a13f1a675339f2fcc2d15ef89ae29d7f416e,e9d3c1dee119aeb3d8b442a056b7cf9741620cf3d7ce6d8d68558a7f8053c8d5,1920,1080,2,background=0;full_court=1
tennis_fullcourt,tennis,full_court_segmentation,train,vlcsnap-2023-11-20-12h28m18s847.png,data/tennis_fullcourt/images/train/vlcsnap-2023-11-20-12h28m18s847.png,data/tennis_fullcourt/masks/train/vlcsnap-2023-11-20-12h28m18s847.png,12622c0738043834b1870443dba50b5bd23bfa392cc6db427049eb13e5a6cb06,e9d3c1dee119aeb3d8b442a056b7cf9741620cf3d7ce6d8d68558a7f8053c8d5,1920,1080,2,background=0;full_court=1
tennis_fullcourt,tennis,full_court_segmentation,train,vlcsnap-2023-11-20-12h28m23s227.png,data/tennis_fullcourt/images/train/vlcsnap-2023-11-20-12h28m23s227.png,data/tennis_fullcourt/masks/train/vlcsnap-2023-11-20-12h28m23s227.png,196d8ea8d6bba84f54fbb4158252f458919510f9a7ce218bb4c25a3af67d6512,ad6074b633dfb9e257730929c00ad89806400f1d813b65e856751f22c997161e,1920,1080,2,background=0;full_court=1
tennis_fullcourt,tennis,full_court_segmentation,train,vlcsnap-2023-11-20-12h28m38s639.png,data/tennis_fullcourt/images/train/vlcsnap-2023-11-20-12h28m38s639.png,data/tennis_fullcourt/masks/train/vlcsnap-2023-11-20-12h28m38s639.png,d3f63606ccde2ccc61be94f14e4120e71edbec5fc4263608fdbdd17a41c692db,73b04b936ac31b85dc2ab48f7b6754cfc007ad0395e054c9ab0c1b81069facca,1920,1080,2,background=0;full_court=1
tennis_fullcourt,tennis,full_court_segmentation,train,vlcsnap-2023-11-20-12h28m43s106.png,data/tennis_fullcourt/images/train/vlcsnap-2023-11-20-12h28m43s106.png,data/tennis_fullcourt/masks/train/vlcsnap-2023-11-20-12h28m43s106.png,d2dc9edfd2d36dc852031ce9193d9404adceb83ae7a35b5ed7882ddf722d2cd8,c200885ae65111ecbe83ceae9b21f44e6d82ca5700b3ba76ba441deed17891b9,1920,1080,2,background=0;full_court=1
tennis_fullcourt,tennis,full_court_segmentation,train,vlcsnap-2023-11-20-12h28m47s912.png,data/tennis_fullcourt/images/train/vlcsnap-2023-11-20-12h28m47s912.png,data/tennis_fullcourt/masks/train/vlcsnap-2023-11-20-12h28m47s912.png,49806325c9dc3bea1cb790781c02897faa81c1064b9de832917c92b4ad87add5,c200885ae65111ecbe83ceae9b21f44e6d82ca5700b3ba76ba441deed17891b9,1920,1080,2,background=0;full_court=1
tennis_fullcourt,tennis,full_court_segmentation,train,vlcsnap-2023-11-20-12h28m52s428.png,data/tennis_fullcourt/images/train/vlcsnap-2023-11-20-12h28m52s428.png,data/tennis_fullcourt/masks/train/vlcsnap-2023-11-20-12h28m52s428.png,864002a005fffaf981ea57fc273adbc0b2856b918fc35acc5dc0f08a47947b81,c200885ae65111ecbe83ceae9b21f44e6d82ca5700b3ba76ba441deed17891b9,1920,1080,2,background=0;full_court=1
tennis_fullcourt,tennis,full_court_segmentation,train,vlcsnap-2023-11-20-12h29m07s466.png,data/tennis_fullcourt/images/train/vlcsnap-2023-11-20-12h29m07s466.png,data/tennis_fullcourt/masks/train/vlcsnap-2023-11-20-12h29m07s466.png,8372307ca9b5af20ad9c0d54eff39efcaabc5f407bf64b73c07d553ef25915b9,7935d489eab1cef8f561e2e8e8541c0bebd789f14754e6b46f884ee66d25b37c,1920,1080,2,background=0;full_court=1
tennis_fullcourt,tennis,full_court_segmentation,train,vlcsnap-2023-11-20-12h29m32s473.png,data/tennis_fullcourt/images/train/vlcsnap-2023-11-20-12h29m32s473.png,data/tennis_fullcourt/masks/train/vlcsnap-2023-11-20-12h29m32s473.png,d1db4dd66264325944f318272e64f3d53ec91455c1a0cdd18af316bd0f4716d3,111f87b0e85522932df39281841d43012f1db808aaf5db081746b9ea3dca1ec9,1920,1080,2,background=0;full_court=1
tennis_fullcourt,tennis,full_court_segmentation,train,vlcsnap-2023-11-20-12h29m36s775.png,data/tennis_fullcourt/images/train/vlcsnap-2023-11-20-12h29m36s775.png,data/tennis_fullcourt/masks/train/vlcsnap-2023-11-20-12h29m36s775.png,9df1e61f36cfdd0c4f6717ef5daa7a8e83a31a7e783b3bfdda758f6fddb337d1,438fa14328edcd65b145c3d354ff0b75644cf279a63c84b307dd122b4e01e536,1920,1080,2,background=0;full_court=1
tennis_fullcourt,tennis,full_court_segmentation,train,vlcsnap-2023-11-20-12h29m40s290.png,data/tennis_fullcourt/images/train/vlcsnap-2023-11-20-12h29m40s290.png,data/tennis_fullcourt/masks/train/vlcsnap-2023-11-20-12h29m40s290.png,21338e6d11942fd459672fc5f3efda8410e5e7650cfd86fb5c9bbfe00fc46934,25a90da54f037ddbbd75c51dfa02863898f07cb4def263872908ee236d8cc07d,1920,1080,2,background=0;full_court=1
tennis_fullcourt,tennis,full_court_segmentation,train,vlcsnap-2023-11-27-16h15m44s582.png,data/tennis_fullcourt/images/train/vlcsnap-2023-11-27-16h15m44s582.png,data/tennis_fullcourt/masks/train/vlcsnap-2023-11-27-16h15m44s582.png,d1db4dd66264325944f318272e64f3d53ec91455c1a0cdd18af316bd0f4716d3,8031f859b021ed94ea2a217acd2ebab74db79bee1cd1612c3be8c995487e4092,1920,1080,2,background=0;full_court=1
tennis_fullcourt,tennis,full_court_segmentation,train,vlcsnap-2023-11-27-16h15m54s840.png,data/tennis_fullcourt/images/train/vlcsnap-2023-11-27-16h15m54s840.png,data/tennis_fullcourt/masks/train/vlcsnap-2023-11-27-16h15m54s840.png,4024975ad20930173f7c1b36fd3e3aba8689bd476cb4f8f9e8fc9af6ac89754f,3b4aae9891556388cd7eadcc2cb3972e4fe0193ec1d543e19da9bfc4e3c0a332,1920,1080,2,background=0;full_court=1
tennis_fullcourt,tennis,full_court_segmentation,train,vlcsnap-2023-11-27-16h16m33s174.png,data/tennis_fullcourt/images/train/vlcsnap-2023-11-27-16h16m33s174.png,data/tennis_fullcourt/masks/train/vlcsnap-2023-11-27-16h16m33s174.png,3f74da98fc4e37fa8a7a040713485eecb24c3bd166b9cd31a4afa54face83d6c,55c165546b367aa5c588b17621846ec31c1de453da7a5c2560e1f3cfad17272a,1920,1080,2,background=0;full_court=1
tennis_fullcourt,tennis,full_court_segmentation,train,vlcsnap-2023-11-27-16h16m37s023.png,data/tennis_fullcourt/images/train/vlcsnap-2023-11-27-16h16m37s023.png,data/tennis_fullcourt/masks/train/vlcsnap-2023-11-27-16h16m37s023.png,3ee4ed708dc574ced357c70b9af34aab78ba36f618835df6222e5aeec6680d7b,ebcbed12035f66a75e3f193e18436195d89e6eed604bb4c74938a71dcdfeda8f,1920,1080,2,background=0;full_court=1
tennis_fullcourt,tennis,full_court_segmentation,train,vlcsnap-2023-11-27-16h16m40s574.png,data/tennis_fullcourt/images/train/vlcsnap-2023-11-27-16h16m40s574.png,data/tennis_fullcourt/masks/train/vlcsnap-2023-11-27-16h16m40s574.png,00295ecf636a0129a2564a8e10349c85ade6ac59664cf98a90942367c8067e78,6f4fc19ab02c6270e3efa49f2535ce02b52191190ca780e933e1427d35077e95,1920,1080,2,background=0;full_court=1
tennis_fullcourt,tennis,full_court_segmentation,train,vlcsnap-2023-11-27-16h18m39s789.png,data/tennis_fullcourt/images/train/vlcsnap-2023-11-27-16h18m39s789.png,data/tennis_fullcourt/masks/train/vlcsnap-2023-11-27-16h18m39s789.png,ba1e90e9f175e75bd08712529f1cf6c2776349c960d03365d653302443360841,6f111ad67f61abf441949480b3f8c35a61e7a0ebe0ef917bfda3be66db209a99,1920,1080,2,background=0;full_court=1
tennis_fullcourt,tennis,full_court_segmentation,train,vlcsnap-2023-11-27-16h18m44s904.png,data/tennis_fullcourt/images/train/vlcsnap-2023-11-27-16h18m44s904.png,data/tennis_fullcourt/masks/train/vlcsnap-2023-11-27-16h18m44s904.png,d8f8c7131ed76542e0ea30af770eb6f6be5e464558ef6881c3ba190ca3677daf,6f111ad67f61abf441949480b3f8c35a61e7a0ebe0ef917bfda3be66db209a99,1920,1080,2,background=0;full_court=1
tennis_fullcourt,tennis,full_court_segmentation,train,vlcsnap-2023-11-27-16h18m50s159.png,data/tennis_fullcourt/images/train/vlcsnap-2023-11-27-16h18m50s159.png,data/tennis_fullcourt/masks/train/vlcsnap-2023-11-27-16h18m50s159.png,209a6fbe7ca88f94f7b5e8e61c4fe8d874bd676274b5ad3a247a24c4d96fb09e,6f111ad67f61abf441949480b3f8c35a61e7a0ebe0ef917bfda3be66db209a99,1920,1080,2,background=0;full_court=1
tennis_fullcourt,tennis,full_court_segmentation,train,vlcsnap-2023-11-27-16h20m51s242.png,data/tennis_fullcourt/images/train/vlcsnap-2023-11-27-16h20m51s242.png,data/tennis_fullcourt/masks/train/vlcsnap-2023-11-27-16h20m51s242.png,0e81ea919292accb9188d9b52cce6c904710f73ea5944700cc5e74b29b34aaab,674c801af46df3017ee1757479ec68658fb63c53d1dff4ed646fbe9172cf9fcf,1920,1080,2,background=0;full_court=1
tennis_fullcourt,tennis,full_court_segmentation,train,vlcsnap-2023-11-27-16h20m56s288.png,data/tennis_fullcourt/images/train/vlcsnap-2023-11-27-16h20m56s288.png,data/tennis_fullcourt/masks/train/vlcsnap-2023-11-27-16h20m56s288.png,6fc848d321a19de14134738b16414b751bd342c7994ca46200ce8fd5241066a0,674c801af46df3017ee1757479ec68658fb63c53d1dff4ed646fbe9172cf9fcf,1920,1080,2,background=0;full_court=1
tennis_fullcourt,tennis,full_court_segmentation,train,vlcsnap-2023-11-27-16h21m01s656.png,data/tennis_fullcourt/images/train/vlcsnap-2023-11-27-16h21m01s656.png,data/tennis_fullcourt/masks/train/vlcsnap-2023-11-27-16h21m01s656.png,1c44173a9a46dc3f5d0353875089bf156de034a2af88e403d855f05518c539b2,674c801af46df3017ee1757479ec68658fb63c53d1dff4ed646fbe9172cf9fcf,1920,1080,2,background=0;full_court=1
tennis_fullcourt,tennis,full_court_segmentation,train,vlcsnap-2023-11-27-16h21m05s812.png,data/tennis_fullcourt/images/train/vlcsnap-2023-11-27-16h21m05s812.png,data/tennis_fullcourt/masks/train/vlcsnap-2023-11-27-16h21m05s812.png,e0ec8d36fca6cff7ba239ead591bb76bcf7e1b6f9bd9b6de8cec05b744cfc772,808840935c1622d409346254f67746f2b85af7cf5f99319ac1adbb685e20aef3,1920,1080,2,background=0;full_court=1
tennis_fullcourt,tennis,full_court_segmentation,train,vlcsnap-2023-11-27-16h21m21s087.png,data/tennis_fullcourt/images/train/vlcsnap-2023-11-27-16h21m21s087.png,data/tennis_fullcourt/masks/train/vlcsnap-2023-11-27-16h21m21s087.png,9908df38097b893f4daa15e4029e60b1efea6d86e8e712908ddc0c64fedaca9e,1820d625c769ae248241a7fbd2329f5d4cef7edb20d8f2238e42313369758404,1920,1080,2,background=0;full_court=1
tennis_fullcourt,tennis,full_court_segmentation,train,vlcsnap-2023-11-27-16h21m32s785.png,data/tennis_fullcourt/images/train/vlcsnap-2023-11-27-16h21m32s785.png,data/tennis_fullcourt/masks/train/vlcsnap-2023-11-27-16h21m32s785.png,a1f7da9072efe6c5d6c56479ff1a4ce46f71e28702cb146d4f43625a84e64b85,9f6491041c19ec2e8c6e990e5156ddc3843c63855d4423828e539d093d30dfff,1920,1080,2,background=0;full_court=1
tennis_fullcourt,tennis,full_court_segmentation,train,vlcsnap-2023-11-27-16h21m39s372.png,data/tennis_fullcourt/images/train/vlcsnap-2023-11-27-16h21m39s372.png,data/tennis_fullcourt/masks/train/vlcsnap-2023-11-27-16h21m39s372.png,4e23a5af546d1959a4292a7c37da6c7492d9d1f0b8ceaaa9c2bff733d15fcd84,cae18a733d7b52f17a9ab8905bdf3d7b17f33e2df19d7064c327f998eeb11c7d,1920,1080,2,background=0;full_court=1
tennis_fullcourt,tennis,full_court_segmentation,train,vlcsnap-2023-11-27-16h22m01s609.png,data/tennis_fullcourt/images/train/vlcsnap-2023-11-27-16h22m01s609.png,data/tennis_fullcourt/masks/train/vlcsnap-2023-11-27-16h22m01s609.png,5d287d9e3e6a21342e9863f8eb3073fd57fbc3655aeb99baac3df62f484d30d8,461a69ab7cab41fde3fb2479203cfb34066ef9d1fe3eddc94f78f3d114fdfc0c,1920,1080,2,background=0;full_court=1
tennis_fullcourt,tennis,full_court_segmentation,train,vlcsnap-2023-11-27-16h23m35s206.png,data/tennis_fullcourt/images/train/vlcsnap-2023-11-27-16h23m35s206.png,data/tennis_fullcourt/masks/train/vlcsnap-2023-11-27-16h23m35s206.png,d92a6561e070fdbba07fa8f39f5b6895452776f0a3f5b023c7ab04026a1ae534,fdb8f26d5f4bad90239245c1d972781a35d1af2e90fb5f6e66779b8b0ed76fb7,1920,1080,2,background=0;full_court=1
tennis_fullcourt,tennis,full_court_segmentation,train,vlcsnap-2023-11-27-16h23m39s126.png,data/tennis_fullcourt/images/train/vlcsnap-2023-11-27-16h23m39s126.png,data/tennis_fullcourt/masks/train/vlcsnap-2023-11-27-16h23m39s126.png,53825b745445ecc6de49ead58670012b90a8481d05ca873ed6efe2a3770b3bbc,fdb8f26d5f4bad90239245c1d972781a35d1af2e90fb5f6e66779b8b0ed76fb7,1920,1080,2,background=0;full_court=1
tennis_fullcourt,tennis,full_court_segmentation,train,vlcsnap-2023-11-27-16h23m43s185.png,data/tennis_fullcourt/images/train/vlcsnap-2023-11-27-16h23m43s185.png,data/tennis_fullcourt/masks/train/vlcsnap-2023-11-27-16h23m43s185.png,6926a7917c87863213a191dee495891ccf4cc34dbc0c338bbcc7f9304d22eba1,78b195d1db83b28de06f149eead0e383d5c7108f9063a4f37602b21cae16d2be,1920,1080,2,background=0;full_court=1
tennis_fullcourt,tennis,full_court_segmentation,train,vlcsnap-2023-11-27-16h23m58s641.png,data/tennis_fullcourt/images/train/vlcsnap-2023-11-27-16h23m58s641.png,data/tennis_fullcourt/masks/train/vlcsnap-2023-11-27-16h23m58s641.png,efd2c3d53f3f9ed2dc0d596ae57f393e6899838713b11bf5da29fea8ff12cf74,c2372773694cb268aeba7dd3f82e6045b728812ebd40fa4fc46be75abf0a9dd9,1920,1080,2,background=0;full_court=1
tennis_fullcourt,tennis,full_court_segmentation,train,vlcsnap-2023-11-27-16h24m17s708.png,data/tennis_fullcourt/images/train/vlcsnap-2023-11-27-16h24m17s708.png,data/tennis_fullcourt/masks/train/vlcsnap-2023-11-27-16h24m17s708.png,0f00a34fb8aff37115f5ae24272d7d6c96205d40894df1a76f905212c6d0a95f,b5f24c78973a789ed834357dbdfc90941c9d8c1990e82f4ad9d8f4ecf14d56d7,1920,1080,2,background=0;full_court=1
tennis_fullcourt,tennis,full_court_segmentation,train,vlcsnap-2023-11-27-16h24m24s324.png,data/tennis_fullcourt/images/train/vlcsnap-2023-11-27-16h24m24s324.png,data/tennis_fullcourt/masks/train/vlcsnap-2023-11-27-16h24m24s324.png,669a7a3a78b1026c40b5f8b5f25617235f76cea4eac28f37666da44f00b7cd4c,b5f24c78973a789ed834357dbdfc90941c9d8c1990e82f4ad9d8f4ecf14d56d7,1920,1080,2,background=0;full_court=1
tennis_fullcourt,tennis,full_court_segmentation,train,vlcsnap-2023-11-27-16h24m28s149.png,data/tennis_fullcourt/images/train/vlcsnap-2023-11-27-16h24m28s149.png,data/tennis_fullcourt/masks/train/vlcsnap-2023-11-27-16h24m28s149.png,d6f5299eb6b706a6b266f1e61cc0ef521d3a937afe93bc14042eb7b11295130e,10d4604208d7855e31d82a81f1fa9f42e4bea0622a8741b3b2b4d7c92b1132be,1920,1080,2,background=0;full_court=1
tennis_fullcourt,tennis,full_court_segmentation,train,vlcsnap-2023-11-27-16h24m48s871.png,data/tennis_fullcourt/images/train/vlcsnap-2023-11-27-16h24m48s871.png,data/tennis_fullcourt/masks/train/vlcsnap-2023-11-27-16h24m48s871.png,95cfd97bbda4484e9c84798e6a9cef2df2f97b7cd64564f6019663db56c30950,e129818b2f39b52ba57ab6a1ed95da94a77d6c7649029fc138e9a77dc8c676c0,1920,1080,2,background=0;full_court=1
tennis_fullcourt,tennis,full_court_segmentation,train,vlcsnap-2023-11-27-16h24m57s566.png,data/tennis_fullcourt/images/train/vlcsnap-2023-11-27-16h24m57s566.png,data/tennis_fullcourt/masks/train/vlcsnap-2023-11-27-16h24m57s566.png,7f8ee210347bc35c2ee2a7d99869864bb38e52907e8e928452fe66e806726b63,7eaf976f2a06376e6910933698c97ff2eb92aa6fa024aff496b2871e1976e1be,1920,1080,2,background=0;full_court=1
tennis_fullcourt,tennis,full_court_segmentation,train,vlcsnap-2023-11-27-16h25m23s352.png,data/tennis_fullcourt/images/train/vlcsnap-2023-11-27-16h25m23s352.png,data/tennis_fullcourt/masks/train/vlcsnap-2023-11-27-16h25m23s352.png,58c7c6648dd6e98fe00a4100d3a465a69b5f2d9671e127f32ac31b7468ee4f95,b3e57da22487b538bd0831701ad9175d3e70cf781ff75fda029316579f85638f,1920,1080,2,background=0;full_court=1
tennis_fullcourt,tennis,full_court_segmentation,train,vlcsnap-2023-11-27-16h25m48s421.png,data/tennis_fullcourt/images/train/vlcsnap-2023-11-27-16h25m48s421.png,data/tennis_fullcourt/masks/train/vlcsnap-2023-11-27-16h25m48s421.png,28697b48e073a4d1ea7aebbec72ea32f561452e31a2e884e0572679b132286cd,8bd6897d5fa45590251f80dbc3ff8f98fc1359ff0ea288ea93c04be21d59eaa8,1920,1080,2,background=0;full_court=1
tennis_fullcourt,tennis,full_court_segmentation,train,vlcsnap-2023-11-27-16h25m58s494.png,data/tennis_fullcourt/images/train/vlcsnap-2023-11-27-16h25m58s494.png,data/tennis_fullcourt/masks/train/vlcsnap-2023-11-27-16h25m58s494.png,ff220f0813069ef325887f20b54c6d09920e6ed6bc6386173a289579d7019224,5fa0fa487fd2f5b2698114afc9a49eb809e669510d91090d758f31a7c2180ce3,1920,1080,2,background=0;full_court=1
tennis_fullcourt,tennis,full_court_segmentation,train,vlcsnap-2023-11-27-16h26m03s173.png,data/tennis_fullcourt/images/train/vlcsnap-2023-11-27-16h26m03s173.png,data/tennis_fullcourt/masks/train/vlcsnap-2023-11-27-16h26m03s173.png,64d6d9db0ad51f645b0b763bc7ba9b7c4ba93cbfcb8a279fa56cb41dad7d9fa0,6aea6f3a8bb19d77fe1079db7e2f92ea8f5690fc5b51634f921e750b2105816f,1920,1080,2,background=0;full_court=1
tennis_fullcourt,tennis,full_court_segmentation,train,vlcsnap-2023-11-27-16h26m08s771.png,data/tennis_fullcourt/images/train/vlcsnap-2023-11-27-16h26m08s771.png,data/tennis_fullcourt/masks/train/vlcsnap-2023-11-27-16h26m08s771.png,8deb76079f218426fb8177e6e888a79336977eb5b3181521a19b004da6bc17ec,6aea6f3a8bb19d77fe1079db7e2f92ea8f5690fc5b51634f921e750b2105816f,1920,1080,2,background=0;full_court=1
tennis_fullcourt,tennis,full_court_segmentation,train,vlcsnap-2023-11-27-16h26m39s405.png,data/tennis_fullcourt/images/train/vlcsnap-2023-11-27-16h26m39s405.png,data/tennis_fullcourt/masks/train/vlcsnap-2023-11-27-16h26m39s405.png,ac7f23749566da6c27f086dd12891c9fa493659f9426a176a94cc074eefb915e,a48f22c1da0350bed80731ac0ded48ebfc89a2421beddf8216ff829485232d84,1920,1080,2,background=0;full_court=1
tennis_fullcourt,tennis,full_court_segmentation,train,vlcsnap-2023-11-27-16h27m58s920.png,data/tennis_fullcourt/images/train/vlcsnap-2023-11-27-16h27m58s920.png,data/tennis_fullcourt/masks/train/vlcsnap-2023-11-27-16h27m58s920.png,f243ae5b2dea32f611502a117f68d04fc5ec76d0f7ac016a3e9594242863ee74,a48f22c1da0350bed80731ac0ded48ebfc89a2421beddf8216ff829485232d84,1920,1080,2,background=0;full_court=1
tennis_fullcourt,tennis,full_court_segmentation,train,vlcsnap-2023-11-27-16h28m09s129.png,data/tennis_fullcourt/images/train/vlcsnap-2023-11-27-16h28m09s129.png,data/tennis_fullcourt/masks/train/vlcsnap-2023-11-27-16h28m09s129.png,db933dae7ddec86ebed5994be0ac15f5716c31175d9a8f95ccc13466065ec701,72262df27de7faf5120dd7726c888ecb891a6794de865bfbf557bd71beeb0ab8,1920,1080,2,background=0;full_court=1
tennis_fullcourt,tennis,full_court_segmentation,train,vlcsnap-2023-11-27-16h28m33s703.png,data/tennis_fullcourt/images/train/vlcsnap-2023-11-27-16h28m33s703.png,data/tennis_fullcourt/masks/train/vlcsnap-2023-11-27-16h28m33s703.png,fcd82802b904e842ca984bf2ff7aebf4f21d19c3bc99bc1b3ac7aba6b4990a96,f51dbcaeb5370bee714ebeac78e0bf50fad7db4e78793593693e2d828bcfbeb1,1920,1080,2,background=0;full_court=1
tennis_fullcourt,tennis,full_court_segmentation,train,vlcsnap-2023-11-27-16h28m38s584.png,data/tennis_fullcourt/images/train/vlcsnap-2023-11-27-16h28m38s584.png,data/tennis_fullcourt/masks/train/vlcsnap-2023-11-27-16h28m38s584.png,4014bdc3406d15c5417aa6cf2d6234d3dad2cda5e51bf9089a46ba63cdeaf501,f51dbcaeb5370bee714ebeac78e0bf50fad7db4e78793593693e2d828bcfbeb1,1920,1080,2,background=0;full_court=1
tennis_fullcourt,tennis,full_court_segmentation,train,vlcsnap-2023-11-27-16h29m00s224.png,data/tennis_fullcourt/images/train/vlcsnap-2023-11-27-16h29m00s224.png,data/tennis_fullcourt/masks/train/vlcsnap-2023-11-27-16h29m00s224.png,0d51891aa6cd39482755a1c11391190b80c3957f2545215e2f7b27c8d779faf2,b0f89c44e2a4f6a8cfd1f82706bed8884c84189661622378518688fca06fafb4,1920,1080,2,background=0;full_court=1
tennis_fullcourt,tennis,full_court_segmentation,train,vlcsnap-2023-11-27-16h29m22s739.png,data/tennis_fullcourt/images/train/vlcsnap-2023-11-27-16h29m22s739.png,data/tennis_fullcourt/masks/train/vlcsnap-2023-11-27-16h29m22s739.png,b99533c84af541d2540ecc2d22fb9794c3379fdcee95d28ee39951d20d9d934a,11b0cdaaa7b6f57ec8e211ebad7401b097928abfb9fc5067fc144ee80113296b,1920,1080,2,background=0;full_court=1
tennis_fullcourt,tennis,full_court_segmentation,train,vlcsnap-2023-11-27-16h29m26s810.png,data/tennis_fullcourt/images/train/vlcsnap-2023-11-27-16h29m26s810.png,data/tennis_fullcourt/masks/train/vlcsnap-2023-11-27-16h29m26s810.png,3422684643db8ee316d707cb4ad7921de9c7ba4475397499d750619314536923,11b0cdaaa7b6f57ec8e211ebad7401b097928abfb9fc5067fc144ee80113296b,1920,1080,2,background=0;full_court=1
tennis_fullcourt,tennis,full_court_segmentation,train,vlcsnap-2023-11-27-16h29m34s951.png,data/tennis_fullcourt/images/train/vlcsnap-2023-11-27-16h29m34s951.png,data/tennis_fullcourt/masks/train/vlcsnap-2023-11-27-16h29m34s951.png,b168f5992f771651a9c12a0143f7c41f8f995fc97ff261501661a2ba604cf2ac,11b0cdaaa7b6f57ec8e211ebad7401b097928abfb9fc5067fc144ee80113296b,1920,1080,2,background=0;full_court=1
tennis_fullcourt,tennis,full_court_segmentation,train,vlcsnap-2023-11-27-16h29m49s863.png,data/tennis_fullcourt/images/train/vlcsnap-2023-11-27-16h29m49s863.png,data/tennis_fullcourt/masks/train/vlcsnap-2023-11-27-16h29m49s863.png,a70fe5575e3ed2381394e15978e3fa1a4497484138955db68e44a993abc5bb1c,f4c8d8ac533158a2c09f6155cb07d83dfa35a243898499a879db2a70074411ad,1920,1080,2,background=0;full_court=1
tennis_fullcourt,tennis,full_court_segmentation,train,vlcsnap-2023-11-27-16h29m55s437.png,data/tennis_fullcourt/images/train/vlcsnap-2023-11-27-16h29m55s437.png,data/tennis_fullcourt/masks/train/vlcsnap-2023-11-27-16h29m55s437.png,b7b320b359d37a0a29c7b6e0e65f7c9369e90dbc7db37afa3a72afedfe060f1c,c0e6a882f6b9b511c446d2caa76ea734a3af9c78057fe64e3e5aef509be3d414,1920,1080,2,background=0;full_court=1
tennis_fullcourt,tennis,full_court_segmentation,train,vlcsnap-2023-11-27-16h29m59s093.png,data/tennis_fullcourt/images/train/vlcsnap-2023-11-27-16h29m59s093.png,data/tennis_fullcourt/masks/train/vlcsnap-2023-11-27-16h29m59s093.png,5d5731859ebc64f1c0013795f5b6ee353a08d465724fb4148a8594f9fc2c3435,b6c7e772f1642e67e0d9b81a9b7a34226f0e14bda83ce428321314810c2fb4e5,1920,1080,2,background=0;full_court=1
tennis_fullcourt,tennis,full_court_segmentation,train,vlcsnap-2023-11-27-16h30m03s502.png,data/tennis_fullcourt/images/train/vlcsnap-2023-11-27-16h30m03s502.png,data/tennis_fullcourt/masks/train/vlcsnap-2023-11-27-16h30m03s502.png,91ea3c7a172f13b90b86c756a78616c010f1dece20f7220a1d4e092aeb21c3dc,b6c7e772f1642e67e0d9b81a9b7a34226f0e14bda83ce428321314810c2fb4e5,1920,1080,2,background=0;full_court=1
tennis_fullcourt,tennis,full_court_segmentation,train,vlcsnap-2023-11-27-16h34m38s170.png,data/tennis_fullcourt/images/train/vlcsnap-2023-11-27-16h34m38s170.png,data/tennis_fullcourt/masks/train/vlcsnap-2023-11-27-16h34m38s170.png,8531475f2aa00d57d0401578cfc586b264cfbe2769a1ec94907fbdbfcc7ab6cf,775a98045b34c2964b63436319f6611a4786732edd35f9be77d948ef5ac3c978,1920,1080,2,background=0;full_court=1
tennis_fullcourt,tennis,full_court_segmentation,train,vlcsnap-2023-11-27-16h34m43s317.png,data/tennis_fullcourt/images/train/vlcsnap-2023-11-27-16h34m43s317.png,data/tennis_fullcourt/masks/train/vlcsnap-2023-11-27-16h34m43s317.png,a78cf737ebe02f54721e553356e2a25c5f7ab21587903dc8295dd1aa118e8440,2658ab970ed02d308461447114c9bcc0d817fb68ff7e8d9173f59cb875897dee,1920,1080,2,background=0;full_court=1
tennis_fullcourt,tennis,full_court_segmentation,train,vlcsnap-2023-11-27-16h34m47s356.png,data/tennis_fullcourt/images/train/vlcsnap-2023-11-27-16h34m47s356.png,data/tennis_fullcourt/masks/train/vlcsnap-2023-11-27-16h34m47s356.png,fed565b30e4648be8afed9b2247dcafba1b1b423301ca20299660b707b6b0330,c775d25c60a5b3c290ceb115b277272f0aad412f179ff67c6e651417702a7504,1920,1080,2,background=0;full_court=1
tennis_fullcourt,tennis,full_court_segmentation,train,vlcsnap-2023-11-27-16h34m51s680.png,data/tennis_fullcourt/images/train/vlcsnap-2023-11-27-16h34m51s680.png,data/tennis_fullcourt/masks/train/vlcsnap-2023-11-27-16h34m51s680.png,1c3b12efc56bfdac908c0cb0d2c210573d8db1339defc7c03467ede83f440982,c775d25c60a5b3c290ceb115b277272f0aad412f179ff67c6e651417702a7504,1920,1080,2,background=0;full_court=1
tennis_fullcourt,tennis,full_court_segmentation,train,vlcsnap-2023-11-27-16h34m56s587.png,data/tennis_fullcourt/images/train/vlcsnap-2023-11-27-16h34m56s587.png,data/tennis_fullcourt/masks/train/vlcsnap-2023-11-27-16h34m56s587.png,c9f91076c4dba48e92589f13b5d53bdde211ff85b1655f50ae42be8bf36f0218,0fec019ed61352b73905828455805a67cec97b0b4b28ae6ede357755a0a854bb,1920,1080,2,background=0;full_court=1
tennis_fullcourt,tennis,full_court_segmentation,train,vlcsnap-2023-11-27-16h35m52s017.png,data/tennis_fullcourt/images/train/vlcsnap-2023-11-27-16h35m52s017.png,data/tennis_fullcourt/masks/train/vlcsnap-2023-11-27-16h35m52s017.png,25a645380c5378fa8aeb0c3b3b7e573a93056fe388b8951c253d34d1750fc25d,38323834524449daee7f5302f06603a6bb0a249285f28ca141030a05e114e6c8,1920,1080,2,background=0;full_court=1
tennis_fullcourt,tennis,full_court_segmentation,train,vlcsnap-2023-11-27-16h37m40s366.png,data/tennis_fullcourt/images/train/vlcsnap-2023-11-27-16h37m40s366.png,data/tennis_fullcourt/masks/train/vlcsnap-2023-11-27-16h37m40s366.png,c7222cb790964e4cac63147e7fb5e864f8ae373a53152c8a9d1aeab56360ca17,ad01a9e7bfd9fb883c334231f4bf1e8774e9beeafe5d47b5afd8595fdc83d379,1920,1080,2,background=0;full_court=1
tennis_fullcourt,tennis,full_court_segmentation,train,vlcsnap-2023-11-27-16h37m46s286.png,data/tennis_fullcourt/images/train/vlcsnap-2023-11-27-16h37m46s286.png,data/tennis_fullcourt/masks/train/vlcsnap-2023-11-27-16h37m46s286.png,4fd2748187997e3a13112844fc589ea2f6df140fdb0ec9ebda5667a1ba2f4ad1,fc3e470e9193895a3d8a0f29c45948f3d73f359985ed18387d29ced2172d7c01,1920,1080,2,background=0;full_court=1
tennis_fullcourt,tennis,full_court_segmentation,train,vlcsnap-2023-11-27-16h38m28s537.png,data/tennis_fullcourt/images/train/vlcsnap-2023-11-27-16h38m28s537.png,data/tennis_fullcourt/masks/train/vlcsnap-2023-11-27-16h38m28s537.png,3c4ebb44688f4c0f05ab8ea3ca86eaa75b93368bccf0febf08d2dc89a75a53b1,6bf6c28739a5d17b507bc3b494d3cdf9f1c989ce7a678b563856a58ad8c97a00,1920,1080,2,background=0;full_court=1
tennis_fullcourt,tennis,full_court_segmentation,train,vlcsnap-2023-11-27-16h39m01s763.png,data/tennis_fullcourt/images/train/vlcsnap-2023-11-27-16h39m01s763.png,data/tennis_fullcourt/masks/train/vlcsnap-2023-11-27-16h39m01s763.png,1a70fce4bee4afcefede46daeff7a8a61f8382fbfcf42e0cdd22598e287a84a9,ba5e1201af266549c8f38c5f9dda4cfd6711741dfce4e6f3b8de69067a81867d,1920,1080,2,background=0;full_court=1
tennis_fullcourt,tennis,full_court_segmentation,train,vlcsnap-2023-11-27-16h39m23s458.png,data/tennis_fullcourt/images/train/vlcsnap-2023-11-27-16h39m23s458.png,data/tennis_fullcourt/masks/train/vlcsnap-2023-11-27-16h39m23s458.png,746d989c74a7938868ade57c223aa3c102670607b6b257256bad9ef872cfbbc5,e634ab6ef6bb227af0eb8f5895823591498c2f362862fbf3e390933995715485,1920,1080,2,background=0;full_court=1
tennis_fullcourt,tennis,full_court_segmentation,train,vlcsnap-2023-11-27-16h39m34s829.png,data/tennis_fullcourt/images/train/vlcsnap-2023-11-27-16h39m34s829.png,data/tennis_fullcourt/masks/train/vlcsnap-2023-11-27-16h39m34s829.png,5659a64e3dcd920fdae65943898a507c9ab377f6d9d2d7d882ba3241a49c831c,e634ab6ef6bb227af0eb8f5895823591498c2f362862fbf3e390933995715485,1920,1080,2,background=0;full_court=1
tennis_fullcourt,tennis,full_court_segmentation,train,vlcsnap-2023-11-27-16h41m52s059.png,data/tennis_fullcourt/images/train/vlcsnap-2023-11-27-16h41m52s059.png,data/tennis_fullcourt/masks/train/vlcsnap-2023-11-27-16h41m52s059.png,e4778f55586391e26a942b3113c0690d73f90b07ca8f10e53a9dc327345ab0cc,47da9e4adced949bb19b4fa03ce3a6ac8a24330ed923037bb4973560b47172be,1920,1080,2,background=0;full_court=1
tennis_fullcourt,tennis,full_court_segmentation,train,vlcsnap-2023-11-27-16h42m44s685.png,data/tennis_fullcourt/images/train/vlcsnap-2023-11-27-16h42m44s685.png,data/tennis_fullcourt/masks/train/vlcsnap-2023-11-27-16h42m44s685.png,44039bb38b524c73f87ec9675234af6c5094fc9982bd9d4aae3fcee30a866d08,1cb699980f052ba0d51e1d349090d67cfdec920da7a7913abc32a37448921a10,1920,1080,2,background=0;full_court=1
tennis_fullcourt,tennis,full_court_segmentation,train,vlcsnap-2023-11-27-16h42m50s949.png,data/tennis_fullcourt/images/train/vlcsnap-2023-11-27-16h42m50s949.png,data/tennis_fullcourt/masks/train/vlcsnap-2023-11-27-16h42m50s949.png,920f9597438fe8cf2e0087d50189f2a0e21144246a66862f0f7aef9d03fd11de,f496925d5bbafe7bbd6b28d52c02b79e30d4adcdddf09c54346ebebf0c124509,1920,1080,2,background=0;full_court=1
tennis_fullcourt,tennis,full_court_segmentation,train,vlcsnap-2023-11-27-16h42m57s256.png,data/tennis_fullcourt/images/train/vlcsnap-2023-11-27-16h42m57s256.png,data/tennis_fullcourt/masks/train/vlcsnap-2023-11-27-16h42m57s256.png,d8da33df82b22f8adfe9a1281c1d9054c31114f8b9dc443c56bf8edef5b5ce6b,0011c434ec46253f71aa8a0b4b45cab9a528ccab4ac6a14d9c4d256e04ecea00,1920,1080,2,background=0;full_court=1
tennis_fullcourt,tennis,full_court_segmentation,train,vlcsnap-2023-11-27-16h43m09s484.png,data/tennis_fullcourt/images/train/vlcsnap-2023-11-27-16h43m09s484.png,data/tennis_fullcourt/masks/train/vlcsnap-2023-11-27-16h43m09s484.png,11faf09c5405401e85fa401d470db87dfd5592462d88f16c72897a5d48bc7bb5,a44e45fffc581a2768b8a9e0a9bd7a7567cfff9bb4e95eee9aed597aeb58e35a,1920,1080,2,background=0;full_court=1
tennis_fullcourt,tennis,full_court_segmentation,train,vlcsnap-2023-11-27-16h43m14s545.png,data/tennis_fullcourt/images/train/vlcsnap-2023-11-27-16h43m14s545.png,data/tennis_fullcourt/masks/train/vlcsnap-2023-11-27-16h43m14s545.png,f2daf4187ea058c67469dc24989e3454282d6588c97c83b486109dcc83bdcc5d,cac8f3f79dafde0728473eb9df6e1318bcc5be18814acd586bd88a215e1f1776,1920,1080,2,background=0;full_court=1
tennis_fullcourt,tennis,full_court_segmentation,train,vlcsnap-2023-11-27-16h45m00s785.png,data/tennis_fullcourt/images/train/vlcsnap-2023-11-27-16h45m00s785.png,data/tennis_fullcourt/masks/train/vlcsnap-2023-11-27-16h45m00s785.png,352142f866ae3fd5c32a5f02b13e8184a86b0640800d948e0291937a42fee8c3,308146a32abae4efcfef35957d6c62ef76e59a813b21bd4080aa3bfcd6681008,1920,1080,2,background=0;full_court=1
tennis_fullcourt,tennis,full_court_segmentation,train,vlcsnap-2023-11-27-16h45m12s039.png,data/tennis_fullcourt/images/train/vlcsnap-2023-11-27-16h45m12s039.png,data/tennis_fullcourt/masks/train/vlcsnap-2023-11-27-16h45m12s039.png,5927f2c8fd64d0f553d03803be2c03e3a46b69776a277ea296abc85568bfb5bf,858ede41fed9d5561153b179385cdacbde2e499fa0c5acd366c206305fcbffa4,1920,1080,2,background=0;full_court=1
tennis_fullcourt,tennis,full_court_segmentation,train,vlcsnap-2023-11-27-16h45m17s870.png,data/tennis_fullcourt/images/train/vlcsnap-2023-11-27-16h45m17s870.png,data/tennis_fullcourt/masks/train/vlcsnap-2023-11-27-16h45m17s870.png,49f766d6da6d1171f0f48959feec7c780ed20f64c4851932bb66eb4d9c1a62c9,1ea55ef11c6c263d0903b58e199c1b27db5c2d012a30631d7504281e1186e913,1920,1080,2,background=0;full_court=1
tennis_fullcourt,tennis,full_court_segmentation,train,vlcsnap-2023-11-27-16h45m31s144.png,data/tennis_fullcourt/images/train/vlcsnap-2023-11-27-16h45m31s144.png,data/tennis_fullcourt/masks/train/vlcsnap-2023-11-27-16h45m31s144.png,1a4739481d3403926bd4265c9e26b71a4b75fdd581962b633229effc81356128,1b28c2ef28b696fe83dfb891eb347043dc3f7178666666928db5e3e6e14ef8de,1920,1080,2,background=0;full_court=1
tennis_fullcourt,tennis,full_court_segmentation,train,vlcsnap-2023-11-27-16h45m37s354.png,data/tennis_fullcourt/images/train/vlcsnap-2023-11-27-16h45m37s354.png,data/tennis_fullcourt/masks/train/vlcsnap-2023-11-27-16h45m37s354.png,47b23b65609d250a5ca4b79c111abec91122f48405175981ed5ce2fdd94c0604,22ea918996ef92829bea7ff196b0cc24ae9842db3fd41d51b076e8baa3c65710,1920,1080,2,background=0;full_court=1
tennis_fullcourt,tennis,full_court_segmentation,train,vlcsnap-2023-11-27-16h45m41s414.png,data/tennis_fullcourt/images/train/vlcsnap-2023-11-27-16h45m41s414.png,data/tennis_fullcourt/masks/train/vlcsnap-2023-11-27-16h45m41s414.png,dd7122fdac3fb37787532bd1d37b4318f2955a0b6ef0937ab247b7e232f9de32,ec5463f0fca13243bf9105c32a09c951e8447332248ea75f07bed329d55849e8,1920,1080,2,background=0;full_court=1
tennis_fullcourt,tennis,full_court_segmentation,train,vlcsnap-2023-11-27-16h45m46s686.png,data/tennis_fullcourt/images/train/vlcsnap-2023-11-27-16h45m46s686.png,data/tennis_fullcourt/masks/train/vlcsnap-2023-11-27-16h45m46s686.png,a14b4fa1ea79dba78528a4bf3dc8961f83d71cf1db1e66908085902fae13d013,43eccba9fd27eea9a21ccd1b5aced6cb062a59a04dc33cbf44273370ad46e0c8,1920,1080,2,background=0;full_court=1
tennis_fullcourt,tennis,full_court_segmentation,train,vlcsnap-2023-11-27-16h45m52s345.png,data/tennis_fullcourt/images/train/vlcsnap-2023-11-27-16h45m52s345.png,data/tennis_fullcourt/masks/train/vlcsnap-2023-11-27-16h45m52s345.png,bfc3050a78fde67d678ffaa5d534e9fe9a304e277bb36cf00dc390905a60d938,16fb3ed6e98a934213c51e9aca1a71f2f0fc420e37dd3134b6f8c5583d4ddcdf,1920,1080,2,background=0;full_court=1
tennis_fullcourt,tennis,full_court_segmentation,train,vlcsnap-2023-11-27-16h45m55s780.png,data/tennis_fullcourt/images/train/vlcsnap-2023-11-27-16h45m55s780.png,data/tennis_fullcourt/masks/train/vlcsnap-2023-11-27-16h45m55s780.png,60750887a57e68ea42b989e9a16cdaf4da845b3d23837d0e27ff476ce55af7e8,46ad8c33a8bbd62de9340d31d5ee5cd3404fece204951c0160aaa1cedde7c589,1920,1080,2,background=0;full_court=1
tennis_fullcourt,tennis,full_court_segmentation,train,vlcsnap-2023-11-27-16h46m16s845.png,data/tennis_fullcourt/images/train/vlcsnap-2023-11-27-16h46m16s845.png,data/tennis_fullcourt/masks/train/vlcsnap-2023-11-27-16h46m16s845.png,b4169294e196d59afe63f0c4665a10e167a2ad8f3bcd6ba137e7520c71873c3b,f7e1df24571457a2c0bc7b814d2aabaf6279ca5bb3b5f4465c2f3f3c2fa9c075,1920,1080,2,background=0;full_court=1
tennis_fullcourt,tennis,full_court_segmentation,train,vlcsnap-2023-11-27-16h46m35s589.png,data/tennis_fullcourt/images/train/vlcsnap-2023-11-27-16h46m35s589.png,data/tennis_fullcourt/masks/train/vlcsnap-2023-11-27-16h46m35s589.png,1bb8505a0112190e9915bd615dc3c1c8e4449c263248e4875705fa72390f148d,ed2d381143f2b0df16618fece21c93b6e9bfebd9a113c7b688fb49ca73a1ce6e,1920,1080,2,background=0;full_court=1
tennis_fullcourt,tennis,full_court_segmentation,train,vlcsnap-2023-11-27-16h46m41s607.png,data/tennis_fullcourt/images/train/vlcsnap-2023-11-27-16h46m41s607.png,data/tennis_fullcourt/masks/train/vlcsnap-2023-11-27-16h46m41s607.png,d0b44c459237b56f279a75949e6ff0086d26acd5c6081f19fdab427195926047,f88eb3088f8d1979cf3de1d7366c719f6bb2452563ccf93a85b85f356afb82d4,1920,1080,2,background=0;full_court=1
tennis_fullcourt,tennis,full_court_segmentation,train,vlcsnap-2023-11-27-16h47m06s218.png,data/tennis_fullcourt/images/train/vlcsnap-2023-11-27-16h47m06s218.png,data/tennis_fullcourt/masks/train/vlcsnap-2023-11-27-16h47m06s218.png,a936b36145be384e4aa543dce8e3b05f226812d9fc7230341e46d53b22ddb0d1,3f65a93ed4a93ac29865cef5ffe9d30a049a01f344fe29f13c34fac20d25a026,1920,1080,2,background=0;full_court=1
tennis_fullcourt,tennis,full_court_segmentation,train,vlcsnap-2023-11-27-16h47m38s590.png,data/tennis_fullcourt/images/train/vlcsnap-2023-11-27-16h47m38s590.png,data/tennis_fullcourt/masks/train/vlcsnap-2023-11-27-16h47m38s590.png,4715204c4a9ccdc5aecd74d984eb513dab110df7ffc426c5276d7ca6e67caa9e,161a357e828e1d297dd2a9558b93a8457f73281ea851865964b5d8a580bb8fd6,1920,1080,2,background=0;full_court=1
tennis_fullcourt,tennis,full_court_segmentation,train,vlcsnap-2023-11-27-16h47m42s648.png,data/tennis_fullcourt/images/train/vlcsnap-2023-11-27-16h47m42s648.png,data/tennis_fullcourt/masks/train/vlcsnap-2023-11-27-16h47m42s648.png,3e0ff2f5d4ad7785deaec5fe837491d51180cc7f582edacb902968dc7ace55fe,4167e2c35ba99efd1c5aa59d2e87a2381536c5ece9f57cd597b96f235648484d,1920,1080,2,background=0;full_court=1
tennis_fullcourt,tennis,full_court_segmentation,train,vlcsnap-2023-11-27-16h48m04s148.png,data/tennis_fullcourt/images/train/vlcsnap-2023-11-27-16h48m04s148.png,data/tennis_fullcourt/masks/train/vlcsnap-2023-11-27-16h48m04s148.png,06981ab44929391b4f3b1dbd9d65e7582f5f642c274b625de3e7d30743266ac2,3374214a853ea3077c82e9874d7ff58a4ab4b049b5492a2ee23b2a392d6bc67c,1920,1080,2,background=0;full_court=1
tennis_fullcourt,tennis,full_court_segmentation,train,vlcsnap-2023-11-28-13h49m39s583.png,data/tennis_fullcourt/images/train/vlcsnap-2023-11-28-13h49m39s583.png,data/tennis_fullcourt/masks/train/vlcsnap-2023-11-28-13h49m39s583.png,51961e2380a0ca0ccdeca5cdd7532f574067ce2f70f55cc09e1100c61a57a0fd,40381c46ddd0728adf0f8f65c6810d8b6549beae6ecb8dd6dfd69cdcde422f92,1920,1080,2,background=0;full_court=1
tennis_fullcourt,tennis,full_court_segmentation,train,vlcsnap-2023-11-28-13h49m45s876.png,data/tennis_fullcourt/images/train/vlcsnap-2023-11-28-13h49m45s876.png,data/tennis_fullcourt/masks/train/vlcsnap-2023-11-28-13h49m45s876.png,5a8b7edc66b4d8221eda9bfc87f44fa8d0fce3d48e85c29bdcd09c97c72c663d,7a1cdfad44a02f30ba6ed059775c070d028021f503117f4e796d9f1c1e23ecbd,1920,1080,2,background=0;full_court=1
tennis_fullcourt,tennis,full_court_segmentation,train,vlcsnap-2023-11-28-13h49m49s644.png,data/tennis_fullcourt/images/train/vlcsnap-2023-11-28-13h49m49s644.png,data/tennis_fullcourt/masks/train/vlcsnap-2023-11-28-13h49m49s644.png,6660e505cd10da1a0cad60de4031ddfadf989837d13ac4d93ea747f9002b053f,7730486f71a772a0dd7bffe08a4a0183771fa585811eae2319086d3f641f443c,1920,1080,2,background=0;full_court=1
tennis_fullcourt,tennis,full_court_segmentation,train,vlcsnap-2023-11-28-13h50m01s918.png,data/tennis_fullcourt/images/train/vlcsnap-2023-11-28-13h50m01s918.png,data/tennis_fullcourt/masks/train/vlcsnap-2023-11-28-13h50m01s918.png,b4bf9feb02e1e7be246eb84f820bf3604d536b808319bdbd2cb32940910cefc1,7730486f71a772a0dd7bffe08a4a0183771fa585811eae2319086d3f641f443c,1920,1080,2,background=0;full_court=1
tennis_fullcourt,tennis,full_court_segmentation,train,vlcsnap-2023-11-28-13h50m32s471.png,data/tennis_fullcourt/images/train/vlcsnap-2023-11-28-13h50m32s471.png,data/tennis_fullcourt/masks/train/vlcsnap-2023-11-28-13h50m32s471.png,4dd44b1f4aeb7b8d5cc9ef8a7a4310ec99c9c9948c7a0d0c7872ba5c7b928825,5fa713bb22243bfb2f4dd492aaf99fafd7ccdd57ab1cfa311ba30e6dd99b65c8,1920,1080,2,background=0;full_court=1
tennis_fullcourt,tennis,full_court_segmentation,train,vlcsnap-2023-11-28-13h50m36s480.png,data/tennis_fullcourt/images/train/vlcsnap-2023-11-28-13h50m36s480.png,data/tennis_fullcourt/masks/train/vlcsnap-2023-11-28-13h50m36s480.png,f265bb24a7b23f326cf4fd2f50259dd14ad6810feb85a3201fe232652f338209,1f287bc20ea62056c14bef8a4606d8b43128870ab08dc921cd9472fe88059c17,1920,1080,2,background=0;full_court=1
tennis_fullcourt,tennis,full_court_segmentation,train,vlcsnap-2023-11-28-13h50m49s765.png,data/tennis_fullcourt/images/train/vlcsnap-2023-11-28-13h50m49s765.png,data/tennis_fullcourt/masks/train/vlcsnap-2023-11-28-13h50m49s765.png,3f1b6457bda23e6f4a45b9153b3a3b1422ed54e1189d40e1d40aab8d31d71d1a,ef3a83ef7e00d9df172b26deb29c976e895b1810cde744d7ccabe0c9448696ee,1920,1080,2,background=0;full_court=1
tennis_fullcourt,tennis,full_court_segmentation,train,vlcsnap-2023-11-28-13h51m27s311.png,data/tennis_fullcourt/images/train/vlcsnap-2023-11-28-13h51m27s311.png,data/tennis_fullcourt/masks/train/vlcsnap-2023-11-28-13h51m27s311.png,e4accce4cf9841b2f9fa7ea842ecf600fded1abec03cf29e5e06fb4b3105f139,78b061d84ac76bec332ea3e2345ee40e530a073a17a3cc8e5f58fabcc5de0195,1920,1080,2,background=0;full_court=1
tennis_fullcourt,tennis,full_court_segmentation,train,vlcsnap-2023-11-28-13h51m32s278.png,data/tennis_fullcourt/images/train/vlcsnap-2023-11-28-13h51m32s278.png,data/tennis_fullcourt/masks/train/vlcsnap-2023-11-28-13h51m32s278.png,2546918e0726379b020500e7b50268216246c3abd3448133fa098e977225b1e6,78b061d84ac76bec332ea3e2345ee40e530a073a17a3cc8e5f58fabcc5de0195,1920,1080,2,background=0;full_court=1
tennis_fullcourt,tennis,full_court_segmentation,train,vlcsnap-2023-11-28-13h51m36s326.png,data/tennis_fullcourt/images/train/vlcsnap-2023-11-28-13h51m36s326.png,data/tennis_fullcourt/masks/train/vlcsnap-2023-11-28-13h51m36s326.png,d7b6e905f103eccbf9fd5e8601b9840b180fc86392728390060049128f0cfcde,78b061d84ac76bec332ea3e2345ee40e530a073a17a3cc8e5f58fabcc5de0195,1920,1080,2,background=0;full_court=1
tennis_fullcourt,tennis,full_court_segmentation,train,vlcsnap-2023-11-28-13h51m48s738.png,data/tennis_fullcourt/images/train/vlcsnap-2023-11-28-13h51m48s738.png,data/tennis_fullcourt/masks/train/vlcsnap-2023-11-28-13h51m48s738.png,407cc23cfdadef494be30748dc3d9814c67b2020419737e452bf635605c7ea62,78b061d84ac76bec332ea3e2345ee40e530a073a17a3cc8e5f58fabcc5de0195,1920,1080,2,background=0;full_court=1
tennis_fullcourt,tennis,full_court_segmentation,train,vlcsnap-2023-11-28-13h57m59s664.png,data/tennis_fullcourt/images/train/vlcsnap-2023-11-28-13h57m59s664.png,data/tennis_fullcourt/masks/train/vlcsnap-2023-11-28-13h57m59s664.png,9358778b32b8bbdc8c1b2e310d614b163b421eef7e3313d145bfe736285435e3,d8ff56c613cae5a576ed9d5dfa3afaad8a21c81c6a406219928b1d1ac5081d2a,1920,1080,2,background=0;full_court=1
tennis_fullcourt,tennis,full_court_segmentation,train,vlcsnap-2023-11-28-13h58m36s945.png,data/tennis_fullcourt/images/train/vlcsnap-2023-11-28-13h58m36s945.png,data/tennis_fullcourt/masks/train/vlcsnap-2023-11-28-13h58m36s945.png,6ab5415193f97c8bc179b332ec1b446668b18b66567495b841270e3af531107f,d8ff56c613cae5a576ed9d5dfa3afaad8a21c81c6a406219928b1d1ac5081d2a,1920,1080,2,background=0;full_court=1
tennis_fullcourt,tennis,full_court_segmentation,train,vlcsnap-2023-11-28-13h58m40s987.png,data/tennis_fullcourt/images/train/vlcsnap-2023-11-28-13h58m40s987.png,data/tennis_fullcourt/masks/train/vlcsnap-2023-11-28-13h58m40s987.png,2aece1beabc55eac5f695458ed962f35729ea8649f0ef292fe41af7d2509fee4,d8ff56c613cae5a576ed9d5dfa3afaad8a21c81c6a406219928b1d1ac5081d2a,1920,1080,2,background=0;full_court=1
tennis_fullcourt,tennis,full_court_segmentation,train,vlcsnap-2023-11-28-13h58m44s615.png,data/tennis_fullcourt/images/train/vlcsnap-2023-11-28-13h58m44s615.png,data/tennis_fullcourt/masks/train/vlcsnap-2023-11-28-13h58m44s615.png,f8c899d150cf8b2dfbcb2295b08f1d4f3dd2bad346befa4a674fda17da046b09,d8ff56c613cae5a576ed9d5dfa3afaad8a21c81c6a406219928b1d1ac5081d2a,1920,1080,2,background=0;full_court=1
tennis_fullcourt,tennis,full_court_segmentation,train,vlcsnap-2023-11-28-13h59m04s630.png,data/tennis_fullcourt/images/train/vlcsnap-2023-11-28-13h59m04s630.png,data/tennis_fullcourt/masks/train/vlcsnap-2023-11-28-13h59m04s630.png,fd65501cd15328cf7ac92081c26ea23a2663cac5d645667cd247b265fc8f35dc,a261ab12dfde613e2cc81b7272f0f993f9f4d72bbac00034a0788daabba9cf17,1920,1080,2,background=0;full_court=1
tennis_fullcourt,tennis,full_court_segmentation,train,vlcsnap-2023-11-28-13h59m08s472.png,data/tennis_fullcourt/images/train/vlcsnap-2023-11-28-13h59m08s472.png,data/tennis_fullcourt/masks/train/vlcsnap-2023-11-28-13h59m08s472.png,ccdf85df909862e0186454fecdba756e7d661098a3efbf3fadb984382dd2f937,a261ab12dfde613e2cc81b7272f0f993f9f4d72bbac00034a0788daabba9cf17,1920,1080,2,background=0;full_court=1
tennis_fullcourt,tennis,full_court_segmentation,train,vlcsnap-2023-11-28-13h59m25s121.png,data/tennis_fullcourt/images/train/vlcsnap-2023-11-28-13h59m25s121.png,data/tennis_fullcourt/masks/train/vlcsnap-2023-11-28-13h59m25s121.png,5435b1a1361d0a2ff817f6151c0a3a9b87e8e664aed10bf96576cb886496c240,1a8a8fedbe8a4ddc912fc64f6ff56f33c9d22a093d7975dd9ac086ad13db92aa,1920,1080,2,background=0;full_court=1
tennis_fullcourt,tennis,full_court_segmentation,train,vlcsnap-2023-11-28-13h59m28s645.png,data/tennis_fullcourt/images/train/vlcsnap-2023-11-28-13h59m28s645.png,data/tennis_fullcourt/masks/train/vlcsnap-2023-11-28-13h59m28s645.png,031bc351e4ce1e80580b61d140bd8b200a512419460daa4c2f27a06c2fd255cf,a676caff0003ccbe490dd4f887ebcfeb792fe8cd43160007a8499d7e16431568,1920,1080,2,background=0;full_court=1
tennis_fullcourt,tennis,full_court_segmentation,train,vlcsnap-2023-11-28-13h59m34s908.png,data/tennis_fullcourt/images/train/vlcsnap-2023-11-28-13h59m34s908.png,data/tennis_fullcourt/masks/train/vlcsnap-2023-11-28-13h59m34s908.png,24c167cab9fcc5907cc35166985a8a6e09eef09540551aa3b9b7ffc12b90cf99,368335471cb02ddf7de3ef5a81909de4e6b969493301cd70133d536054ed3ced,1920,1080,2,background=0;full_court=1
tennis_fullcourt,tennis,full_court_segmentation,train,vlcsnap-2023-11-28-13h59m45s322.png,data/tennis_fullcourt/images/train/vlcsnap-2023-11-28-13h59m45s322.png,data/tennis_fullcourt/masks/train/vlcsnap-2023-11-28-13h59m45s322.png,1bb842b40b92fb1bf2f3fa5088fece7f7b3c966ae0071977a86a5898d2f740b5,7130c6bfbf6bbfd5f6a8ebb961c32098822a7829dd266764bd2a798b48d9e7ac,1920,1080,2,background=0;full_court=1
tennis_fullcourt,tennis,full_court_segmentation,train,vlcsnap-2023-11-28-13h59m51s996.png,data/tennis_fullcourt/images/train/vlcsnap-2023-11-28-13h59m51s996.png,data/tennis_fullcourt/masks/train/vlcsnap-2023-11-28-13h59m51s996.png,800032d727e1129bac8106e10515b8e09c99ac134e0a7a7abe56d5de1179de0d,7130c6bfbf6bbfd5f6a8ebb961c32098822a7829dd266764bd2a798b48d9e7ac,1920,1080,2,background=0;full_court=1
tennis_fullcourt,tennis,full_court_segmentation,train,vlcsnap-2023-11-28-13h59m56s328.png,data/tennis_fullcourt/images/train/vlcsnap-2023-11-28-13h59m56s328.png,data/tennis_fullcourt/masks/train/vlcsnap-2023-11-28-13h59m56s328.png,9b7d1742cca101fc8853ab16bcde9eadcd96c9aaaf598dfd5f8c9e76588ceeca,7130c6bfbf6bbfd5f6a8ebb961c32098822a7829dd266764bd2a798b48d9e7ac,1920,1080,2,background=0;full_court=1
tennis_fullcourt,tennis,full_court_segmentation,train,vlcsnap-2023-11-28-14h00m05s121.png,data/tennis_fullcourt/images/train/vlcsnap-2023-11-28-14h00m05s121.png,data/tennis_fullcourt/masks/train/vlcsnap-2023-11-28-14h00m05s121.png,e29539edd10cd86419b75da4be301fa250dad4ca409fdcb5cf236dbd611330b4,eb9c1c2f1d548f1d6a24b97bbe0a30da8ffc1b7aaf08e904091ade2ab6aa717b,1920,1080,2,background=0;full_court=1
tennis_fullcourt,tennis,full_court_segmentation,train,vlcsnap-2023-11-28-14h00m10s071.png,data/tennis_fullcourt/images/train/vlcsnap-2023-11-28-14h00m10s071.png,data/tennis_fullcourt/masks/train/vlcsnap-2023-11-28-14h00m10s071.png,60ce942fc303df98ab7a56df3953438a1ff5ca1e19d08a3e9c74509609fc4afb,b2d20ee0f9d431246d415bedb30b178028af4c2294757c1ca83cc427ba0df378,1920,1080,2,background=0;full_court=1
tennis_fullcourt,tennis,full_court_segmentation,train,vlcsnap-2023-11-28-14h00m15s284.png,data/tennis_fullcourt/images/train/vlcsnap-2023-11-28-14h00m15s284.png,data/tennis_fullcourt/masks/train/vlcsnap-2023-11-28-14h00m15s284.png,7e13a32aa5b784dfa15dce20b51bb57298acd0c4a1203d908e28d06b72298533,d2663a41f3ef978aeba0476ce86ceadfa0e0d84110bc2e6c5a7ca960ecff1cdb,1920,1080,2,background=0;full_court=1
tennis_fullcourt,tennis,full_court_segmentation,train,vlcsnap-2023-11-28-14h00m19s341.png,data/tennis_fullcourt/images/train/vlcsnap-2023-11-28-14h00m19s341.png,data/tennis_fullcourt/masks/train/vlcsnap-2023-11-28-14h00m19s341.png,d09da4dd671436d1bb848c64a6155001ae52801e31e087db7583480377fd7f28,22bad3b585ba4995d157de4629ad717bbc7356751a55ed13dcee113344d103e8,1920,1080,2,background=0;full_court=1
tennis_fullcourt,tennis,full_court_segmentation,train,vlcsnap-2023-11-28-14h08m14s920.png,data/tennis_fullcourt/images/train/vlcsnap-2023-11-28-14h08m14s920.png,data/tennis_fullcourt/masks/train/vlcsnap-2023-11-28-14h08m14s920.png,9a504f19de3d8f14b2c5441f57c8d848090bd81fb4755796f688b4f6c1e8abb0,25ee4e31ff0be2c17225f538e9f6bd02f3771682c436866947b216c99dac9b2e,1920,1080,2,background=0;full_court=1
tennis_fullcourt,tennis,full_court_segmentation,train,vlcsnap-2023-11-28-14h08m22s219.png,data/tennis_fullcourt/images/train/vlcsnap-2023-11-28-14h08m22s219.png,data/tennis_fullcourt/masks/train/vlcsnap-2023-11-28-14h08m22s219.png,e5d8b6bd46b52301470273a50ff1cce23a5ca050ef590678b1d8fae7a7ef2de6,25ee4e31ff0be2c17225f538e9f6bd02f3771682c436866947b216c99dac9b2e,1920,1080,2,background=0;full_court=1
tennis_fullcourt,tennis,full_court_segmentation,train,vlcsnap-2023-11-28-14h08m30s400.png,data/tennis_fullcourt/images/train/vlcsnap-2023-11-28-14h08m30s400.png,data/tennis_fullcourt/masks/train/vlcsnap-2023-11-28-14h08m30s400.png,740b94f78dfae827d4b497de7b397de6b8c9c20436217529435d560217c33409,25ee4e31ff0be2c17225f538e9f6bd02f3771682c436866947b216c99dac9b2e,1920,1080,2,background=0;full_court=1
tennis_fullcourt,tennis,full_court_segmentation,train,vlcsnap-2023-11-28-14h08m42s228.png,data/tennis_fullcourt/images/train/vlcsnap-2023-11-28-14h08m42s228.png,data/tennis_fullcourt/masks/train/vlcsnap-2023-11-28-14h08m42s228.png,a510c557b1207469349cf84ddca8ad29ba19908b0b85a49604761f2fa5e51a80,25ee4e31ff0be2c17225f538e9f6bd02f3771682c436866947b216c99dac9b2e,1920,1080,2,background=0;full_court=1
tennis_fullcourt,tennis,full_court_segmentation,train,vlcsnap-2023-11-28-14h08m46s155.png,data/tennis_fullcourt/images/train/vlcsnap-2023-11-28-14h08m46s155.png,data/tennis_fullcourt/masks/train/vlcsnap-2023-11-28-14h08m46s155.png,8214603468abb3916d61004c5d0b35325d573bf7d7f435c86801ce2ba4f387d7,25ee4e31ff0be2c17225f538e9f6bd02f3771682c436866947b216c99dac9b2e,1920,1080,2,background=0;full_court=1
tennis_fullcourt,tennis,full_court_segmentation,train,vlcsnap-2023-11-28-14h08m50s326.png,data/tennis_fullcourt/images/train/vlcsnap-2023-11-28-14h08m50s326.png,data/tennis_fullcourt/masks/train/vlcsnap-2023-11-28-14h08m50s326.png,be7a4bf243232a15b912e67d95847c82227a2ea33936165f3985691ac405c67b,25ee4e31ff0be2c17225f538e9f6bd02f3771682c436866947b216c99dac9b2e,1920,1080,2,background=0;full_court=1
tennis_fullcourt,tennis,full_court_segmentation,train,vlcsnap-2023-11-28-14h08m57s258.png,data/tennis_fullcourt/images/train/vlcsnap-2023-11-28-14h08m57s258.png,data/tennis_fullcourt/masks/train/vlcsnap-2023-11-28-14h08m57s258.png,9c200f0e9cfc78daf965cef01940c75468e9de8c9cd641d2a6880031da6ff30d,c444f2b8b2c8951eaa0129cdc77741fc3331f86bd37f22559552a562bc6da3f7,1920,1080,2,background=0;full_court=1
tennis_fullcourt,tennis,full_court_segmentation,train,vlcsnap-2023-11-28-14h09m02s924.png,data/tennis_fullcourt/images/train/vlcsnap-2023-11-28-14h09m02s924.png,data/tennis_fullcourt/masks/train/vlcsnap-2023-11-28-14h09m02s924.png,747f12192c453e4ae970ada441d2ae6468a1fbbfcdb5ab2503e91c6163ab84cd,c444f2b8b2c8951eaa0129cdc77741fc3331f86bd37f22559552a562bc6da3f7,1920,1080,2,background=0;full_court=1
tennis_fullcourt,tennis,full_court_segmentation,train,vlcsnap-2023-11-28-14h09m11s592.png,data/tennis_fullcourt/images/train/vlcsnap-2023-11-28-14h09m11s592.png,data/tennis_fullcourt/masks/train/vlcsnap-2023-11-28-14h09m11s592.png,4585df3b672817162fbfbb5587f3cc00645df83b12c4ee0b227ae546edba56fb,25ee4e31ff0be2c17225f538e9f6bd02f3771682c436866947b216c99dac9b2e,1920,1080,2,background=0;full_court=1
tennis_fullcourt,tennis,full_court_segmentation,train,vlcsnap-2023-11-28-14h09m22s496.png,data/tennis_fullcourt/images/train/vlcsnap-2023-11-28-14h09m22s496.png,data/tennis_fullcourt/masks/train/vlcsnap-2023-11-28-14h09m22s496.png,7e1efeb4f776a10bb536b6317dd9ea672ad89d88dc75c7af3cd771f2ed2333f9,c444f2b8b2c8951eaa0129cdc77741fc3331f86bd37f22559552a562bc6da3f7,1920,1080,2,background=0;full_court=1
tennis_fullcourt,tennis,full_court_segmentation,train,vlcsnap-2023-11-28-14h09m28s517.png,data/tennis_fullcourt/images/train/vlcsnap-2023-11-28-14h09m28s517.png,data/tennis_fullcourt/masks/train/vlcsnap-2023-11-28-14h09m28s517.png,ef2dedf5a763d6d68481987f02c94a669895105fc2d7fa14ad038c56c628e77d,c444f2b8b2c8951eaa0129cdc77741fc3331f86bd37f22559552a562bc6da3f7,1920,1080,2,background=0;full_court=1
tennis_fullcourt,tennis,full_court_segmentation,train,vlcsnap-2023-11-28-14h09m39s419.png,data/tennis_fullcourt/images/train/vlcsnap-2023-11-28-14h09m39s419.png,data/tennis_fullcourt/masks/train/vlcsnap-2023-11-28-14h09m39s419.png,02a97ac0438498df0ce9b1f602c03a51effb69e5d032db409156c12534086c4f,c444f2b8b2c8951eaa0129cdc77741fc3331f86bd37f22559552a562bc6da3f7,1920,1080,2,background=0;full_court=1
tennis_fullcourt,tennis,full_court_segmentation,train,vlcsnap-2023-11-28-14h09m44s353.png,data/tennis_fullcourt/images/train/vlcsnap-2023-11-28-14h09m44s353.png,data/tennis_fullcourt/masks/train/vlcsnap-2023-11-28-14h09m44s353.png,f04ee33908397c713da0cc8b3aea428187073f30fad2cd6fc732d3d01e7c91e1,c444f2b8b2c8951eaa0129cdc77741fc3331f86bd37f22559552a562bc6da3f7,1920,1080,2,background=0;full_court=1
tennis_fullcourt,tennis,full_court_segmentation,train,vlcsnap-2023-11-28-14h09m48s409.png,data/tennis_fullcourt/images/train/vlcsnap-2023-11-28-14h09m48s409.png,data/tennis_fullcourt/masks/train/vlcsnap-2023-11-28-14h09m48s409.png,4331833707f7d0ef7f0b4fef99f0b7531c45cf27881f4bf5697ae5c9af5351a1,c444f2b8b2c8951eaa0129cdc77741fc3331f86bd37f22559552a562bc6da3f7,1920,1080,2,background=0;full_court=1
tennis_fullcourt,tennis,full_court_segmentation,train,vlcsnap-2023-11-28-14h09m57s729.png,data/tennis_fullcourt/images/train/vlcsnap-2023-11-28-14h09m57s729.png,data/tennis_fullcourt/masks/train/vlcsnap-2023-11-28-14h09m57s729.png,f88e12c110eab18422f2fe6f0f65d87455d7fd51bf3ac5ec696b796e79950806,c444f2b8b2c8951eaa0129cdc77741fc3331f86bd37f22559552a562bc6da3f7,1920,1080,2,background=0;full_court=1
tennis_fullcourt,tennis,full_court_segmentation,train,vlcsnap-2023-11-28-14h10m03s313.png,data/tennis_fullcourt/images/train/vlcsnap-2023-11-28-14h10m03s313.png,data/tennis_fullcourt/masks/train/vlcsnap-2023-11-28-14h10m03s313.png,693d08b723c3978e674a208e0542d654481a02edd68b7c3856c5d47010c491be,c444f2b8b2c8951eaa0129cdc77741fc3331f86bd37f22559552a562bc6da3f7,1920,1080,2,background=0;full_court=1
tennis_fullcourt,tennis,full_court_segmentation,train,vlcsnap-2023-11-28-14h10m20s102.png,data/tennis_fullcourt/images/train/vlcsnap-2023-11-28-14h10m20s102.png,data/tennis_fullcourt/masks/train/vlcsnap-2023-11-28-14h10m20s102.png,ad544539b7e16adb8deb5b65e7d6d6b78f3915a90566e6182b2c491e84efd485,cf8e447cd7caf664bcf7e8e60b38463789d8a62bf022827d334e506058ec5449,1920,1080,2,background=0;full_court=1
tennis_fullcourt,tennis,full_court_segmentation,train,vlcsnap-2023-11-28-14h10m28s918.png,data/tennis_fullcourt/images/train/vlcsnap-2023-11-28-14h10m28s918.png,data/tennis_fullcourt/masks/train/vlcsnap-2023-11-28-14h10m28s918.png,db2b96360ef4200493794aadcf359496828fbf94b5fe2943e592a2b6d8681fe6,d10952bab1f169dbd04435a4543adc263438d7754ade306694bc987bbf22d1ed,1920,1080,2,background=0;full_court=1
tennis_fullcourt,tennis,full_court_segmentation,train,vlcsnap-2023-11-28-14h10m37s185.png,data/tennis_fullcourt/images/train/vlcsnap-2023-11-28-14h10m37s185.png,data/tennis_fullcourt/masks/train/vlcsnap-2023-11-28-14h10m37s185.png,2e7787a46151a117ed5e51da549ac6e1535bad5bde4724db6650137e0bb0f67b,d10952bab1f169dbd04435a4543adc263438d7754ade306694bc987bbf22d1ed,1920,1080,2,background=0;full_court=1
tennis_fullcourt,tennis,full_court_segmentation,train,vlcsnap-2023-11-28-14h10m46s807.png,data/tennis_fullcourt/images/train/vlcsnap-2023-11-28-14h10m46s807.png,data/tennis_fullcourt/masks/train/vlcsnap-2023-11-28-14h10m46s807.png,d27d50fe9d2518411cc4b980ed20a94f497598fb13bb0d490189631967199ac2,d10952bab1f169dbd04435a4543adc263438d7754ade306694bc987bbf22d1ed,1920,1080,2,background=0;full_court=1
tennis_fullcourt,tennis,full_court_segmentation,train,vlcsnap-2023-11-28-14h10m53s572.png,data/tennis_fullcourt/images/train/vlcsnap-2023-11-28-14h10m53s572.png,data/tennis_fullcourt/masks/train/vlcsnap-2023-11-28-14h10m53s572.png,c6d73370b878707631203cccc3886c8ce9f920a7a3398eef517bfc4a9e91e4a1,d10952bab1f169dbd04435a4543adc263438d7754ade306694bc987bbf22d1ed,1920,1080,2,background=0;full_court=1
tennis_fullcourt,tennis,full_court_segmentation,train,vlcsnap-2023-11-28-14h10m57s658.png,data/tennis_fullcourt/images/train/vlcsnap-2023-11-28-14h10m57s658.png,data/tennis_fullcourt/masks/train/vlcsnap-2023-11-28-14h10m57s658.png,8bbce2ecdd50e24a0238a25866be6f47492d9ad913b99f58898a6b9c44bd0bd4,d10952bab1f169dbd04435a4543adc263438d7754ade306694bc987bbf22d1ed,1920,1080,2,background=0;full_court=1
tennis_fullcourt,tennis,full_court_segmentation,train,vlcsnap-2023-11-28-14h11m08s066.png,data/tennis_fullcourt/images/train/vlcsnap-2023-11-28-14h11m08s066.png,data/tennis_fullcourt/masks/train/vlcsnap-2023-11-28-14h11m08s066.png,044a4b10743ebb39bd4130523a3d28d4f6227a9d6663fdca610c6480e3408bc2,d10952bab1f169dbd04435a4543adc263438d7754ade306694bc987bbf22d1ed,1920,1080,2,background=0;full_court=1
tennis_fullcourt,tennis,full_court_segmentation,train,vlcsnap-2023-11-28-14h11m13s543.png,data/tennis_fullcourt/images/train/vlcsnap-2023-11-28-14h11m13s543.png,data/tennis_fullcourt/masks/train/vlcsnap-2023-11-28-14h11m13s543.png,ff8c18f049dfcfc724ccae73889cdcace971a8a7db5754839af33b9719b6a404,d10952bab1f169dbd04435a4543adc263438d7754ade306694bc987bbf22d1ed,1920,1080,2,background=0;full_court=1
tennis_fullcourt,tennis,full_court_segmentation,train,vlcsnap-2023-11-28-14h11m23s704.png,data/tennis_fullcourt/images/train/vlcsnap-2023-11-28-14h11m23s704.png,data/tennis_fullcourt/masks/train/vlcsnap-2023-11-28-14h11m23s704.png,4e8db93b5fada3114767b100bbd958079618999027992168e3c5adc74614a2eb,d10952bab1f169dbd04435a4543adc263438d7754ade306694bc987bbf22d1ed,1920,1080,2,background=0;full_court=1
tennis_fullcourt,tennis,full_court_segmentation,train,vlcsnap-2023-11-28-14h11m39s780.png,data/tennis_fullcourt/images/train/vlcsnap-2023-11-28-14h11m39s780.png,data/tennis_fullcourt/masks/train/vlcsnap-2023-11-28-14h11m39s780.png,19a8ae5e24946624253fef656471b89a51b90161efd005cd8ccbf20c13f72828,9f50330634e7962ca29d73a9a2c3bc82f8048691aca72d1754f3652592d5bf0d,1920,1080,2,background=0;full_court=1
tennis_fullcourt,tennis,full_court_segmentation,train,vlcsnap-2023-11-28-14h11m47s495.png,data/tennis_fullcourt/images/train/vlcsnap-2023-11-28-14h11m47s495.png,data/tennis_fullcourt/masks/train/vlcsnap-2023-11-28-14h11m47s495.png,bd8a6a2b16a44f31d7bf01714e31217947f9437c65dafbd0ce09fee39e0d208a,f715de41a9f268974755b7d40202b933110e9c8d5efd4788fba2fec7e463f562,1920,1080,2,background=0;full_court=1
tennis_fullcourt,tennis,full_court_segmentation,train,vlcsnap-2023-11-28-14h11m51s286.png,data/tennis_fullcourt/images/train/vlcsnap-2023-11-28-14h11m51s286.png,data/tennis_fullcourt/masks/train/vlcsnap-2023-11-28-14h11m51s286.png,57a6ed37595f32841af9b9a1a0f38bc4f95dab2d6bab8d27a4d61cab12fd1a93,f715de41a9f268974755b7d40202b933110e9c8d5efd4788fba2fec7e463f562,1920,1080,2,background=0;full_court=1
tennis_fullcourt,tennis,full_court_segmentation,train,vlcsnap-2023-11-28-14h12m08s170.png,data/tennis_fullcourt/images/train/vlcsnap-2023-11-28-14h12m08s170.png,data/tennis_fullcourt/masks/train/vlcsnap-2023-11-28-14h12m08s170.png,8df58de3dd1a376346d86cb3db7ce8e476128b8f24c67caee58031d70450ca8d,f715de41a9f268974755b7d40202b933110e9c8d5efd4788fba2fec7e463f562,1920,1080,2,background=0;full_court=1
tennis_fullcourt,tennis,full_court_segmentation,train,vlcsnap-2023-11-28-14h12m17s532.png,data/tennis_fullcourt/images/train/vlcsnap-2023-11-28-14h12m17s532.png,data/tennis_fullcourt/masks/train/vlcsnap-2023-11-28-14h12m17s532.png,3d398f11324c99773afa426b4f589fc3d2d8f9dcf44b83d878c387fc58be9189,f715de41a9f268974755b7d40202b933110e9c8d5efd4788fba2fec7e463f562,1920,1080,2,background=0;full_court=1
tennis_fullcourt,tennis,full_court_segmentation,train,vlcsnap-2023-11-28-14h12m27s835.png,data/tennis_fullcourt/images/train/vlcsnap-2023-11-28-14h12m27s835.png,data/tennis_fullcourt/masks/train/vlcsnap-2023-11-28-14h12m27s835.png,02234007434000c5baf46a22ff100fd70adab559bfd4981fd58734219e4f6344,b4d03803b3be48c338964f1dc777c694cff3d8292dba29f661c02693cec7d569,1920,1080,2,background=0;full_court=1
tennis_fullcourt,tennis,full_court_segmentation,train,vlcsnap-2023-11-28-14h12m31s193.png,data/tennis_fullcourt/images/train/vlcsnap-2023-11-28-14h12m31s193.png,data/tennis_fullcourt/masks/train/vlcsnap-2023-11-28-14h12m31s193.png,056b7289684c428c49460c20e94be90e4ff8145e54ea53c7bb4193da38231e7f,b4d03803b3be48c338964f1dc777c694cff3d8292dba29f661c02693cec7d569,1920,1080,2,background=0;full_court=1
tennis_fullcourt,tennis,full_court_segmentation,train,vlcsnap-2023-11-28-14h12m40s454.png,data/tennis_fullcourt/images/train/vlcsnap-2023-11-28-14h12m40s454.png,data/tennis_fullcourt/masks/train/vlcsnap-2023-11-28-14h12m40s454.png,b64e313ba3111bede767b71a59664beab70913b8da7d4a5af1ddefe46246b709,bc0a32f152833dd060eebaed6e0885bcd01362bb95c077dd6a342ab50c49ca2f,1920,1080,2,background=0;full_court=1
tennis_fullcourt,tennis,full_court_segmentation,train,vlcsnap-2023-11-28-14h12m56s497.png,data/tennis_fullcourt/images/train/vlcsnap-2023-11-28-14h12m56s497.png,data/tennis_fullcourt/masks/train/vlcsnap-2023-11-28-14h12m56s497.png,61396235789d00be711179000203da4a889951ad0a2cf0f8e41cb92046ff0cff,fb336c0c582af7242a8d168047630d3e9dd9f6f33fa4dae1373c589d1854df2c,1920,1080,2,background=0;full_court=1
tennis_fullcourt,tennis,full_court_segmentation,train,vlcsnap-2023-11-28-14h13m04s860.png,data/tennis_fullcourt/images/train/vlcsnap-2023-11-28-14h13m04s860.png,data/tennis_fullcourt/masks/train/vlcsnap-2023-11-28-14h13m04s860.png,74deea15b44f5f74d7db89d9ed5fb33307948e447f15bcf00d931f19d0232b01,fb336c0c582af7242a8d168047630d3e9dd9f6f33fa4dae1373c589d1854df2c,1920,1080,2,background=0;full_court=1
tennis_fullcourt,tennis,full_court_segmentation,train,vlcsnap-2023-11-28-14h14m26s966.png,data/tennis_fullcourt/images/train/vlcsnap-2023-11-28-14h14m26s966.png,data/tennis_fullcourt/masks/train/vlcsnap-2023-11-28-14h14m26s966.png,dc10a4f63d8644267b845ccd52b07b42e72f04fb66ec13d179187b029084bc1b,4caa9fe6f1cbf14515008f79aa883bfcacd9a953c02a17fb13ca041e07cf50c2,1920,1080,2,background=0;full_court=1
tennis_fullcourt,tennis,full_court_segmentation,train,vlcsnap-2023-11-28-14h14m53s841.png,data/tennis_fullcourt/images/train/vlcsnap-2023-11-28-14h14m53s841.png,data/tennis_fullcourt/masks/train/vlcsnap-2023-11-28-14h14m53s841.png,46e06d5d098b7ac60ce9d63e398bb56b16f5e42a27ef63775ecd5114e16010b3,0648064daa81e33f25cd50980d09181cc83b01227f0cbf3c97a5e17210b53258,1920,1080,2,background=0;full_court=1
tennis_fullcourt,tennis,full_court_segmentation,train,vlcsnap-2023-11-28-14h15m40s665.png,data/tennis_fullcourt/images/train/vlcsnap-2023-11-28-14h15m40s665.png,data/tennis_fullcourt/masks/train/vlcsnap-2023-11-28-14h15m40s665.png,1f068b5aa363d04138225de3687052adf20ccee366dc8bf5fdc8352618dabf43,0648064daa81e33f25cd50980d09181cc83b01227f0cbf3c97a5e17210b53258,1920,1080,2,background=0;full_court=1
tennis_fullcourt,tennis,full_court_segmentation,train,vlcsnap-2023-11-28-14h15m46s571.png,data/tennis_fullcourt/images/train/vlcsnap-2023-11-28-14h15m46s571.png,data/tennis_fullcourt/masks/train/vlcsnap-2023-11-28-14h15m46s571.png,085e8b9ae67e41947953212f963cba768c292c44e5b13248f93dbbba7c86b726,0648064daa81e33f25cd50980d09181cc83b01227f0cbf3c97a5e17210b53258,1920,1080,2,background=0;full_court=1
tennis_fullcourt,tennis,full_court_segmentation,train,vlcsnap-2023-11-28-14h15m50s123.png,data/tennis_fullcourt/images/train/vlcsnap-2023-11-28-14h15m50s123.png,data/tennis_fullcourt/masks/train/vlcsnap-2023-11-28-14h15m50s123.png,644e858c1d8fa368f4a25de2d6df03431e5fdde47db00cfe29ee6af10baeb37c,0648064daa81e33f25cd50980d09181cc83b01227f0cbf3c97a5e17210b53258,1920,1080,2,background=0;full_court=1
tennis_fullcourt,tennis,full_court_segmentation,train,vlcsnap-2023-11-28-14h15m55s028.png,data/tennis_fullcourt/images/train/vlcsnap-2023-11-28-14h15m55s028.png,data/tennis_fullcourt/masks/train/vlcsnap-2023-11-28-14h15m55s028.png,c2c6c573711137bf5fd83d28a36fd6562e9123779a417f254592a0b1912e0654,0648064daa81e33f25cd50980d09181cc83b01227f0cbf3c97a5e17210b53258,1920,1080,2,background=0;full_court=1
tennis_fullcourt,tennis,full_court_segmentation,train,vlcsnap-2023-11-28-14h15m58s964.png,data/tennis_fullcourt/images/train/vlcsnap-2023-11-28-14h15m58s964.png,data/tennis_fullcourt/masks/train/vlcsnap-2023-11-28-14h15m58s964.png,3ad3bb015443086ac631330cd94729d82b77c716dd4168506f8b35f2817a57ff,0648064daa81e33f25cd50980d09181cc83b01227f0cbf3c97a5e17210b53258,1920,1080,2,background=0;full_court=1
tennis_fullcourt,tennis,full_court_segmentation,train,vlcsnap-2023-11-28-14h16m06s141.png,data/tennis_fullcourt/images/train/vlcsnap-2023-11-28-14h16m06s141.png,data/tennis_fullcourt/masks/train/vlcsnap-2023-11-28-14h16m06s141.png,a7dc2e766382369c3786850212c4bc1ddc9f4a7cec6bdad86a37d2a9371d9463,d4449324431b27ff3e3e43d81d90c95946d98c81750a31518f4eed592306aaca,1920,1080,2,background=0;full_court=1
tennis_fullcourt,tennis,full_court_segmentation,train,vlcsnap-2023-11-28-14h16m38s536.png,data/tennis_fullcourt/images/train/vlcsnap-2023-11-28-14h16m38s536.png,data/tennis_fullcourt/masks/train/vlcsnap-2023-11-28-14h16m38s536.png,c4d891f2fd4e5dc0ce829cc524069a6c9317829c047d069e087604f556e8ce9a,d2f8fd0ef5db8968aa1c338f5482392b23056a00226a726e5b346f47ab149938,1920,1080,2,background=0;full_court=1
tennis_fullcourt,tennis,full_court_segmentation,train,vlcsnap-2023-11-28-14h16m44s271.png,data/tennis_fullcourt/images/train/vlcsnap-2023-11-28-14h16m44s271.png,data/tennis_fullcourt/masks/train/vlcsnap-2023-11-28-14h16m44s271.png,02ce99c0269c98b26dd546d6ce59fc7faf8283743b2900cd61a518865782dff1,d2f8fd0ef5db8968aa1c338f5482392b23056a00226a726e5b346f47ab149938,1920,1080,2,background=0;full_court=1
tennis_fullcourt,tennis,full_court_segmentation,train,vlcsnap-2023-11-28-14h16m48s871.png,data/tennis_fullcourt/images/train/vlcsnap-2023-11-28-14h16m48s871.png,data/tennis_fullcourt/masks/train/vlcsnap-2023-11-28-14h16m48s871.png,38537f967c483273ba71e2c8afd7f6165ce324546fec60c06c49545207a1538e,54530f9410af1999a58065a96e78de74303aa22c6832fa93c6b600bf038de385,1920,1080,2,background=0;full_court=1
tennis_fullcourt,tennis,full_court_segmentation,train,vlcsnap-2023-11-28-14h16m57s863.png,data/tennis_fullcourt/images/train/vlcsnap-2023-11-28-14h16m57s863.png,data/tennis_fullcourt/masks/train/vlcsnap-2023-11-28-14h16m57s863.png,dc1d8d043db25740556476c28a501e8502a76dce8415d7694236b68569a9b47a,54530f9410af1999a58065a96e78de74303aa22c6832fa93c6b600bf038de385,1920,1080,2,background=0;full_court=1
tennis_fullcourt,tennis,full_court_segmentation,train,vlcsnap-2023-11-28-14h17m01s489.png,data/tennis_fullcourt/images/train/vlcsnap-2023-11-28-14h17m01s489.png,data/tennis_fullcourt/masks/train/vlcsnap-2023-11-28-14h17m01s489.png,10dca984f4b2413fbd6ab168996419148ae6380f87760ae9642b75076586d2fe,54530f9410af1999a58065a96e78de74303aa22c6832fa93c6b600bf038de385,1920,1080,2,background=0;full_court=1
tennis_fullcourt,tennis,full_court_segmentation,train,vlcsnap-2023-11-28-14h17m04s597.png,data/tennis_fullcourt/images/train/vlcsnap-2023-11-28-14h17m04s597.png,data/tennis_fullcourt/masks/train/vlcsnap-2023-11-28-14h17m04s597.png,50ad6cc0c58cf088aa537a5e775c6b1f2390a3317c9b42a0d618779fc9f05432,54530f9410af1999a58065a96e78de74303aa22c6832fa93c6b600bf038de385,1920,1080,2,background=0;full_court=1
tennis_fullcourt,tennis,full_court_segmentation,train,vlcsnap-2023-11-28-14h17m08s396.png,data/tennis_fullcourt/images/train/vlcsnap-2023-11-28-14h17m08s396.png,data/tennis_fullcourt/masks/train/vlcsnap-2023-11-28-14h17m08s396.png,6ebe5c20d471be1d34c063000e7a1d6dbb1faa18e82d8be46c9bf9364c7059fb,54530f9410af1999a58065a96e78de74303aa22c6832fa93c6b600bf038de385,1920,1080,2,background=0;full_court=1
tennis_fullcourt,tennis,full_court_segmentation,train,vlcsnap-2023-11-28-14h17m14s517.png,data/tennis_fullcourt/images/train/vlcsnap-2023-11-28-14h17m14s517.png,data/tennis_fullcourt/masks/train/vlcsnap-2023-11-28-14h17m14s517.png,56d97fb8ce451561caecd67b7d2764f65b9d70c976f4e60caea8248511f07f62,54530f9410af1999a58065a96e78de74303aa22c6832fa93c6b600bf038de385,1920,1080,2,background=0;full_court=1
tennis_fullcourt,tennis,full_court_segmentation,train,vlcsnap-2023-11-28-14h17m30s244.png,data/tennis_fullcourt/images/train/vlcsnap-2023-11-28-14h17m30s244.png,data/tennis_fullcourt/masks/train/vlcsnap-2023-11-28-14h17m30s244.png,947a852488b1484076eee98734ac7f3671f38794b66f708a9ceafede9f14ab81,ade7f1ab91856276a9e1c9db19c0cfd3aef98754dc217aa919d3321023df15fc,1920,1080,2,background=0;full_court=1
tennis_fullcourt,tennis,full_court_segmentation,train,vlcsnap-2023-11-28-14h17m38s608.png,data/tennis_fullcourt/images/train/vlcsnap-2023-11-28-14h17m38s608.png,data/tennis_fullcourt/masks/train/vlcsnap-2023-11-28-14h17m38s608.png,a4901c5353d22127a63e0f4a3e5a83e42523cbd26db733d2cfa5aee163c613dd,0afcb3cc7ac7d690b0ea30115917bd9a9d8a2648983b9ff6f5ac9efe885def31,1920,1080,2,background=0;full_court=1
tennis_fullcourt,tennis,full_court_segmentation,train,vlcsnap-2023-11-28-14h18m12s103.png,data/tennis_fullcourt/images/train/vlcsnap-2023-11-28-14h18m12s103.png,data/tennis_fullcourt/masks/train/vlcsnap-2023-11-28-14h18m12s103.png,58c79b523030c1c6a2030ee6e5f76b4eb8f9fff9a1b230201b270eacff10c20f,ade7f1ab91856276a9e1c9db19c0cfd3aef98754dc217aa919d3321023df15fc,1920,1080,2,background=0;full_court=1
tennis_fullcourt,tennis,full_court_segmentation,train,vlcsnap-2023-11-28-14h18m20s532.png,data/tennis_fullcourt/images/train/vlcsnap-2023-11-28-14h18m20s532.png,data/tennis_fullcourt/masks/train/vlcsnap-2023-11-28-14h18m20s532.png,bde186e09848e5de5599f3c46d88cee905d9b5e75582509447e021bbb402148d,0afcb3cc7ac7d690b0ea30115917bd9a9d8a2648983b9ff6f5ac9efe885def31,1920,1080,2,background=0;full_court=1
tennis_fullcourt,tennis,full_court_segmentation,train,vlcsnap-2023-11-28-14h18m25s344.png,data/tennis_fullcourt/images/train/vlcsnap-2023-11-28-14h18m25s344.png,data/tennis_fullcourt/masks/train/vlcsnap-2023-11-28-14h18m25s344.png,030fdb4bd6e22967b9470aeec867939c475b4304d68f40d356ee54e03c7546bf,297b38bf4c71d4311237c44a9fb873eff60b849743a6b35109111fcff9071ecc,1920,1080,2,background=0;full_court=1
tennis_fullcourt,tennis,full_court_segmentation,train,vlcsnap-2023-11-28-14h18m29s372.png,data/tennis_fullcourt/images/train/vlcsnap-2023-11-28-14h18m29s372.png,data/tennis_fullcourt/masks/train/vlcsnap-2023-11-28-14h18m29s372.png,a0436958ec7db92fec78ea443f44881ddf90e71ed6475d7a2eb9dbf44a54975e,6d7ccee38dc5065fc4619e267ed529ae0e3ae09b1802cc7f41de0d81e81f2718,1920,1080,2,background=0;full_court=1
tennis_fullcourt,tennis,full_court_segmentation,train,vlcsnap-2023-11-28-14h18m33s363.png,data/tennis_fullcourt/images/train/vlcsnap-2023-11-28-14h18m33s363.png,data/tennis_fullcourt/masks/train/vlcsnap-2023-11-28-14h18m33s363.png,f9f04aa7a0489165b1e040e78f7c58788a7e6ea2d6fc26bba82c828e8c7ae3de,6d7ccee38dc5065fc4619e267ed529ae0e3ae09b1802cc7f41de0d81e81f2718,1920,1080,2,background=0;full_court=1
tennis_fullcourt,tennis,full_court_segmentation,train,vlcsnap-2023-11-28-14h18m37s392.png,data/tennis_fullcourt/images/train/vlcsnap-2023-11-28-14h18m37s392.png,data/tennis_fullcourt/masks/train/vlcsnap-2023-11-28-14h18m37s392.png,b5b7f2e1830dec21795e1d2651c21ffd0851a08166878927ed753b34d07c02a4,0afcb3cc7ac7d690b0ea30115917bd9a9d8a2648983b9ff6f5ac9efe885def31,1920,1080,2,background=0;full_court=1
tennis_fullcourt,tennis,full_court_segmentation,train,vlcsnap-2023-11-28-14h18m43s224.png,data/tennis_fullcourt/images/train/vlcsnap-2023-11-28-14h18m43s224.png,data/tennis_fullcourt/masks/train/vlcsnap-2023-11-28-14h18m43s224.png,c1a8b4a09e7d6d58f4af4945eab67baaa71f0db822dc5eac9368b8a5e5eeca4e,4eda53ae560be8bf5a1280be0a4705f1b6b1c1dc9bf2c7bf5098dffd1f577a31,1920,1080,2,background=0;full_court=1
tennis_fullcourt,tennis,full_court_segmentation,train,vlcsnap-2023-11-28-14h19m14s614.png,data/tennis_fullcourt/images/train/vlcsnap-2023-11-28-14h19m14s614.png,data/tennis_fullcourt/masks/train/vlcsnap-2023-11-28-14h19m14s614.png,13ce33818330f18e34f323da7c2260f3a9701f8d02c9d4c101b8e1c82b95997a,825a99dff9425b84a8985582a53fc32a965ff242085fb87955c362fe24d83f42,1920,1080,2,background=0;full_court=1
tennis_fullcourt,tennis,full_court_segmentation,train,vlcsnap-2023-11-28-14h19m18s589.png,data/tennis_fullcourt/images/train/vlcsnap-2023-11-28-14h19m18s589.png,data/tennis_fullcourt/masks/train/vlcsnap-2023-11-28-14h19m18s589.png,41cc053f79ca95ab055bdb852123ff0fecfb407c94e5f19a704779ee4e716ce2,d31a3c80e194a0e531d9c3c87ce0b617e626d261f8ed04960e82bc0ab6ff5092,1920,1080,2,background=0;full_court=1
tennis_fullcourt,tennis,full_court_segmentation,train,vlcsnap-2023-11-28-14h19m22s807.png,data/tennis_fullcourt/images/train/vlcsnap-2023-11-28-14h19m22s807.png,data/tennis_fullcourt/masks/train/vlcsnap-2023-11-28-14h19m22s807.png,6ef2e685142d075ce3d7e85aefccd936f190594c6d5a53c220fa2b3078872fa0,d31a3c80e194a0e531d9c3c87ce0b617e626d261f8ed04960e82bc0ab6ff5092,1920,1080,2,background=0;full_court=1
tennis_fullcourt,tennis,full_court_segmentation,train,vlcsnap-2023-11-28-14h19m26s263.png,data/tennis_fullcourt/images/train/vlcsnap-2023-11-28-14h19m26s263.png,data/tennis_fullcourt/masks/train/vlcsnap-2023-11-28-14h19m26s263.png,3c26e597dc6b832121abb0b145504259452612d66a224c0adf43126152b27c4c,ec62b945ec2e6aada79d861caed0bc95876ac28bcbfda8438b83461f6d7e765d,1920,1080,2,background=0;full_court=1
tennis_fullcourt,tennis,full_court_segmentation,val,018.png,data/tennis_fullcourt/images/val/018.png,data/tennis_fullcourt/masks/val/018.png,1550a7eb5ff13e8b46dad59240cf93648a1895e0a021e0d26d059487d6430939,45445599179e8d7121356d2d6de2554df1c7335d5d823435a5c0fe1a55368382,1920,1080,2,background=0;full_court=1
tennis_fullcourt,tennis,full_court_segmentation,val,038.png,data/tennis_fullcourt/images/val/038.png,data/tennis_fullcourt/masks/val/038.png,1154b7730ce4959ee8dd99e4e4e3aa5126086ea81554cba83d5593fe9538d332,00c9ecb980ec97ebd9599cb951b8332449ff7115e62634486e71ec2d1ac1009d,1920,1080,2,background=0;full_court=1
tennis_fullcourt,tennis,full_court_segmentation,val,052.png,data/tennis_fullcourt/images/val/052.png,data/tennis_fullcourt/masks/val/052.png,bab24b8e65d55e7cd2f5ff84acbcb094a3bdf36c80fda12e67eca04dd694729d,6b4a2cc1bdda3106ea165471acfc8c58cb45064fde3a21b08cdf5535b00ea4e1,1920,1080,2,background=0;full_court=1
tennis_fullcourt,tennis,full_court_segmentation,val,060.png,data/tennis_fullcourt/images/val/060.png,data/tennis_fullcourt/masks/val/060.png,e1b99bedf49429898b36ee2171e5c5f4addedb99ca57a373282fc2cccf5fe516,923f563b706ed757dfc68c9967e9032b67bcdaf96b26bb2ffc63f5a3a5efafdb,1920,1080,2,background=0;full_court=1
tennis_fullcourt,tennis,full_court_segmentation,val,064.png,data/tennis_fullcourt/images/val/064.png,data/tennis_fullcourt/masks/val/064.png,fa0e03cced31cd223290173dce9d174a94cc22d7e7324faa536adfc45fea464d,38f33683598819b28c6638bc8eb2a353b2911007f1ef645e3f145ce5d3b32b36,1920,1080,2,background=0;full_court=1
tennis_fullcourt,tennis,full_court_segmentation,val,079.png,data/tennis_fullcourt/images/val/079.png,data/tennis_fullcourt/masks/val/079.png,43401a748a5168b360aa47393f315aea3836110da02efd7216782c676eff4663,35a33e252f3fb532a1e78eae813bc648e8022da399b4f984140ffe38c8a17431,1920,1080,2,background=0;full_court=1
tennis_fullcourt,tennis,full_court_segmentation,val,084.png,data/tennis_fullcourt/images/val/084.png,data/tennis_fullcourt/masks/val/084.png,d406ad3e64ae1ec39cdff9fcac776a238be583ad8a972477996bd1f00848f957,08bc4b1acd5bb5cd3457a43f6fbbd46c5ff939ecb8ce183f22e04fbc50ab9d6a,1920,1080,2,background=0;full_court=1
tennis_fullcourt,tennis,full_court_segmentation,val,094.png,data/tennis_fullcourt/images/val/094.png,data/tennis_fullcourt/masks/val/094.png,aca07ded8e1dfb6bba65f80660f892d26f1793a7bbdfdd3165e037724cfd3f62,18c8124d344d262a02fb35580914d3d782eb422d55a6584dc8fc1dcce3ff3b2d,1920,1080,2,background=0;full_court=1
tennis_fullcourt,tennis,full_court_segmentation,val,102.png,data/tennis_fullcourt/images/val/102.png,data/tennis_fullcourt/masks/val/102.png,aa988136b0374b98e2c17ac35a41d5fe5e86fecc62e5a1bf6962b07a7a7aeb90,4076d881fa35492e509b5fc008f5a27fa71aa2c9e05459d9ca54b50fe616cbf9,1920,1080,2,background=0;full_court=1
tennis_fullcourt,tennis,full_court_segmentation,val,107.png,data/tennis_fullcourt/images/val/107.png,data/tennis_fullcourt/masks/val/107.png,a584c3a831135efab646d20d8647eebe95456764d47757136d3a80e2124036a4,5923a4a30f4b7f2cbf51d7af207db02e6d4ad1541d45960b26117f696fe2a263,1920,1080,2,background=0;full_court=1
tennis_fullcourt,tennis,full_court_segmentation,val,108.png,data/tennis_fullcourt/images/val/108.png,data/tennis_fullcourt/masks/val/108.png,577f1107f6c380ebcae47313885f386a0071eed1d58812a15ef3f444d5019a80,aa7987b4b3439a007ee7b53311c03c9f693ddc5ef6f4393616efb60d22f10dcb,1920,1080,2,background=0;full_court=1
tennis_fullcourt,tennis,full_court_segmentation,val,110.png,data/tennis_fullcourt/images/val/110.png,data/tennis_fullcourt/masks/val/110.png,868a3576b3a73e7874f0f9c5acebf007ac82ce0401e28d653b25203adff95af3,6bb2060f2bcbf33b6d44db7197599c98979fc28c2615ebd620c8921dedb96658,1920,1080,2,background=0;full_court=1
tennis_fullcourt,tennis,full_court_segmentation,val,111.png,data/tennis_fullcourt/images/val/111.png,data/tennis_fullcourt/masks/val/111.png,627e99b14c88a4837c7be79a3d65df656c25cba8d464c93f03d1c1196e80adb5,6bb2060f2bcbf33b6d44db7197599c98979fc28c2615ebd620c8921dedb96658,1920,1080,2,background=0;full_court=1
tennis_fullcourt,tennis,full_court_segmentation,val,116.png,data/tennis_fullcourt/images/val/116.png,data/tennis_fullcourt/masks/val/116.png,bd9f108fee46ca6104ee4daf774782b89f4536904e1dadb85117ee7c25f9caee,323a322fab7b0d25e05a4d50a712f6b56c9d798483d96b878399f45433256f48,1920,1080,2,background=0;full_court=1
tennis_fullcourt,tennis,full_court_segmentation,val,121.png,data/tennis_fullcourt/images/val/121.png,data/tennis_fullcourt/masks/val/121.png,a229c4dcd0cdedf4e033d1907dde79a13ff72d2b24da431c0f29b1783e03e8a5,dcfcaafed8b2e60d0adad837d7ce0e351438c3f391ccf8fb851183806190961e,1920,1080,2,background=0;full_court=1
tennis_fullcourt,tennis,full_court_segmentation,val,132.png,data/tennis_fullcourt/images/val/132.png,data/tennis_fullcourt/masks/val/132.png,aacd66bd42a1af6b2a534aaf83069b8307c376ef2e6790c6e6db0646959cd611,4f48dbc54191707689ba6bf8c9c7797b6946be8eb627c52cf607aa62fa385b51,1920,1080,2,background=0;full_court=1
tennis_fullcourt,tennis,full_court_segmentation,val,146.png,data/tennis_fullcourt/images/val/146.png,data/tennis_fullcourt/masks/val/146.png,e1511dd0bf2e57fd64a3397f67b9cd9b515fd35e7037e9a64cc90b63b4e2062e,9f14f2d4b7d5eab383cd0a82ff85d6fd485dae09be097ed9b163488473d11ea0,1920,1080,2,background=0;full_court=1
tennis_fullcourt,tennis,full_court_segmentation,val,149.png,data/tennis_fullcourt/images/val/149.png,data/tennis_fullcourt/masks/val/149.png,97be2f68d66cb61bef3b0dcf0babb733702fda712cf679e465c022a7f329d70b,48a702b6ac004d9bb439aa09faf4dea1be5685e95130cc35d2587c5f17a2d84e,1920,1080,2,background=0;full_court=1
tennis_fullcourt,tennis,full_court_segmentation,val,156.png,data/tennis_fullcourt/images/val/156.png,data/tennis_fullcourt/masks/val/156.png,f03cc197e1221ac23b0e146a7d146931abeb3a53bdf14915ab5c127ba183e92d,0869a192102b0e643ac30f70bd5593404ac292566104ea18cfdf0bdda112bccd,1920,1080,2,background=0;full_court=1
tennis_fullcourt,tennis,full_court_segmentation,val,159.png,data/tennis_fullcourt/images/val/159.png,data/tennis_fullcourt/masks/val/159.png,6c7f0998f8087661afc36dbe1a51e8be5280d33b6daad389f8355ce3e338ca25,fb1a42b2b70cc573c5ee895b221e396229b8b7a6ad44410c30e70eb059faf66a,1920,1080,2,background=0;full_court=1
tennis_fullcourt,tennis,full_court_segmentation,val,160.png,data/tennis_fullcourt/images/val/160.png,data/tennis_fullcourt/masks/val/160.png,65d884509bc3cca72e602fbcc550e6efce39a258b39ea466317c36f2f7e164aa,fb1a42b2b70cc573c5ee895b221e396229b8b7a6ad44410c30e70eb059faf66a,1920,1080,2,background=0;full_court=1
tennis_fullcourt,tennis,full_court_segmentation,val,171.png,data/tennis_fullcourt/images/val/171.png,data/tennis_fullcourt/masks/val/171.png,37cc8877fae716c1856f639105d8358178c875fbe107f3e1c55794d41b06550f,b4a0ca2ec1d337c84fc1bc5993c08967d858b4d211762342f23f30a7c7f48b6d,1920,1080,2,background=0;full_court=1
tennis_fullcourt,tennis,full_court_segmentation,val,181.png,data/tennis_fullcourt/images/val/181.png,data/tennis_fullcourt/masks/val/181.png,e3e6feb92343527da8ba45526be3149ecab8a0f3c3d714b976f4dfda75c2cc8d,c2c5ac6a249376f6e9bd89cf40bc4b98f40c338cad820737810be0d6602f4d6d,1920,1080,2,background=0;full_court=1
tennis_fullcourt,tennis,full_court_segmentation,val,188.png,data/tennis_fullcourt/images/val/188.png,data/tennis_fullcourt/masks/val/188.png,b4667ec2278a6e556d23e08d1880b8470451dcd01425a5e65c00f2a708b403b6,c2c5ac6a249376f6e9bd89cf40bc4b98f40c338cad820737810be0d6602f4d6d,1920,1080,2,background=0;full_court=1
tennis_fullcourt,tennis,full_court_segmentation,val,192.png,data/tennis_fullcourt/images/val/192.png,data/tennis_fullcourt/masks/val/192.png,62399565ce48ec7630578c7a6efdd37c2f728c5214a6234cb9bcdfe4d6c54a4a,305265acddad981e2a22cbe7e4fafb6b46dfabbb24f2427fd7636ed398a60cfe,1920,1080,2,background=0;full_court=1
tennis_fullcourt,tennis,full_court_segmentation,val,197.png,data/tennis_fullcourt/images/val/197.png,data/tennis_fullcourt/masks/val/197.png,55e54a8ab38298defe56f3c6c923463a6b1df696b2da2f1e8c4ef67b80165502,05d69161d440b234dbaa845e10d9c7e330873a2a617c22b8d5412420bb3e6084,1920,1080,2,background=0;full_court=1
tennis_fullcourt,tennis,full_court_segmentation,val,203.png,data/tennis_fullcourt/images/val/203.png,data/tennis_fullcourt/masks/val/203.png,c0248ac72a8cc9cb860b1b02cd0cdd55b4a8f7c4d93f6043ffdad11e56a4fedf,05d69161d440b234dbaa845e10d9c7e330873a2a617c22b8d5412420bb3e6084,1920,1080,2,background=0;full_court=1
tennis_fullcourt,tennis,full_court_segmentation,val,208.png,data/tennis_fullcourt/images/val/208.png,data/tennis_fullcourt/masks/val/208.png,2588e2d86516999c7d3a79d483948d3589350bf10da3361eca2c61e5765e258f,05d69161d440b234dbaa845e10d9c7e330873a2a617c22b8d5412420bb3e6084,1920,1080,2,background=0;full_court=1
tennis_fullcourt,tennis,full_court_segmentation,val,211.png,data/tennis_fullcourt/images/val/211.png,data/tennis_fullcourt/masks/val/211.png,7b06834f6d1b18ad62a404a59a634aa6a02b431afb0d66613dea9938596ddeb8,05d69161d440b234dbaa845e10d9c7e330873a2a617c22b8d5412420bb3e6084,1920,1080,2,background=0;full_court=1
tennis_fullcourt,tennis,full_court_segmentation,val,213.png,data/tennis_fullcourt/images/val/213.png,data/tennis_fullcourt/masks/val/213.png,d9c7754ff16fa2d224f49cadc6458639fa9ca3878163ef24187ed8589318d0fb,05d69161d440b234dbaa845e10d9c7e330873a2a617c22b8d5412420bb3e6084,1920,1080,2,background=0;full_court=1
tennis_fullcourt,tennis,full_court_segmentation,val,233.png,data/tennis_fullcourt/images/val/233.png,data/tennis_fullcourt/masks/val/233.png,66b5e9836698f2562b8dc6b3c602e899a92b5fa733b3b51f014d94e07ac55a60,f113b5a27132ba124750ed3f43ae552ab74e6d4473e4ef91e954fc06b8cfadc2,1920,1080,2,background=0;full_court=1
tennis_fullcourt,tennis,full_court_segmentation,val,236.png,data/tennis_fullcourt/images/val/236.png,data/tennis_fullcourt/masks/val/236.png,3b4550d3994d00ac3b0018715ba2a5b3d2d6616c673259493363340e46584026,4869551707d3823cd2b5bf09792bf65dc0e35fb1d7654d2ebfd67f0ca62cd61a,1920,1080,2,background=0;full_court=1
tennis_fullcourt,tennis,full_court_segmentation,val,237.png,data/tennis_fullcourt/images/val/237.png,data/tennis_fullcourt/masks/val/237.png,a7c16dfbce580d24b3a636b462bcf0d8a4e244b830de68d9e9d13a131618ba73,4869551707d3823cd2b5bf09792bf65dc0e35fb1d7654d2ebfd67f0ca62cd61a,1920,1080,2,background=0;full_court=1
tennis_fullcourt,tennis,full_court_segmentation,val,240.png,data/tennis_fullcourt/images/val/240.png,data/tennis_fullcourt/masks/val/240.png,36858534ef93845da3f9282724a19093439b86211dcdd4d4c0b88904a4c9a15f,4869551707d3823cd2b5bf09792bf65dc0e35fb1d7654d2ebfd67f0ca62cd61a,1920,1080,2,background=0;full_court=1
tennis_fullcourt,tennis,full_court_segmentation,val,247.png,data/tennis_fullcourt/images/val/247.png,data/tennis_fullcourt/masks/val/247.png,ecb89a9d3d75b5cc6a13b1990ab4c1248a18f3ae48668a2cac88283dd4dcd177,e0cd0da09285b3a66189d8ed97d63d2f903136a541a2d4003de83f7e56f64542,1920,1080,2,background=0;full_court=1
tennis_fullcourt,tennis,full_court_segmentation,val,248.png,data/tennis_fullcourt/images/val/248.png,data/tennis_fullcourt/masks/val/248.png,b7fa680de7588d0c4a6c8750dae6bd3f69f73d0739c1e786590b29318a44e7ad,e0cd0da09285b3a66189d8ed97d63d2f903136a541a2d4003de83f7e56f64542,1920,1080,2,background=0;full_court=1
tennis_fullcourt,tennis,full_court_segmentation,val,253.png,data/tennis_fullcourt/images/val/253.png,data/tennis_fullcourt/masks/val/253.png,6fcb782e056028ff569c5b4e4b06827e7f37ead597354e13f889c5bb6ac04914,ecd4e22e93c228ca081fe742a0f22cbeaf1069d5a986239700f92d1152353d8e,1920,1080,2,background=0;full_court=1
tennis_fullcourt,tennis,full_court_segmentation,val,264.png,data/tennis_fullcourt/images/val/264.png,data/tennis_fullcourt/masks/val/264.png,58c9d98e45dd38c4d98532e1be8dd895566fac2b8bb66b1df461b14af446460b,cc7a91fa817ed8fce591ef302cae8c2fa16104c4f0b60cba82b5400231f65661,1920,1080,2,background=0;full_court=1
tennis_fullcourt,tennis,full_court_segmentation,val,265.png,data/tennis_fullcourt/images/val/265.png,data/tennis_fullcourt/masks/val/265.png,853ec67f708d7d1caf706a075901adfa34eaade17cf75281677cf3c391fdfa82,a9495d414772c9e5d2c86411fec450d85b8f10dc3f014805783c14cc659afce5,1920,1080,2,background=0;full_court=1
tennis_fullcourt,tennis,full_court_segmentation,val,268.png,data/tennis_fullcourt/images/val/268.png,data/tennis_fullcourt/masks/val/268.png,39695b226529743849b37180388d95ea21a2f63927458f1f8bf32765f5a8008b,295c9889b50f2789214de824a3a7029b9fc4f9b0c01014e0edf6c86b3b6e65e1,1920,1080,2,background=0;full_court=1
tennis_fullcourt,tennis,full_court_segmentation,val,275.png,data/tennis_fullcourt/images/val/275.png,data/tennis_fullcourt/masks/val/275.png,744a18bd5e2e262588e155fcfec92695a4026079dfba583f0b102c0ec3445745,763e74b0ecd02699dd43598c841a05eee6cc2ce2f80b99279c45ee17c301eccc,1920,1080,2,background=0;full_court=1
tennis_fullcourt,tennis,full_court_segmentation,val,vlcsnap-2023-06-28-14h05m57s628.png,data/tennis_fullcourt/images/val/vlcsnap-2023-06-28-14h05m57s628.png,data/tennis_fullcourt/masks/val/vlcsnap-2023-06-28-14h05m57s628.png,8eed150b624cfc7573551bd9f16480d266a1734c7af38d5d6828cd62e2d45c0c,f1ad771a64e0dfa9a3c4a19b95fe956d9abe02236dab9fb0cf4e606d56d13721,1920,1080,2,background=0;full_court=1
tennis_fullcourt,tennis,full_court_segmentation,val,vlcsnap-2023-06-28-14h06m01s930.png,data/tennis_fullcourt/images/val/vlcsnap-2023-06-28-14h06m01s930.png,data/tennis_fullcourt/masks/val/vlcsnap-2023-06-28-14h06m01s930.png,cb63638a2da83895607013c834688bfc2b2b2163129b4c1bb462975966beb3d4,676af0f5a93dde1556b57035bf44139864555f071a5bfbe9bf54efafd86b1882,1920,1080,2,background=0;full_court=1
tennis_fullcourt,tennis,full_court_segmentation,val,vlcsnap-2023-06-28-14h10m19s922.png,data/tennis_fullcourt/images/val/vlcsnap-2023-06-28-14h10m19s922.png,data/tennis_fullcourt/masks/val/vlcsnap-2023-06-28-14h10m19s922.png,992f3143b4d594bc8130fcf9aa25893e4683265b1357c23f1d7d1aefcbd0db47,ecdb5860033cefda1fcfad7de9c4e3dd932304827f171cf44ae58fa023b04f9d,1920,1080,2,background=0;full_court=1
tennis_fullcourt,tennis,full_court_segmentation,val,vlcsnap-2023-06-28-14h10m47s418.png,data/tennis_fullcourt/images/val/vlcsnap-2023-06-28-14h10m47s418.png,data/tennis_fullcourt/masks/val/vlcsnap-2023-06-28-14h10m47s418.png,18711aa3c47a8c389b7f020487c2cdc3173d702012a91ff4811198392d73c4fa,77052d36860a798e0064da723fbb4950c848bdada37e3b28b13d4338fea15e48,1920,1080,2,background=0;full_court=1
tennis_fullcourt,tennis,full_court_segmentation,val,vlcsnap-2023-06-28-14h10m53s478.png,data/tennis_fullcourt/images/val/vlcsnap-2023-06-28-14h10m53s478.png,data/tennis_fullcourt/masks/val/vlcsnap-2023-06-28-14h10m53s478.png,abc97d94e788fcb21b47c9cd9fc948bfbc94cf7a8e9c583857598e11570e7291,09534b1bf24ba325f24a0f7ea9e6a67868d3e5791efc3db4e3fa0e70b107f18a,1920,1080,2,background=0;full_court=1
tennis_fullcourt,tennis,full_court_segmentation,val,vlcsnap-2023-06-28-14h10m58s446.png,data/tennis_fullcourt/images/val/vlcsnap-2023-06-28-14h10m58s446.png,data/tennis_fullcourt/masks/val/vlcsnap-2023-06-28-14h10m58s446.png,d6773926b834f45f553e8a9efde225b284eaa3a41036944816a79a7c2b062858,4e80ca37ecfa826c4d767790c4e84ed32ced668f7fc8a7db1fa1142f2ee356ab,1920,1080,2,background=0;full_court=1
tennis_fullcourt,tennis,full_court_segmentation,val,vlcsnap-2023-06-28-14h14m40s248.png,data/tennis_fullcourt/images/val/vlcsnap-2023-06-28-14h14m40s248.png,data/tennis_fullcourt/masks/val/vlcsnap-2023-06-28-14h14m40s248.png,459cb8340e47ef567ced34edb84e9622f0a031404311f72bcbf0e176a98f961e,f85a48be82b0138147e14052849fc82e330cec1a1a47f3ffc553adadd36c2922,1920,1080,2,background=0;full_court=1
tennis_fullcourt,tennis,full_court_segmentation,val,vlcsnap-2023-06-28-14h15m13s571.png,data/tennis_fullcourt/images/val/vlcsnap-2023-06-28-14h15m13s571.png,data/tennis_fullcourt/masks/val/vlcsnap-2023-06-28-14h15m13s571.png,78117333e90f701218b5045f58480f1be85f35888b60c23abe2eaae3323b287c,1857b5beb06275aedb7096157136322233e0839b7e54fcc38ae78a17d5a4d394,1920,1080,2,background=0;full_court=1
tennis_fullcourt,tennis,full_court_segmentation,val,vlcsnap-2023-06-28-14h15m18s481.png,data/tennis_fullcourt/images/val/vlcsnap-2023-06-28-14h15m18s481.png,data/tennis_fullcourt/masks/val/vlcsnap-2023-06-28-14h15m18s481.png,07b1a4f274b5ba95df1cd4a6206e83718948b9da7bd191033fba4ebd703b29b3,cd1c46d77d4c1289479d38a54c63dac234aca3d0f87d2f7e84507237bbb7e5e3,1920,1080,2,background=0;full_court=1
tennis_fullcourt,tennis,full_court_segmentation,val,vlcsnap-2023-06-28-14h15m24s640.png,data/tennis_fullcourt/images/val/vlcsnap-2023-06-28-14h15m24s640.png,data/tennis_fullcourt/masks/val/vlcsnap-2023-06-28-14h15m24s640.png,58374c5e52a4fe50d6619b793e6260dd9c00aecc9553318984c3bbde22f0d532,5797d59c47d743dac98206945c8bff898061b42a7c232632af37b3c1b1c9c8c1,1920,1080,2,background=0;full_court=1
tennis_fullcourt,tennis,full_court_segmentation,val,vlcsnap-2023-06-28-14h15m59s974.png,data/tennis_fullcourt/images/val/vlcsnap-2023-06-28-14h15m59s974.png,data/tennis_fullcourt/masks/val/vlcsnap-2023-06-28-14h15m59s974.png,772f700b952fd4813b4844dcde3dc7f10e2db35af3e041c4970e503d7242c43b,ecbde4d708d7c1777c29791926e46e39735328fd356b39c262ff570e65498bc2,1920,1080,2,background=0;full_court=1
tennis_fullcourt,tennis,full_court_segmentation,val,vlcsnap-2023-06-28-14h16m26s304.png,data/tennis_fullcourt/images/val/vlcsnap-2023-06-28-14h16m26s304.png,data/tennis_fullcourt/masks/val/vlcsnap-2023-06-28-14h16m26s304.png,603a1efa50c9f861bfe0db5d6aa384d14f14df42313b1f7a7d8f71ec0528f5a6,0b09b5dbbd35333c879d8b0dba719adb5b6a547011ee61f6f5e5237cc6c1d998,1920,1080,2,background=0;full_court=1
tennis_fullcourt,tennis,full_court_segmentation,val,vlcsnap-2023-06-28-14h16m30s487.png,data/tennis_fullcourt/images/val/vlcsnap-2023-06-28-14h16m30s487.png,data/tennis_fullcourt/masks/val/vlcsnap-2023-06-28-14h16m30s487.png,39aabadfb5530edc1237a89adb0068f92ade9c6a9b6526df16dff529cb08c4b6,829afedee357989eb3d98d7a0a3c88b3f7c9115bfe20fee41fe2fb77fec00f95,1920,1080,2,background=0;full_court=1
tennis_fullcourt,tennis,full_court_segmentation,val,vlcsnap-2023-06-28-14h16m40s686.png,data/tennis_fullcourt/images/val/vlcsnap-2023-06-28-14h16m40s686.png,data/tennis_fullcourt/masks/val/vlcsnap-2023-06-28-14h16m40s686.png,5a5d112ba3e963a693b914973610ee1cf9873679c64a1285b083b34e11fa0498,e5fba817d1db84e3c8c8e651e7bc4a9ed08112958ce5ed53deddcaa25f17114d,1920,1080,2,background=0;full_court=1
tennis_fullcourt,tennis,full_court_segmentation,val,vlcsnap-2023-06-28-14h16m55s952.png,data/tennis_fullcourt/images/val/vlcsnap-2023-06-28-14h16m55s952.png,data/tennis_fullcourt/masks/val/vlcsnap-2023-06-28-14h16m55s952.png,55d88962b1b0c929d94a832a00b8a114fe5082360cd54ccbe4f630fb320cc303,328b06edc4f65c980e3ce610f67ac57111a7feaeca3c07e2d5b7f0dda1082526,1920,1080,2,background=0;full_court=1
tennis_fullcourt,tennis,full_court_segmentation,val,vlcsnap-2023-06-28-14h19m09s168.png,data/tennis_fullcourt/images/val/vlcsnap-2023-06-28-14h19m09s168.png,data/tennis_fullcourt/masks/val/vlcsnap-2023-06-28-14h19m09s168.png,e86a3924368ac3483bff440d96e616821af843d52145415e95564168b74beb5a,6c57af514d8324de2039cdbd834b8f26bf743c2443c1e38c2852b896c87e15c7,1920,1080,2,background=0;full_court=1
tennis_fullcourt,tennis,full_court_segmentation,val,vlcsnap-2023-06-28-14h19m19s656.png,data/tennis_fullcourt/images/val/vlcsnap-2023-06-28-14h19m19s656.png,data/tennis_fullcourt/masks/val/vlcsnap-2023-06-28-14h19m19s656.png,dfbeeffdc8bcf83093d202caa30ab7c212df05782d5ada82142d2e2bb0740d5e,5797d59c47d743dac98206945c8bff898061b42a7c232632af37b3c1b1c9c8c1,1920,1080,2,background=0;full_court=1
tennis_fullcourt,tennis,full_court_segmentation,val,vlcsnap-2023-06-28-14h19m59s472.png,data/tennis_fullcourt/images/val/vlcsnap-2023-06-28-14h19m59s472.png,data/tennis_fullcourt/masks/val/vlcsnap-2023-06-28-14h19m59s472.png,5b5b206af8f9895845c5979c87f04e340d5a6d9cc3ab8197b4675bb992de3869,5797d59c47d743dac98206945c8bff898061b42a7c232632af37b3c1b1c9c8c1,1920,1080,2,background=0;full_court=1
tennis_fullcourt,tennis,full_court_segmentation,val,vlcsnap-2023-06-28-14h20m03s692.png,data/tennis_fullcourt/images/val/vlcsnap-2023-06-28-14h20m03s692.png,data/tennis_fullcourt/masks/val/vlcsnap-2023-06-28-14h20m03s692.png,90c145d8d9b26d08417a68ce4bf7411bf4045db51e2ffefbe3eee9fcbd0017d0,f5679cef69141f79714e8da7d58c4e52f8b5dd6791e01837640b11f776682b19,1920,1080,2,background=0;full_court=1
tennis_fullcourt,tennis,full_court_segmentation,val,vlcsnap-2023-06-28-14h22m14s598.png,data/tennis_fullcourt/images/val/vlcsnap-2023-06-28-14h22m14s598.png,data/tennis_fullcourt/masks/val/vlcsnap-2023-06-28-14h22m14s598.png,4b207247637a0e367179aa72d57b6e4efb357f4989d9bc7bed6a4510ba1fad7b,157044195804b8143587ea3c652c0816f608fd8b1469c65e3ad7b9e217605071,1920,1080,2,background=0;full_court=1
tennis_fullcourt,tennis,full_court_segmentation,val,vlcsnap-2023-11-10-13h59m49s557.png,data/tennis_fullcourt/images/val/vlcsnap-2023-11-10-13h59m49s557.png,data/tennis_fullcourt/masks/val/vlcsnap-2023-11-10-13h59m49s557.png,08d73d665277bca0d072206689a73aa3b0a147238a71a8c03459e96600daa967,08677545012d860e65c523270e4ce899d441b3493245893f9afbb92e690690e8,1920,1080,2,background=0;full_court=1
tennis_fullcourt,tennis,full_court_segmentation,val,vlcsnap-2023-11-10-14h00m31s764.png,data/tennis_fullcourt/images/val/vlcsnap-2023-11-10-14h00m31s764.png,data/tennis_fullcourt/masks/val/vlcsnap-2023-11-10-14h00m31s764.png,3e6e29e94021d7ec6775b0cb31d32a4927237fabb99d21967b93d71d4dac4ff3,08677545012d860e65c523270e4ce899d441b3493245893f9afbb92e690690e8,1920,1080,2,background=0;full_court=1
tennis_fullcourt,tennis,full_court_segmentation,val,vlcsnap-2023-11-10-14h00m36s197.png,data/tennis_fullcourt/images/val/vlcsnap-2023-11-10-14h00m36s197.png,data/tennis_fullcourt/masks/val/vlcsnap-2023-11-10-14h00m36s197.png,915d5eb97c5e86bdc2140d655aabfd0c6fd69a3d9550a90b2c35f5d976854aab,08677545012d860e65c523270e4ce899d441b3493245893f9afbb92e690690e8,1920,1080,2,background=0;full_court=1
tennis_fullcourt,tennis,full_court_segmentation,val,vlcsnap-2023-11-10-14h04m12s901.png,data/tennis_fullcourt/images/val/vlcsnap-2023-11-10-14h04m12s901.png,data/tennis_fullcourt/masks/val/vlcsnap-2023-11-10-14h04m12s901.png,e38ec8b38130d6605849a2a10da50bbf0eb780142ac508122fcfac057436ebef,df758878d0178123b7a4a2774dd1e0982d6101746d9c552094101f02173095df,1920,1080,2,background=0;full_court=1
tennis_fullcourt,tennis,full_court_segmentation,val,vlcsnap-2023-11-10-14h04m25s231.png,data/tennis_fullcourt/images/val/vlcsnap-2023-11-10-14h04m25s231.png,data/tennis_fullcourt/masks/val/vlcsnap-2023-11-10-14h04m25s231.png,0b02c29d7b6337f1adb90bcc068d113496b547ac7b6d3d47d1b8639021190a4b,04ec3b5b906ab5c22e3cf4b265dc41e09cd8204ce650c3ee53874b5a1c75f36e,1920,1080,2,background=0;full_court=1
tennis_fullcourt,tennis,full_court_segmentation,val,vlcsnap-2023-11-10-14h05m02s331.png,data/tennis_fullcourt/images/val/vlcsnap-2023-11-10-14h05m02s331.png,data/tennis_fullcourt/masks/val/vlcsnap-2023-11-10-14h05m02s331.png,706e208862ac001114f2227874eca3550e232c59a5d7a084a2d112da9b3a0ef3,5c55d5d2c899eec7d5fabdd241607ad091c6596166a35742033d77214d76c63d,1920,1080,2,background=0;full_court=1
tennis_fullcourt,tennis,full_court_segmentation,val,vlcsnap-2023-11-10-14h07m40s450.png,data/tennis_fullcourt/images/val/vlcsnap-2023-11-10-14h07m40s450.png,data/tennis_fullcourt/masks/val/vlcsnap-2023-11-10-14h07m40s450.png,17e6934c1dd38437bf8e4ea50d351e029d0c4e9c7da60fe58fedf00709c1c240,8f59bf845d7366bf496922ab2ed89755cadf6ff3bcdc569c578f62186e8f6c0c,1920,1080,2,background=0;full_court=1
tennis_fullcourt,tennis,full_court_segmentation,val,vlcsnap-2023-11-10-14h07m57s308.png,data/tennis_fullcourt/images/val/vlcsnap-2023-11-10-14h07m57s308.png,data/tennis_fullcourt/masks/val/vlcsnap-2023-11-10-14h07m57s308.png,a6b94f5e2be93876d87cb6a196acab8f59d668de5453f64040c0fe94b44d9ffb,c0dfc060caf3b8a4603ab0d9b689a349216cac49bca65ecb919784402a563083,1920,1080,2,background=0;full_court=1
tennis_fullcourt,tennis,full_court_segmentation,val,vlcsnap-2023-11-10-14h08m15s149.png,data/tennis_fullcourt/images/val/vlcsnap-2023-11-10-14h08m15s149.png,data/tennis_fullcourt/masks/val/vlcsnap-2023-11-10-14h08m15s149.png,506d26163ba6f1e02f67d031df7710a5801868a18979c52b767ca2b1315a9c06,c0dfc060caf3b8a4603ab0d9b689a349216cac49bca65ecb919784402a563083,1920,1080,2,background=0;full_court=1
tennis_fullcourt,tennis,full_court_segmentation,val,vlcsnap-2023-11-10-14h08m20s071.png,data/tennis_fullcourt/images/val/vlcsnap-2023-11-10-14h08m20s071.png,data/tennis_fullcourt/masks/val/vlcsnap-2023-11-10-14h08m20s071.png,354d2ea063d0ece3142a00750a0339c1c669f9364fcf164b5b8c248bfbb8d245,c0dfc060caf3b8a4603ab0d9b689a349216cac49bca65ecb919784402a563083,1920,1080,2,background=0;full_court=1
tennis_fullcourt,tennis,full_court_segmentation,val,vlcsnap-2023-11-10-14h09m57s921.png,data/tennis_fullcourt/images/val/vlcsnap-2023-11-10-14h09m57s921.png,data/tennis_fullcourt/masks/val/vlcsnap-2023-11-10-14h09m57s921.png,b36fdcc8f05077ee08f083d55a21ee802425fdd04063f4b0d6443694bb4d29e2,55922b44f781a07f511fb001088aae02bce46facd0024a0aedb009ea6804c9cc,1920,1080,2,background=0;full_court=1
tennis_fullcourt,tennis,full_court_segmentation,val,vlcsnap-2023-11-10-14h10m24s842.png,data/tennis_fullcourt/images/val/vlcsnap-2023-11-10-14h10m24s842.png,data/tennis_fullcourt/masks/val/vlcsnap-2023-11-10-14h10m24s842.png,c0fe77254c773dba6abf05479886d655f82f5508ef67b0321bc14cd26bd6af81,5628b1ce92d815a7c0c8a3e77d2945c21a3dfe6b88ba5efb7d50f1a5cafb7e22,1920,1080,2,background=0;full_court=1
tennis_fullcourt,tennis,full_court_segmentation,val,vlcsnap-2023-11-10-14h12m33s502.png,data/tennis_fullcourt/images/val/vlcsnap-2023-11-10-14h12m33s502.png,data/tennis_fullcourt/masks/val/vlcsnap-2023-11-10-14h12m33s502.png,014f3ca263a838c38cc4a761ab39ecf9773f0c98a0808b1dd718dda69ce1f034,5255be26ac205bab061397e914125e223ce84353fb8df43bda187ba6c258be66,1920,1080,2,background=0;full_court=1
tennis_fullcourt,tennis,full_court_segmentation,val,vlcsnap-2023-11-13-13h48m55s152.png,data/tennis_fullcourt/images/val/vlcsnap-2023-11-13-13h48m55s152.png,data/tennis_fullcourt/masks/val/vlcsnap-2023-11-13-13h48m55s152.png,8761c70ae4d63668d03193498b7dc596748d5f3cf76e76054f19ff59eadcf18e,3f9a4f3732fe3353c60d9f33988741abb6d95cbc7fecd76b3d5058872fab6887,1920,1080,2,background=0;full_court=1
tennis_fullcourt,tennis,full_court_segmentation,val,vlcsnap-2023-11-13-13h53m56s886.png,data/tennis_fullcourt/images/val/vlcsnap-2023-11-13-13h53m56s886.png,data/tennis_fullcourt/masks/val/vlcsnap-2023-11-13-13h53m56s886.png,868d33157c48d466587e650fb968ebbf8d30a62095a2b1a371504037cf6093ed,990d2f2c76148fc0478c24c036e76e4ab6a13cabc40e20fab2b18e41046867bb,1920,1080,2,background=0;full_court=1
tennis_fullcourt,tennis,full_court_segmentation,val,vlcsnap-2023-11-13-13h54m15s259.png,data/tennis_fullcourt/images/val/vlcsnap-2023-11-13-13h54m15s259.png,data/tennis_fullcourt/masks/val/vlcsnap-2023-11-13-13h54m15s259.png,6575ba9704bf0a5199db9b6bea4ffe29fdbe9594901a603f3e741d008888ae8c,febe1153d9420e3cc2e86bf6d89ffcec9fdf3fea843da96914ce1184563f1f5a,1920,1080,2,background=0;full_court=1
tennis_fullcourt,tennis,full_court_segmentation,val,vlcsnap-2023-11-13-13h57m03s886.png,data/tennis_fullcourt/images/val/vlcsnap-2023-11-13-13h57m03s886.png,data/tennis_fullcourt/masks/val/vlcsnap-2023-11-13-13h57m03s886.png,06d8ca54397841c2c46adfc4d1fb5b05a1b947c5d47e9a6bb19aff138a73cd9d,3381edae3c9ad29de53d486d1cc52f4e213be1d1a0655adbaacf14e0d7e0c185,1920,1080,2,background=0;full_court=1
tennis_fullcourt,tennis,full_court_segmentation,val,vlcsnap-2023-11-13-14h08m08s346.png,data/tennis_fullcourt/images/val/vlcsnap-2023-11-13-14h08m08s346.png,data/tennis_fullcourt/masks/val/vlcsnap-2023-11-13-14h08m08s346.png,d2a77eae9852193cbffebb37d93f8f1efb89dee51a724fbf4b92a6ca2ad7fc92,ec4ea75e16932f2526f91ee2b0b81c0d830eba3e6da08fab008ef333c20af72a,1920,1080,2,background=0;full_court=1
tennis_fullcourt,tennis,full_court_segmentation,val,vlcsnap-2023-11-13-14h09m04s639.png,data/tennis_fullcourt/images/val/vlcsnap-2023-11-13-14h09m04s639.png,data/tennis_fullcourt/masks/val/vlcsnap-2023-11-13-14h09m04s639.png,14a3c590ced384a1c6fe2f76bf2858e0e9c08933f4ba5035284d85ee43dc74be,7af2e366f6ea965accb0f819f6c56428a6fbd5d6dd83e2eadd67d1b09c771811,1920,1080,2,background=0;full_court=1
tennis_fullcourt,tennis,full_court_segmentation,val,vlcsnap-2023-11-13-14h10m54s860.png,data/tennis_fullcourt/images/val/vlcsnap-2023-11-13-14h10m54s860.png,data/tennis_fullcourt/masks/val/vlcsnap-2023-11-13-14h10m54s860.png,f5de3658e8b8e53574212cebf9712a825615c625f0ac36734be49fec91e3c0d0,ae440e71aad6320a2bced9c31f120255b8d897ec38a463c313d6d498520c1473,1920,1080,2,background=0;full_court=1
tennis_fullcourt,tennis,full_court_segmentation,val,vlcsnap-2023-11-13-14h11m53s021.png,data/tennis_fullcourt/images/val/vlcsnap-2023-11-13-14h11m53s021.png,data/tennis_fullcourt/masks/val/vlcsnap-2023-11-13-14h11m53s021.png,c25058925e3b76e0074638b8b1a63604b0f5d2491e76cb4df1a14ff38e09af37,465cc0e6079a28d5dc00f4b33a99e0e2e7d0bbfbb057ead1ac130d2d28d96adc,1920,1080,2,background=0;full_court=1
tennis_fullcourt,tennis,full_court_segmentation,val,vlcsnap-2023-11-13-14h15m59s568.png,data/tennis_fullcourt/images/val/vlcsnap-2023-11-13-14h15m59s568.png,data/tennis_fullcourt/masks/val/vlcsnap-2023-11-13-14h15m59s568.png,f2db145266bcc173491749c2f9274a937b9c060bdd8a2b033ec1f50bbbca5a80,0d19f6d8ed854faa8670772b6fcefc9be2b7f56994772aa7518c0e4fb9bbfabe,1920,1080,2,background=0;full_court=1
tennis_fullcourt,tennis,full_court_segmentation,val,vlcsnap-2023-11-13-14h17m14s789.png,data/tennis_fullcourt/images/val/vlcsnap-2023-11-13-14h17m14s789.png,data/tennis_fullcourt/masks/val/vlcsnap-2023-11-13-14h17m14s789.png,6219f1c98460bd36d2ed8b9f501fd58725fdf9bcfa5e975eac05f156b8d4133c,1217e70a148e650057da2a0eed007cf58f7a0801588557bf6b14ae97c2369481,1920,1080,2,background=0;full_court=1
tennis_fullcourt,tennis,full_court_segmentation,val,vlcsnap-2023-11-13-14h18m46s233.png,data/tennis_fullcourt/images/val/vlcsnap-2023-11-13-14h18m46s233.png,data/tennis_fullcourt/masks/val/vlcsnap-2023-11-13-14h18m46s233.png,9f2f743a8dce4dbad2026595863f2ad434c706cdeb8b01f1db504b5b69e0540b,ad8c47b9ae4805ced22a39648792dbed26fee6efbe4c9073f3db9fe0e30ee9ec,1920,1080,2,background=0;full_court=1
tennis_fullcourt,tennis,full_court_segmentation,val,vlcsnap-2023-11-13-14h22m37s184.png,data/tennis_fullcourt/images/val/vlcsnap-2023-11-13-14h22m37s184.png,data/tennis_fullcourt/masks/val/vlcsnap-2023-11-13-14h22m37s184.png,e0638dbf8cdf2e45182db8a863f6e8392d4f159cbffefa991c7d7ef2f94969a4,1e32fa3ee2a60f02eb478f0255e439dac32e30c8490cbafcde262095b6573c2a,1920,1080,2,background=0;full_court=1
tennis_fullcourt,tennis,full_court_segmentation,val,vlcsnap-2023-11-13-14h23m40s418.png,data/tennis_fullcourt/images/val/vlcsnap-2023-11-13-14h23m40s418.png,data/tennis_fullcourt/masks/val/vlcsnap-2023-11-13-14h23m40s418.png,6f08d2774d89b9b30d04bbb98cc4504f71a337f2b3d48bea67c78f93c37f80d7,757fbb90b4bca967777290ad3a0b96fd819081ec3d377414eac504bfdcc639b1,1920,1080,2,background=0;full_court=1
tennis_fullcourt,tennis,full_court_segmentation,val,vlcsnap-2023-11-13-14h26m04s992.png,data/tennis_fullcourt/images/val/vlcsnap-2023-11-13-14h26m04s992.png,data/tennis_fullcourt/masks/val/vlcsnap-2023-11-13-14h26m04s992.png,53dae33ee6d382d760ca5ef8fabfdfea9d78bd7830a032e8da498a79b743339f,23b316dd5617f5de9a0ef920f72c8099c32326139ab6af398c537288111f9b70,1920,1080,2,background=0;full_court=1
tennis_fullcourt,tennis,full_court_segmentation,val,vlcsnap-2023-11-13-14h27m03s773.png,data/tennis_fullcourt/images/val/vlcsnap-2023-11-13-14h27m03s773.png,data/tennis_fullcourt/masks/val/vlcsnap-2023-11-13-14h27m03s773.png,8ed5580c362cebba368e7ee72d07e243cf3b08527696c586c0f63014fb39a30b,463f48fe0e79519f17026e05c349bab8640fa5b7547b941273d1bd9cd5071893,1920,1080,2,background=0;full_court=1
tennis_fullcourt,tennis,full_court_segmentation,val,vlcsnap-2023-11-13-14h27m45s765.png,data/tennis_fullcourt/images/val/vlcsnap-2023-11-13-14h27m45s765.png,data/tennis_fullcourt/masks/val/vlcsnap-2023-11-13-14h27m45s765.png,caa11c0187a9306c229ec5d3845f5f12317d84465e977f082a6ffd6adfe0c6e1,daf48ad1d63248ee48d439c35e0e2a449285dbe586303f695c63b94762310e9b,1920,1080,2,background=0;full_court=1
tennis_fullcourt,tennis,full_court_segmentation,val,vlcsnap-2023-11-14-16h03m43s632.png,data/tennis_fullcourt/images/val/vlcsnap-2023-11-14-16h03m43s632.png,data/tennis_fullcourt/masks/val/vlcsnap-2023-11-14-16h03m43s632.png,aa615dded86db08c054de28c1cf6ade958e50be85bc422508fd13b961271e3f2,081da331b7c68cdc2d3640c957932387781e6e56431d444102fff2df32021079,1920,1080,2,background=0;full_court=1
tennis_fullcourt,tennis,full_court_segmentation,val,vlcsnap-2023-11-14-16h04m24s304.png,data/tennis_fullcourt/images/val/vlcsnap-2023-11-14-16h04m24s304.png,data/tennis_fullcourt/masks/val/vlcsnap-2023-11-14-16h04m24s304.png,ea20179c20da504dd953fd8a286c978dd5b390649fa6a55cb0127fc6f96fc36d,e10f474f31903aa520e7279fdc8c20ba8e32deda02a9fa6680d097a654019298,1920,1080,2,background=0;full_court=1
tennis_fullcourt,tennis,full_court_segmentation,val,vlcsnap-2023-11-14-16h05m18s096.png,data/tennis_fullcourt/images/val/vlcsnap-2023-11-14-16h05m18s096.png,data/tennis_fullcourt/masks/val/vlcsnap-2023-11-14-16h05m18s096.png,bef86feae3ad590f0d040e2f1c8c33a12ea4f348a315b3528004a8bb58cbd60a,33e45160bed844b9fdaae34ddf61e96ec03ef99c6e53494da892421b0117c97f,1920,1080,2,background=0;full_court=1
tennis_fullcourt,tennis,full_court_segmentation,val,vlcsnap-2023-11-14-16h07m26s429.png,data/tennis_fullcourt/images/val/vlcsnap-2023-11-14-16h07m26s429.png,data/tennis_fullcourt/masks/val/vlcsnap-2023-11-14-16h07m26s429.png,43b1ecf8dce61dd9fd1e2ec6d3ec266b73da1d95edc79d41e0e6572c98744841,67498b9e44d472be94e35bf45a474843e3f233354cabee9e9e34f3e812b28d65,1920,1080,2,background=0;full_court=1
tennis_fullcourt,tennis,full_court_segmentation,val,vlcsnap-2023-11-14-16h10m05s977.png,data/tennis_fullcourt/images/val/vlcsnap-2023-11-14-16h10m05s977.png,data/tennis_fullcourt/masks/val/vlcsnap-2023-11-14-16h10m05s977.png,a538cd09781410b01ee9fbc4ab2eb297f5b54fbdf2af9b64a8fe74bfc2015431,e5a20196e77752d4f54bf8203dec9fa2cba4ba4e27849ed3a78f09b050dffb57,1920,1080,2,background=0;full_court=1
tennis_fullcourt,tennis,full_court_segmentation,val,vlcsnap-2023-11-14-16h10m15s378.png,data/tennis_fullcourt/images/val/vlcsnap-2023-11-14-16h10m15s378.png,data/tennis_fullcourt/masks/val/vlcsnap-2023-11-14-16h10m15s378.png,f119e8579690db3afb1caa719e5e56ccb43503e5d9a68ba058f33899a01cc15a,ada30f83c24851544bf57d2e135ad148ca278db37f34dff818687268e89d93b6,1920,1080,2,background=0;full_court=1
tennis_fullcourt,tennis,full_court_segmentation,val,vlcsnap-2023-11-14-16h10m50s602.png,data/tennis_fullcourt/images/val/vlcsnap-2023-11-14-16h10m50s602.png,data/tennis_fullcourt/masks/val/vlcsnap-2023-11-14-16h10m50s602.png,6f2801d41020a3e2c776cbd72c9ade928702f0294edc65e79a12ed39399e7e3f,0e6d9c96bc45039ba01340e58391bb64516bd6284fcc22f4bd330d23edd3b84c,1920,1080,2,background=0;full_court=1
tennis_fullcourt,tennis,full_court_segmentation,val,vlcsnap-2023-11-14-16h15m31s853.png,data/tennis_fullcourt/images/val/vlcsnap-2023-11-14-16h15m31s853.png,data/tennis_fullcourt/masks/val/vlcsnap-2023-11-14-16h15m31s853.png,14fab5165b19f8b2b49aef01501a95e2adc6ce40dad0739070580d8416cdb2d4,1cde218e3b95398e15e09e90fa5cc43034d4538d919e62e9295c1fad62edf7c2,1920,1080,2,background=0;full_court=1
tennis_fullcourt,tennis,full_court_segmentation,val,vlcsnap-2023-11-14-16h15m37s733.png,data/tennis_fullcourt/images/val/vlcsnap-2023-11-14-16h15m37s733.png,data/tennis_fullcourt/masks/val/vlcsnap-2023-11-14-16h15m37s733.png,9b7cc13262852caab5efc89962906a0b8f415aebb18120b129aa83d11ef53bab,eb9e5e5517ddd4c69326390dd74f03f7d33899a2eddb82357587807fb40ef818,1920,1080,2,background=0;full_court=1
tennis_fullcourt,tennis,full_court_segmentation,val,vlcsnap-2023-11-14-16h16m46s047.png,data/tennis_fullcourt/images/val/vlcsnap-2023-11-14-16h16m46s047.png,data/tennis_fullcourt/masks/val/vlcsnap-2023-11-14-16h16m46s047.png,e3adf12496acb187011564f5f85aa7e6217ba733d4749a47239006d846710430,721832be6f12ec9bf46422d24f37113bf008996c4e3a29ca8cbb0509ed3fa1dc,1920,1080,2,background=0;full_court=1
tennis_fullcourt,tennis,full_court_segmentation,val,vlcsnap-2023-11-14-16h19m10s783.png,data/tennis_fullcourt/images/val/vlcsnap-2023-11-14-16h19m10s783.png,data/tennis_fullcourt/masks/val/vlcsnap-2023-11-14-16h19m10s783.png,1dbbc28fa505c9c67c251ac949113f58a979d5125837341b5492367d2b4784fb,b973413b9dfd9e160fd523a8fdb313f501545ea961c51a301581bc44f1841da3,1920,1080,2,background=0;full_court=1
tennis_fullcourt,tennis,full_court_segmentation,val,vlcsnap-2023-11-14-16h20m55s549.png,data/tennis_fullcourt/images/val/vlcsnap-2023-11-14-16h20m55s549.png,data/tennis_fullcourt/masks/val/vlcsnap-2023-11-14-16h20m55s549.png,72cf6f189dc8364ff2fb614b6fe8613730c6bced2eaa2e9dd87558e0d3a6d8a2,2765e638bee82860db4fcafa7ce7c77a4a76c6bb39c9d47dac4a578f733ac712,1920,1080,2,background=0;full_court=1
tennis_fullcourt,tennis,full_court_segmentation,val,vlcsnap-2023-11-14-16h21m29s722.png,data/tennis_fullcourt/images/val/vlcsnap-2023-11-14-16h21m29s722.png,data/tennis_fullcourt/masks/val/vlcsnap-2023-11-14-16h21m29s722.png,481b97c8fcdb328fd8b7316b8f2ea322847d2a4f7265de2dd619ff278e17917c,dbb7ce3a2688c0cf7faee5182386cb1c5aea2e75384d531a25d1bc62459cff3b,1920,1080,2,background=0;full_court=1
tennis_fullcourt,tennis,full_court_segmentation,val,vlcsnap-2023-11-20-12h13m58s867.png,data/tennis_fullcourt/images/val/vlcsnap-2023-11-20-12h13m58s867.png,data/tennis_fullcourt/masks/val/vlcsnap-2023-11-20-12h13m58s867.png,465cfb08d9ec29bfed56c2f6c5bddf1234abf17bc4651cd79e0e388a3ab5bcce,db52140b2f7c53d1cc1b3928c66dbd7791123f0ccf84d80932197bd8262a0cac,1920,1080,2,background=0;full_court=1
tennis_fullcourt,tennis,full_court_segmentation,val,vlcsnap-2023-11-20-12h14m13s722.png,data/tennis_fullcourt/images/val/vlcsnap-2023-11-20-12h14m13s722.png,data/tennis_fullcourt/masks/val/vlcsnap-2023-11-20-12h14m13s722.png,1ca72189d5ff3608279a1c2ad98407de0612a03a1aab27e52378e8b2cd38b974,7c81fd4531aa1f19b482723ccf40e1b412eb0ec2bbc8515de669d484325cf855,1920,1080,2,background=0;full_court=1
tennis_fullcourt,tennis,full_court_segmentation,val,vlcsnap-2023-11-20-12h14m44s125.png,data/tennis_fullcourt/images/val/vlcsnap-2023-11-20-12h14m44s125.png,data/tennis_fullcourt/masks/val/vlcsnap-2023-11-20-12h14m44s125.png,bc4543eacad731f646793c38083029e73f8508d159b895c05b03b3fa94a8b5f6,57afc007fd65358f8de0aeae356b1c846706af0cd660c643d9b5811c5abd7da8,1920,1080,2,background=0;full_court=1
tennis_fullcourt,tennis,full_court_segmentation,val,vlcsnap-2023-11-20-12h14m55s036.png,data/tennis_fullcourt/images/val/vlcsnap-2023-11-20-12h14m55s036.png,data/tennis_fullcourt/masks/val/vlcsnap-2023-11-20-12h14m55s036.png,90f3dd5ecab174441a9b1cd6d01c1d63e910b2063d636f8af2b5e101882aa6ad,5fcf228c70dcdc82fa681adde92c591598da12022906465a0fa7cdd7bba29029,1920,1080,2,background=0;full_court=1
tennis_fullcourt,tennis,full_court_segmentation,val,vlcsnap-2023-11-20-12h15m21s843.png,data/tennis_fullcourt/images/val/vlcsnap-2023-11-20-12h15m21s843.png,data/tennis_fullcourt/masks/val/vlcsnap-2023-11-20-12h15m21s843.png,ea159459ea2410f3478b10ac1c8a6d03f0a30db604ff852fff74a70ed3dd2f3b,79b970a2ef2a013b659ae4178d14e931b82524b36ffef0fec4115d08859fe189,1920,1080,2,background=0;full_court=1
tennis_fullcourt,tennis,full_court_segmentation,val,vlcsnap-2023-11-20-12h16m02s645.png,data/tennis_fullcourt/images/val/vlcsnap-2023-11-20-12h16m02s645.png,data/tennis_fullcourt/masks/val/vlcsnap-2023-11-20-12h16m02s645.png,28dc4881123251ba2900f03dbdf80b09239f65a256515fda7022e986420f7dfc,ab512c9a02e3e256d39020ae648de7156f3fd743bdf3c47a14d448a243011521,1920,1080,2,background=0;full_court=1
tennis_fullcourt,tennis,full_court_segmentation,val,vlcsnap-2023-11-20-12h16m44s757.png,data/tennis_fullcourt/images/val/vlcsnap-2023-11-20-12h16m44s757.png,data/tennis_fullcourt/masks/val/vlcsnap-2023-11-20-12h16m44s757.png,c6204465bce02fd28e30b09c536d7fb4ee546c64609886c54c17581affb11dc9,8ac3737a0622da9c4522cef530a7700ff06b07f6c4d2a131152528e10df8cf98,1920,1080,2,background=0;full_court=1
tennis_fullcourt,tennis,full_court_segmentation,val,vlcsnap-2023-11-20-12h16m54s743.png,data/tennis_fullcourt/images/val/vlcsnap-2023-11-20-12h16m54s743.png,data/tennis_fullcourt/masks/val/vlcsnap-2023-11-20-12h16m54s743.png,531e04a2f73bb17b0d030b944dcd2845040b1c76a945dac4f7efe7e53e9fd866,8ac3737a0622da9c4522cef530a7700ff06b07f6c4d2a131152528e10df8cf98,1920,1080,2,background=0;full_court=1
tennis_fullcourt,tennis,full_court_segmentation,val,vlcsnap-2023-11-20-12h17m08s627.png,data/tennis_fullcourt/images/val/vlcsnap-2023-11-20-12h17m08s627.png,data/tennis_fullcourt/masks/val/vlcsnap-2023-11-20-12h17m08s627.png,6bbfbe716a53a7377a90c80265662c149715a77a9c4caf1b301f328bf0348c4f,ca3a43accab331797e909b11fecff9dfba5709fc9a8d81aa4d4be30620c9cff6,1920,1080,2,background=0;full_court=1
tennis_fullcourt,tennis,full_court_segmentation,val,vlcsnap-2023-11-20-12h17m14s311.png,data/tennis_fullcourt/images/val/vlcsnap-2023-11-20-12h17m14s311.png,data/tennis_fullcourt/masks/val/vlcsnap-2023-11-20-12h17m14s311.png,11c4cc8bebd3adc4c6eca795f9bd12435c1e41df49bba4fdfbdee2181d0d56b8,afc0b2c1690b7783791d7a6b3d353dee565f3a67c8347700b6862eb6ff921b4f,1920,1080,2,background=0;full_court=1
tennis_fullcourt,tennis,full_court_segmentation,val,vlcsnap-2023-11-20-12h18m45s971.png,data/tennis_fullcourt/images/val/vlcsnap-2023-11-20-12h18m45s971.png,data/tennis_fullcourt/masks/val/vlcsnap-2023-11-20-12h18m45s971.png,ee28c65eb29310e50222eb028c15b0fe348f837c34f86e327758ceeccb2412fc,e918e500583279d42ef5d84a46b24bc2eeb5a003462c0f7465658ab2c054252b,1920,1080,2,background=0;full_court=1
tennis_fullcourt,tennis,full_court_segmentation,val,vlcsnap-2023-11-20-12h19m19s162.png,data/tennis_fullcourt/images/val/vlcsnap-2023-11-20-12h19m19s162.png,data/tennis_fullcourt/masks/val/vlcsnap-2023-11-20-12h19m19s162.png,b2e1ca1f16d15d2c0fbd0830a9557d7127cf17a62bf3482517901ae509a19d42,4e966c0b991da2c20511a6c29ba6fa8151992594b9bd5d463e6dd802b1c83c22,1920,1080,2,background=0;full_court=1
tennis_fullcourt,tennis,full_court_segmentation,val,vlcsnap-2023-11-20-12h21m27s265.png,data/tennis_fullcourt/images/val/vlcsnap-2023-11-20-12h21m27s265.png,data/tennis_fullcourt/masks/val/vlcsnap-2023-11-20-12h21m27s265.png,74ecfad758e7deba4cd4155303a295cd20c01b27c45022be86acfd27baea9c21,08a5d0b3cd5b8af5382a8bfcf2e277c986a670ac050b8b9e6e62a2c3563e384f,1920,1080,2,background=0;full_court=1
tennis_fullcourt,tennis,full_court_segmentation,val,vlcsnap-2023-11-20-12h21m57s534.png,data/tennis_fullcourt/images/val/vlcsnap-2023-11-20-12h21m57s534.png,data/tennis_fullcourt/masks/val/vlcsnap-2023-11-20-12h21m57s534.png,431c25e656a29bf7de18798ab85f2c9a5712c1ddfb6e7631074dd1f3afbf7fd6,6fb3bedbf42567322fbf5d7b692a39403087fc317cbd35baaae45f50106515ef,1920,1080,2,background=0;full_court=1
tennis_fullcourt,tennis,full_court_segmentation,val,vlcsnap-2023-11-20-12h22m46s659.png,data/tennis_fullcourt/images/val/vlcsnap-2023-11-20-12h22m46s659.png,data/tennis_fullcourt/masks/val/vlcsnap-2023-11-20-12h22m46s659.png,20863bf324e60b23d082b74ca6af722be07be1f5ed704ba9e5b629598c8a54b1,9f75abf6382dd410f85af4ec89c36921d2539515e1486c3e88b3f1532f3430ee,1920,1080,2,background=0;full_court=1
tennis_fullcourt,tennis,full_court_segmentation,val,vlcsnap-2023-11-20-12h23m51s258.png,data/tennis_fullcourt/images/val/vlcsnap-2023-11-20-12h23m51s258.png,data/tennis_fullcourt/masks/val/vlcsnap-2023-11-20-12h23m51s258.png,1bdbd5a26b68e21a270d6b96b72bdd8db2d2c1012f58c7feed25ecc9ddd6bf37,11b0cdaaa7b6f57ec8e211ebad7401b097928abfb9fc5067fc144ee80113296b,1920,1080,2,background=0;full_court=1
tennis_fullcourt,tennis,full_court_segmentation,val,vlcsnap-2023-11-20-12h24m23s695.png,data/tennis_fullcourt/images/val/vlcsnap-2023-11-20-12h24m23s695.png,data/tennis_fullcourt/masks/val/vlcsnap-2023-11-20-12h24m23s695.png,2be05c64f368380c3703cf2cd52e50cd902229d43353e201d14df21c3e40a4c1,34b09e53ceb94039f6297c2de4a3a58f2d37c0688b25f6e4fdcb9f6eb8c6ee05,1920,1080,2,background=0;full_court=1
tennis_fullcourt,tennis,full_court_segmentation,val,vlcsnap-2023-11-20-12h24m41s652.png,data/tennis_fullcourt/images/val/vlcsnap-2023-11-20-12h24m41s652.png,data/tennis_fullcourt/masks/val/vlcsnap-2023-11-20-12h24m41s652.png,6d1c49f1b729e70dba0bfae36d710ffb91c1528d696fd86f50b13888b06971c9,0ac9840c6a8ae3f2c6457e52f0a22febd40cc4a18eb0b0253cab4a298f3d1b81,1920,1080,2,background=0;full_court=1
tennis_fullcourt,tennis,full_court_segmentation,val,vlcsnap-2023-11-20-12h24m52s965.png,data/tennis_fullcourt/images/val/vlcsnap-2023-11-20-12h24m52s965.png,data/tennis_fullcourt/masks/val/vlcsnap-2023-11-20-12h24m52s965.png,bbb24f559510ad611b63edcff0bc14bf66eae6d921f6a44bd08f32acb6464c04,a7738ebfa9316ca329d522425b593a8fa0bafed52d3e83f3973346c5c692426d,1920,1080,2,background=0;full_court=1
tennis_fullcourt,tennis,full_court_segmentation,val,vlcsnap-2023-11-20-12h25m59s864.png,data/tennis_fullcourt/images/val/vlcsnap-2023-11-20-12h25m59s864.png,data/tennis_fullcourt/masks/val/vlcsnap-2023-11-20-12h25m59s864.png,01c83b98f79112d93fe5f456857f24e1c9731aa31c49f583f91cbdc0f2a9645c,e9dcf6b67e268233d893131a7ecaa6d0fb78d12bea07edde56d748163ce966c9,1920,1080,2,background=0;full_court=1
tennis_fullcourt,tennis,full_court_segmentation,val,vlcsnap-2023-11-20-12h27m53s879.png,data/tennis_fullcourt/images/val/vlcsnap-2023-11-20-12h27m53s879.png,data/tennis_fullcourt/masks/val/vlcsnap-2023-11-20-12h27m53s879.png,330b9146360a7d8755cd9c8264a116cde8c9c1d3f8123fe8dab68582b437f6d7,8ad4fe7e70e888460716f853268d4d68b4d1b27f24ae5e16c426840dbdef3c06,1920,1080,2,background=0;full_court=1
tennis_fullcourt,tennis,full_court_segmentation,val,vlcsnap-2023-11-20-12h27m57s921.png,data/tennis_fullcourt/images/val/vlcsnap-2023-11-20-12h27m57s921.png,data/tennis_fullcourt/masks/val/vlcsnap-2023-11-20-12h27m57s921.png,15e343a043b66f8e34d87fb44f70dcbedbefd80f845d0d0d37629bbb6965064c,3ec18dcd2392090061e71857ba6f1a13439b710777cb839663d02fa59888a610,1920,1080,2,background=0;full_court=1
tennis_fullcourt,tennis,full_court_segmentation,val,vlcsnap-2023-11-20-12h29m03s669.png,data/tennis_fullcourt/images/val/vlcsnap-2023-11-20-12h29m03s669.png,data/tennis_fullcourt/masks/val/vlcsnap-2023-11-20-12h29m03s669.png,8415b9a028b22841f30176f430b866a9fb4979e905035be3d415d26f42508ba9,719451d1a871d2bf149291f7bcc4208a4a7fae70fbe9bc1391a191822ae44fbd,1920,1080,2,background=0;full_court=1
tennis_fullcourt,tennis,full_court_segmentation,val,vlcsnap-2023-11-20-12h29m11s204.png,data/tennis_fullcourt/images/val/vlcsnap-2023-11-20-12h29m11s204.png,data/tennis_fullcourt/masks/val/vlcsnap-2023-11-20-12h29m11s204.png,97756e3390f15d983895e84b0b8d6dd697ae63a49f889096b48250ab4475d822,ebcbed12035f66a75e3f193e18436195d89e6eed604bb4c74938a71dcdfeda8f,1920,1080,2,background=0;full_court=1
tennis_fullcourt,tennis,full_court_segmentation,val,vlcsnap-2023-11-20-12h29m22s274.png,data/tennis_fullcourt/images/val/vlcsnap-2023-11-20-12h29m22s274.png,data/tennis_fullcourt/masks/val/vlcsnap-2023-11-20-12h29m22s274.png,e8ad9e7c675158ee21b420570ad65eea264d76467437f79c6ad351e4774f2624,1f506367166332d2d77a10dfb18a5a427f289709bb7c88b5403a63d985a1fa85,1920,1080,2,background=0;full_court=1
tennis_fullcourt,tennis,full_court_segmentation,val,vlcsnap-2023-11-20-12h29m46s766.png,data/tennis_fullcourt/images/val/vlcsnap-2023-11-20-12h29m46s766.png,data/tennis_fullcourt/masks/val/vlcsnap-2023-11-20-12h29m46s766.png,16f49c1818bd209550eda481a25c9732a75caf781e6064c268336aba8632d348,deef8fa6dcef16cfa79c29492de9ac63cfaec135b87c59496fa343fc186dafca,1920,1080,2,background=0;full_court=1
tennis_fullcourt,tennis,full_court_segmentation,val,vlcsnap-2023-11-27-16h15m58s586.png,data/tennis_fullcourt/images/val/vlcsnap-2023-11-27-16h15m58s586.png,data/tennis_fullcourt/masks/val/vlcsnap-2023-11-27-16h15m58s586.png,7036380dce82d75408ad9aa6aced1268b75797051cff3e240939a0fad21b62b9,741c3026f7ac657b5c32275cb1d9e64fdef769e536a24d71b910a6ec5a64d368,1920,1080,2,background=0;full_court=1
tennis_fullcourt,tennis,full_court_segmentation,val,vlcsnap-2023-11-27-16h16m23s493.png,data/tennis_fullcourt/images/val/vlcsnap-2023-11-27-16h16m23s493.png,data/tennis_fullcourt/masks/val/vlcsnap-2023-11-27-16h16m23s493.png,8415b9a028b22841f30176f430b866a9fb4979e905035be3d415d26f42508ba9,290f3a88b0019a1cbe10ee2311c1e1afd40ee86e04d0fffadd4fa3441ddee24a,1920,1080,2,background=0;full_court=1
tennis_fullcourt,tennis,full_court_segmentation,val,vlcsnap-2023-11-27-16h24m34s163.png,data/tennis_fullcourt/images/val/vlcsnap-2023-11-27-16h24m34s163.png,data/tennis_fullcourt/masks/val/vlcsnap-2023-11-27-16h24m34s163.png,927f754f6966b3bc17fd4f1798804fe05da37d2d5ff2de885fca0e7d4f36cd2b,6b953789a561f8eedfe2768f9680824dc574faf2e49143e5517d7a9d7a2f9dfd,1920,1080,2,background=0;full_court=1
tennis_fullcourt,tennis,full_court_segmentation,val,vlcsnap-2023-11-27-16h24m53s889.png,data/tennis_fullcourt/images/val/vlcsnap-2023-11-27-16h24m53s889.png,data/tennis_fullcourt/masks/val/vlcsnap-2023-11-27-16h24m53s889.png,0801b40f3b0e22788ad824a2da1cc1776c5a72c1f5f145366652ebb8f687fd15,44c59722ca59a0be8de5634cfd4805447601aa29e2e351417dc33b546df5b1e6,1920,1080,2,background=0;full_court=1
tennis_fullcourt,tennis,full_court_segmentation,val,vlcsnap-2023-11-27-16h28m03s073.png,data/tennis_fullcourt/images/val/vlcsnap-2023-11-27-16h28m03s073.png,data/tennis_fullcourt/masks/val/vlcsnap-2023-11-27-16h28m03s073.png,a099aaa4e18e550a070d3a92334e833b71c90d4d8d20da6a1f540176902aadad,a48f22c1da0350bed80731ac0ded48ebfc89a2421beddf8216ff829485232d84,1920,1080,2,background=0;full_court=1
tennis_fullcourt,tennis,full_court_segmentation,val,vlcsnap-2023-11-27-16h29m09s151.png,data/tennis_fullcourt/images/val/vlcsnap-2023-11-27-16h29m09s151.png,data/tennis_fullcourt/masks/val/vlcsnap-2023-11-27-16h29m09s151.png,2be05c64f368380c3703cf2cd52e50cd902229d43353e201d14df21c3e40a4c1,34b09e53ceb94039f6297c2de4a3a58f2d37c0688b25f6e4fdcb9f6eb8c6ee05,1920,1080,2,background=0;full_court=1
tennis_fullcourt,tennis,full_court_segmentation,val,vlcsnap-2023-11-27-16h30m07s908.png,data/tennis_fullcourt/images/val/vlcsnap-2023-11-27-16h30m07s908.png,data/tennis_fullcourt/masks/val/vlcsnap-2023-11-27-16h30m07s908.png,032a546f7dab0b0a2b438b363d06844ee334b3438cfeff7e297f91186e1df715,b6c7e772f1642e67e0d9b81a9b7a34226f0e14bda83ce428321314810c2fb4e5,1920,1080,2,background=0;full_court=1
tennis_fullcourt,tennis,full_court_segmentation,val,vlcsnap-2023-11-27-16h35m15s932.png,data/tennis_fullcourt/images/val/vlcsnap-2023-11-27-16h35m15s932.png,data/tennis_fullcourt/masks/val/vlcsnap-2023-11-27-16h35m15s932.png,3104830bc6bea5be0ecc4dfd58b01dfeb00c004ff0c2fe2a97729d44ac6e0a5c,d0100a23e9d3284acfb4266b2e810bd0491ac0ed880c09ca8c7c60c1ce37acf6,1920,1080,2,background=0;full_court=1
tennis_fullcourt,tennis,full_court_segmentation,val,vlcsnap-2023-11-27-16h35m24s137.png,data/tennis_fullcourt/images/val/vlcsnap-2023-11-27-16h35m24s137.png,data/tennis_fullcourt/masks/val/vlcsnap-2023-11-27-16h35m24s137.png,fdd612aae0e47a91f2dd1c29c1429e34aa578f003a9165dc1fd02edc70f32daa,ac8716ae2581b8b553c1939ffd0e55cd98db991635feac6992ba282fa967dd66,1920,1080,2,background=0;full_court=1
tennis_fullcourt,tennis,full_court_segmentation,val,vlcsnap-2023-11-27-16h35m28s637.png,data/tennis_fullcourt/images/val/vlcsnap-2023-11-27-16h35m28s637.png,data/tennis_fullcourt/masks/val/vlcsnap-2023-11-27-16h35m28s637.png,8936fdaf3f47c86dcea25aa8a98da13d2fa9c1480696e72b77c96336d51dbfbb,32f5ce12c17729aab0a0c09f216fa1b59f23fcfe8e9cbc70c7bb2d6d6c4b505c,1920,1080,2,background=0;full_court=1
tennis_fullcourt,tennis,full_court_segmentation,val,vlcsnap-2023-11-27-16h35m38s374.png,data/tennis_fullcourt/images/val/vlcsnap-2023-11-27-16h35m38s374.png,data/tennis_fullcourt/masks/val/vlcsnap-2023-11-27-16h35m38s374.png,b71d8965eb418cc31b8bb358340ad7872ffd3079dc986bbca6f2d2d3126938b2,f4dc9dd7f9a468ea51170dbd8f2793535360507f5e52cae9388ed964636a98d9,1920,1080,2,background=0;full_court=1
tennis_fullcourt,tennis,full_court_segmentation,val,vlcsnap-2023-11-27-16h37m17s354.png,data/tennis_fullcourt/images/val/vlcsnap-2023-11-27-16h37m17s354.png,data/tennis_fullcourt/masks/val/vlcsnap-2023-11-27-16h37m17s354.png,e5731322dabc202fa5c93aa10ed1b939d4e97522fc4a60acf57317269c6903e3,93cc0126ac2d1ea27210581b71ccd8fbe0884cabb8d912d39bded6c5bac42109,1920,1080,2,background=0;full_court=1
tennis_fullcourt,tennis,full_court_segmentation,val,vlcsnap-2023-11-27-16h39m28s834.png,data/tennis_fullcourt/images/val/vlcsnap-2023-11-27-16h39m28s834.png,data/tennis_fullcourt/masks/val/vlcsnap-2023-11-27-16h39m28s834.png,55f771a03845284bb0bac8e19941af6aa36fa26d2d287d3945caa8d5e9d03a98,e634ab6ef6bb227af0eb8f5895823591498c2f362862fbf3e390933995715485,1920,1080,2,background=0;full_court=1
tennis_fullcourt,tennis,full_court_segmentation,val,vlcsnap-2023-11-27-16h42m02s911.png,data/tennis_fullcourt/images/val/vlcsnap-2023-11-27-16h42m02s911.png,data/tennis_fullcourt/masks/val/vlcsnap-2023-11-27-16h42m02s911.png,3dbe59915837dd2a56caee44b2543035654489a95bcd5c2ca7ac8818bd6d168d,47da9e4adced949bb19b4fa03ce3a6ac8a24330ed923037bb4973560b47172be,1920,1080,2,background=0;full_court=1
tennis_fullcourt,tennis,full_court_segmentation,val,vlcsnap-2023-11-27-16h45m08s125.png,data/tennis_fullcourt/images/val/vlcsnap-2023-11-27-16h45m08s125.png,data/tennis_fullcourt/masks/val/vlcsnap-2023-11-27-16h45m08s125.png,3818d3facfc06dfae34074d6e9583b674f315e8576a045b3dfdb7cbdbe78b547,bcfabbd77b3b273aff87f21b368d686a5115247905e35b78cdbef5022891422d,1920,1080,2,background=0;full_court=1
tennis_fullcourt,tennis,full_court_segmentation,val,vlcsnap-2023-11-27-16h46m22s462.png,data/tennis_fullcourt/images/val/vlcsnap-2023-11-27-16h46m22s462.png,data/tennis_fullcourt/masks/val/vlcsnap-2023-11-27-16h46m22s462.png,b9c0acb1539bb43f5e17db514a79d519bf25e2d70485977b975fdb0acfc1b25e,d0f41b50779cf9f55624ee35452fecb3570eaafba988837768c23591bea6182e,1920,1080,2,background=0;full_court=1
tennis_fullcourt,tennis,full_court_segmentation,val,vlcsnap-2023-11-27-16h46m29s347.png,data/tennis_fullcourt/images/val/vlcsnap-2023-11-27-16h46m29s347.png,data/tennis_fullcourt/masks/val/vlcsnap-2023-11-27-16h46m29s347.png,db8d441c6ac95f04fdcaa9c9ab90427c1c05e7e461bc29c445bc520de5aba358,2d13205f18b961dd63058957e9f3a8b76b1910e81952f5250bb90f1f49624272,1920,1080,2,background=0;full_court=1
tennis_fullcourt,tennis,full_court_segmentation,val,vlcsnap-2023-11-27-16h47m18s998.png,data/tennis_fullcourt/images/val/vlcsnap-2023-11-27-16h47m18s998.png,data/tennis_fullcourt/masks/val/vlcsnap-2023-11-27-16h47m18s998.png,7f0f0323cdc6e758ac3010ab0dc6136ff3f034b27b5b43c7b44634865e12ba6a,3f65a93ed4a93ac29865cef5ffe9d30a049a01f344fe29f13c34fac20d25a026,1920,1080,2,background=0;full_court=1
tennis_fullcourt,tennis,full_court_segmentation,val,vlcsnap-2023-11-27-16h47m32s953.png,data/tennis_fullcourt/images/val/vlcsnap-2023-11-27-16h47m32s953.png,data/tennis_fullcourt/masks/val/vlcsnap-2023-11-27-16h47m32s953.png,c5b829f691757bb732932264fd11f66649b47d275d343d2fc32d7399a88112e8,2e5e6a6c21aa99acf123cf9fa0724a4c608ebb4f8622120c60e0bee9fe640632,1920,1080,2,background=0;full_court=1
tennis_fullcourt,tennis,full_court_segmentation,val,vlcsnap-2023-11-28-13h59m12s358.png,data/tennis_fullcourt/images/val/vlcsnap-2023-11-28-13h59m12s358.png,data/tennis_fullcourt/masks/val/vlcsnap-2023-11-28-13h59m12s358.png,88c76b30596c82688367d7e1597e591fc6df6fbecd0b9c6c1f0173db5b9ca47e,a261ab12dfde613e2cc81b7272f0f993f9f4d72bbac00034a0788daabba9cf17,1920,1080,2,background=0;full_court=1
tennis_fullcourt,tennis,full_court_segmentation,val,vlcsnap-2023-11-28-13h59m16s235.png,data/tennis_fullcourt/images/val/vlcsnap-2023-11-28-13h59m16s235.png,data/tennis_fullcourt/masks/val/vlcsnap-2023-11-28-13h59m16s235.png,c4db66c4f59879969bfd975e79fac534750a0847e0f5b2d3e0cd830922edb9ba,a261ab12dfde613e2cc81b7272f0f993f9f4d72bbac00034a0788daabba9cf17,1920,1080,2,background=0;full_court=1
tennis_fullcourt,tennis,full_court_segmentation,val,vlcsnap-2023-11-28-14h08m34s592.png,data/tennis_fullcourt/images/val/vlcsnap-2023-11-28-14h08m34s592.png,data/tennis_fullcourt/masks/val/vlcsnap-2023-11-28-14h08m34s592.png,43fbda3b77c617f513e9563414b7cc1b4ea8d43f530de655e2b46de9625400fc,25ee4e31ff0be2c17225f538e9f6bd02f3771682c436866947b216c99dac9b2e,1920,1080,2,background=0;full_court=1
tennis_fullcourt,tennis,full_court_segmentation,val,vlcsnap-2023-11-28-14h09m34s040.png,data/tennis_fullcourt/images/val/vlcsnap-2023-11-28-14h09m34s040.png,data/tennis_fullcourt/masks/val/vlcsnap-2023-11-28-14h09m34s040.png,156b5448af86e8ad9ab59d8f5f98a10c401e45d9cca9446be640226d39c4525c,c444f2b8b2c8951eaa0129cdc77741fc3331f86bd37f22559552a562bc6da3f7,1920,1080,2,background=0;full_court=1
tennis_fullcourt,tennis,full_court_segmentation,val,vlcsnap-2023-11-28-14h11m36s022.png,data/tennis_fullcourt/images/val/vlcsnap-2023-11-28-14h11m36s022.png,data/tennis_fullcourt/masks/val/vlcsnap-2023-11-28-14h11m36s022.png,22c38c18954abab9d70a277a2738d1d4a17a7e1cc6fce8b7e7c9967d92d3527a,9f50330634e7962ca29d73a9a2c3bc82f8048691aca72d1754f3652592d5bf0d,1920,1080,2,background=0;full_court=1
tennis_fullcourt,tennis,full_court_segmentation,val,vlcsnap-2023-11-28-14h12m23s053.png,data/tennis_fullcourt/images/val/vlcsnap-2023-11-28-14h12m23s053.png,data/tennis_fullcourt/masks/val/vlcsnap-2023-11-28-14h12m23s053.png,65d0cf809b556f5d4f6ca74be96a52a723e2bafd8f7e14bdd9174b810fbc364d,f715de41a9f268974755b7d40202b933110e9c8d5efd4788fba2fec7e463f562,1920,1080,2,background=0;full_court=1
tennis_fullcourt,tennis,full_court_segmentation,val,vlcsnap-2023-11-28-14h12m36s403.png,data/tennis_fullcourt/images/val/vlcsnap-2023-11-28-14h12m36s403.png,data/tennis_fullcourt/masks/val/vlcsnap-2023-11-28-14h12m36s403.png,fdb35bed8b669668bc8b0d09363bdb611e5e5210041a301f527da101d10bb04c,b4d03803b3be48c338964f1dc777c694cff3d8292dba29f661c02693cec7d569,1920,1080,2,background=0;full_court=1
tennis_fullcourt,tennis,full_court_segmentation,val,vlcsnap-2023-11-28-14h12m45s062.png,data/tennis_fullcourt/images/val/vlcsnap-2023-11-28-14h12m45s062.png,data/tennis_fullcourt/masks/val/vlcsnap-2023-11-28-14h12m45s062.png,d2d6ca3aac6dc61957c7453a6d280130e8d1885fbfebbd937bd7d26874c4bb71,bc0a32f152833dd060eebaed6e0885bcd01362bb95c077dd6a342ab50c49ca2f,1920,1080,2,background=0;full_court=1
tennis_fullcourt,tennis,full_court_segmentation,val,vlcsnap-2023-11-28-14h12m50s699.png,data/tennis_fullcourt/images/val/vlcsnap-2023-11-28-14h12m50s699.png,data/tennis_fullcourt/masks/val/vlcsnap-2023-11-28-14h12m50s699.png,bc032140d507cc8c9692b93606efc6bf332c60bba211d7edd7d0b3647d45fcb1,bc0a32f152833dd060eebaed6e0885bcd01362bb95c077dd6a342ab50c49ca2f,1920,1080,2,background=0;full_court=1
tennis_fullcourt,tennis,full_court_segmentation,val,vlcsnap-2023-11-28-14h14m57s793.png,data/tennis_fullcourt/images/val/vlcsnap-2023-11-28-14h14m57s793.png,data/tennis_fullcourt/masks/val/vlcsnap-2023-11-28-14h14m57s793.png,f6977447c390892417e2cd877b30937321cce6382919f368aab29e5068131e09,0648064daa81e33f25cd50980d09181cc83b01227f0cbf3c97a5e17210b53258,1920,1080,2,background=0;full_court=1
tennis_fullcourt,tennis,full_court_segmentation,val,vlcsnap-2023-11-28-14h15m02s559.png,data/tennis_fullcourt/images/val/vlcsnap-2023-11-28-14h15m02s559.png,data/tennis_fullcourt/masks/val/vlcsnap-2023-11-28-14h15m02s559.png,173dae8ad293451eae723543ba22bd2cc3856604c8aebc4f76ef77f1441ecab9,0648064daa81e33f25cd50980d09181cc83b01227f0cbf3c97a5e17210b53258,1920,1080,2,background=0;full_court=1
tennis_fullcourt,tennis,full_court_segmentation,val,vlcsnap-2023-11-28-14h16m52s889.png,data/tennis_fullcourt/images/val/vlcsnap-2023-11-28-14h16m52s889.png,data/tennis_fullcourt/masks/val/vlcsnap-2023-11-28-14h16m52s889.png,136910135a9d4d041caea881383a8cc79e0ad39613152eacbc713d527c916700,54530f9410af1999a58065a96e78de74303aa22c6832fa93c6b600bf038de385,1920,1080,2,background=0;full_court=1
tennis_fullcourt,tennis,full_court_segmentation,test,286.png,data/tennis_fullcourt/images/test/286.png,data/tennis_fullcourt/masks/test/286.png,dab6988f0fdc5f549f00804c0caef498489a5176acc9cad3a0a374a0ce5f6bd8,67058beaa141f845994864c2a0fd3de01f97d444ab67208daf1cbbb25e8a5d5f,1920,1080,2,background=0;full_court=1
tennis_fullcourt,tennis,full_court_segmentation,test,287.png,data/tennis_fullcourt/images/test/287.png,data/tennis_fullcourt/masks/test/287.png,8accdf48c45ba35815238ff4b345ce8d38b5643c9fbd13dfbe297ae6b12ebf42,67058beaa141f845994864c2a0fd3de01f97d444ab67208daf1cbbb25e8a5d5f,1920,1080,2,background=0;full_court=1
tennis_fullcourt,tennis,full_court_segmentation,test,288.png,data/tennis_fullcourt/images/test/288.png,data/tennis_fullcourt/masks/test/288.png,78d685de1038e1c05f3afd37864fbe1b77c5831b4a3545668c542b5ab66a637d,67058beaa141f845994864c2a0fd3de01f97d444ab67208daf1cbbb25e8a5d5f,1920,1080,2,background=0;full_court=1
tennis_fullcourt,tennis,full_court_segmentation,test,289.png,data/tennis_fullcourt/images/test/289.png,data/tennis_fullcourt/masks/test/289.png,37938fca38c36f0dc50c9813f7616e0139b5be07fc95e9e811faf2a0fe5c3e4f,67058beaa141f845994864c2a0fd3de01f97d444ab67208daf1cbbb25e8a5d5f,1920,1080,2,background=0;full_court=1
tennis_fullcourt,tennis,full_court_segmentation,test,290.png,data/tennis_fullcourt/images/test/290.png,data/tennis_fullcourt/masks/test/290.png,96e191dbcbd2959714e7bfbacf9b354fcf3cd0e59527ad0edd2da0a682709b36,67058beaa141f845994864c2a0fd3de01f97d444ab67208daf1cbbb25e8a5d5f,1920,1080,2,background=0;full_court=1
tennis_fullcourt,tennis,full_court_segmentation,test,291.png,data/tennis_fullcourt/images/test/291.png,data/tennis_fullcourt/masks/test/291.png,8c71af93c20eb9ad1480f7d815cf645ff34e24e8ed514820ae5fee400078e3ae,67058beaa141f845994864c2a0fd3de01f97d444ab67208daf1cbbb25e8a5d5f,1920,1080,2,background=0;full_court=1
tennis_fullcourt,tennis,full_court_segmentation,test,292.png,data/tennis_fullcourt/images/test/292.png,data/tennis_fullcourt/masks/test/292.png,3c2bcf861769a2a48b2d6f45706f1e7136d17bca2a1d59c451908e57c53ed0f6,67058beaa141f845994864c2a0fd3de01f97d444ab67208daf1cbbb25e8a5d5f,1920,1080,2,background=0;full_court=1
tennis_fullcourt,tennis,full_court_segmentation,test,293.png,data/tennis_fullcourt/images/test/293.png,data/tennis_fullcourt/masks/test/293.png,016a51355a566d7ddf27de0bcf20368294c4e65999f3b078139e4a9be8e8ddd1,67058beaa141f845994864c2a0fd3de01f97d444ab67208daf1cbbb25e8a5d5f,1920,1080,2,background=0;full_court=1
tennis_fullcourt,tennis,full_court_segmentation,test,294.png,data/tennis_fullcourt/images/test/294.png,data/tennis_fullcourt/masks/test/294.png,4bc2241b8b14aac0c987cd4bc3df64934df3b6d557f635f7d494d52bb893490c,67058beaa141f845994864c2a0fd3de01f97d444ab67208daf1cbbb25e8a5d5f,1920,1080,2,background=0;full_court=1
tennis_fullcourt,tennis,full_court_segmentation,test,295.png,data/tennis_fullcourt/images/test/295.png,data/tennis_fullcourt/masks/test/295.png,38ab036deea145175a33c46eba017e1308d2c7eedbd5690f406cfd7d6816fe45,67058beaa141f845994864c2a0fd3de01f97d444ab67208daf1cbbb25e8a5d5f,1920,1080,2,background=0;full_court=1
tennis_fullcourt,tennis,full_court_segmentation,test,296.png,data/tennis_fullcourt/images/test/296.png,data/tennis_fullcourt/masks/test/296.png,a67f802c92097badcf4de8b82ae1d3a98ceb1a8db4a79bd6ee3408e4bbc5694f,67058beaa141f845994864c2a0fd3de01f97d444ab67208daf1cbbb25e8a5d5f,1920,1080,2,background=0;full_court=1
tennis_fullcourt,tennis,full_court_segmentation,test,297.png,data/tennis_fullcourt/images/test/297.png,data/tennis_fullcourt/masks/test/297.png,c7858a3972263083a4e37da1979fce450a6e769e7c8866a57b1bb6dbae53da6d,67058beaa141f845994864c2a0fd3de01f97d444ab67208daf1cbbb25e8a5d5f,1920,1080,2,background=0;full_court=1
tennis_fullcourt,tennis,full_court_segmentation,test,298.png,data/tennis_fullcourt/images/test/298.png,data/tennis_fullcourt/masks/test/298.png,5f411da044a08ab9ea53ccfb7c38b7e19f77dee0a2a67b6527fcbca6db68973a,67058beaa141f845994864c2a0fd3de01f97d444ab67208daf1cbbb25e8a5d5f,1920,1080,2,background=0;full_court=1
tennis_fullcourt,tennis,full_court_segmentation,test,299.png,data/tennis_fullcourt/images/test/299.png,data/tennis_fullcourt/masks/test/299.png,861faabd939f122511dff747c79ab7f93e63cfdfc3be07846ce5f17733b67e08,67058beaa141f845994864c2a0fd3de01f97d444ab67208daf1cbbb25e8a5d5f,1920,1080,2,background=0;full_court=1
tennis_fullcourt,tennis,full_court_segmentation,test,300.png,data/tennis_fullcourt/images/test/300.png,data/tennis_fullcourt/masks/test/300.png,0c15c18b0eb9af66d9f83c176cb36b6f9a65779f9c553a856b3848f41ce7f35c,67058beaa141f845994864c2a0fd3de01f97d444ab67208daf1cbbb25e8a5d5f,1920,1080,2,background=0;full_court=1
tennis_fullcourt,tennis,full_court_segmentation,test,301.png,data/tennis_fullcourt/images/test/301.png,data/tennis_fullcourt/masks/test/301.png,689de79fd22a77a599d97760a1482b609ea17f332447b3be85fbcff51ece8293,67058beaa141f845994864c2a0fd3de01f97d444ab67208daf1cbbb25e8a5d5f,1920,1080,2,background=0;full_court=1
tennis_fullcourt,tennis,full_court_segmentation,test,302.png,data/tennis_fullcourt/images/test/302.png,data/tennis_fullcourt/masks/test/302.png,278847aafd4512a9f2d3ca92ccc904bb891e266aca56b4fc90751d3baa41bb13,6cf68f01b0f52212a3a855e4ed975c531c9f0652bb6c4b18a582c75bede6f463,1920,1080,2,background=0;full_court=1
tennis_fullcourt,tennis,full_court_segmentation,test,303.png,data/tennis_fullcourt/images/test/303.png,data/tennis_fullcourt/masks/test/303.png,563ecb7ecb8d389249438826156f525798e5fa7da6a0dfe5d2b1727a5ad98f11,cd9cf259aee53e2b4d925bf164e1f9d77a580ef775e745ca1e116ccc328d44c5,1920,1080,2,background=0;full_court=1
tennis_fullcourt,tennis,full_court_segmentation,test,304.png,data/tennis_fullcourt/images/test/304.png,data/tennis_fullcourt/masks/test/304.png,53d00cd6f945fe2ddf33feee5f85638d056309fceb2bcfa33ad3f8baac13bd89,cd9cf259aee53e2b4d925bf164e1f9d77a580ef775e745ca1e116ccc328d44c5,1920,1080,2,background=0;full_court=1
tennis_fullcourt,tennis,full_court_segmentation,test,305.png,data/tennis_fullcourt/images/test/305.png,data/tennis_fullcourt/masks/test/305.png,29f667678a8b30c893315b0946bfc6773a36fdd9dea1f1851091591f53d710ef,9ed847d297e055ebd204a422e1fdef9973d7d7ca764e961aa591b98c753be974,1920,1080,2,background=0;full_court=1
tennis_fullcourt,tennis,full_court_segmentation,test,306.png,data/tennis_fullcourt/images/test/306.png,data/tennis_fullcourt/masks/test/306.png,4cb64fde50c4913b22025397775bb299bc837d3e5cde8bb3a509df29449c551c,9ed847d297e055ebd204a422e1fdef9973d7d7ca764e961aa591b98c753be974,1920,1080,2,background=0;full_court=1
tennis_fullcourt,tennis,full_court_segmentation,test,307.png,data/tennis_fullcourt/images/test/307.png,data/tennis_fullcourt/masks/test/307.png,a17000ec4349c5fb4576d83acf05703c63b772baa046878f8b16af1cc49f5c72,9ed847d297e055ebd204a422e1fdef9973d7d7ca764e961aa591b98c753be974,1920,1080,2,background=0;full_court=1
tennis_fullcourt,tennis,full_court_segmentation,test,308.png,data/tennis_fullcourt/images/test/308.png,data/tennis_fullcourt/masks/test/308.png,6053ac12b33a561837c53d27eec86f46ddd0b61f36c2d10d1261eda14e107f65,9ed847d297e055ebd204a422e1fdef9973d7d7ca764e961aa591b98c753be974,1920,1080,2,background=0;full_court=1
tennis_fullcourt,tennis,full_court_segmentation,test,309.png,data/tennis_fullcourt/images/test/309.png,data/tennis_fullcourt/masks/test/309.png,9f3f08a73a8a4a515e66559058efc3f162fa92321c50029f1276ef4a1797a462,9ed847d297e055ebd204a422e1fdef9973d7d7ca764e961aa591b98c753be974,1920,1080,2,background=0;full_court=1
tennis_fullcourt,tennis,full_court_segmentation,test,310.png,data/tennis_fullcourt/images/test/310.png,data/tennis_fullcourt/masks/test/310.png,8e5dd44534a7e1c41e0b2ee52a81c05f06921fcfbd29a547b869666acc9352b2,9ed847d297e055ebd204a422e1fdef9973d7d7ca764e961aa591b98c753be974,1920,1080,2,background=0;full_court=1
tennis_fullcourt,tennis,full_court_segmentation,test,311.png,data/tennis_fullcourt/images/test/311.png,data/tennis_fullcourt/masks/test/311.png,fd56de7975f68b65522453548e59473adbfa564e5d88335bc8fda8145632b5c0,9ed847d297e055ebd204a422e1fdef9973d7d7ca764e961aa591b98c753be974,1920,1080,2,background=0;full_court=1
tennis_fullcourt,tennis,full_court_segmentation,test,312.png,data/tennis_fullcourt/images/test/312.png,data/tennis_fullcourt/masks/test/312.png,2e718c2e71555640725d19817ed5ca58786c35f789f6540f02b52babbbbd10f1,9ed847d297e055ebd204a422e1fdef9973d7d7ca764e961aa591b98c753be974,1920,1080,2,background=0;full_court=1
tennis_fullcourt,tennis,full_court_segmentation,test,313.png,data/tennis_fullcourt/images/test/313.png,data/tennis_fullcourt/masks/test/313.png,5d7b6e0144693887cf6b83b3a3efe93be2094a1cf9ef5588adda0ef7cbecc66c,9ed847d297e055ebd204a422e1fdef9973d7d7ca764e961aa591b98c753be974,1920,1080,2,background=0;full_court=1
tennis_fullcourt,tennis,full_court_segmentation,test,314.png,data/tennis_fullcourt/images/test/314.png,data/tennis_fullcourt/masks/test/314.png,6c6bab6a58d6bc59da7c6248497b534c20bc83ab2286b1910158552abfd9172d,9ed847d297e055ebd204a422e1fdef9973d7d7ca764e961aa591b98c753be974,1920,1080,2,background=0;full_court=1
tennis_fullcourt,tennis,full_court_segmentation,test,315.png,data/tennis_fullcourt/images/test/315.png,data/tennis_fullcourt/masks/test/315.png,d1c87eb003767de3c75247005e97adc803aacc879673aaa9271ef8db9b2ebf61,b47c6908de86d4b8f0cc0b7bc2fcc1d97baeb77084f49ce18bdc1669c9179f05,1920,1080,2,background=0;full_court=1
tennis_fullcourt,tennis,full_court_segmentation,test,316.png,data/tennis_fullcourt/images/test/316.png,data/tennis_fullcourt/masks/test/316.png,edae019b7cb18bf6ce3926684ad1d82ba7a826e168335fe26a21a7a8a4e44601,2b0e5d3baaa4f5e796fdb2a2e77bad7bbf19bfd7146089fd8af15f12436041ba,1920,1080,2,background=0;full_court=1
tennis_fullcourt,tennis,full_court_segmentation,test,317.png,data/tennis_fullcourt/images/test/317.png,data/tennis_fullcourt/masks/test/317.png,409e43e86073e57fd5fe71559406b7952e88289b0aa69cb8c9dbbe86e7666dce,2b0e5d3baaa4f5e796fdb2a2e77bad7bbf19bfd7146089fd8af15f12436041ba,1920,1080,2,background=0;full_court=1
tennis_fullcourt,tennis,full_court_segmentation,test,318.png,data/tennis_fullcourt/images/test/318.png,data/tennis_fullcourt/masks/test/318.png,eddab76e1242f43b667e5b4e44d2c1678bd87133b5ca89387212fba798149da9,2b0e5d3baaa4f5e796fdb2a2e77bad7bbf19bfd7146089fd8af15f12436041ba,1920,1080,2,background=0;full_court=1
tennis_fullcourt,tennis,full_court_segmentation,test,319.png,data/tennis_fullcourt/images/test/319.png,data/tennis_fullcourt/masks/test/319.png,d8424e4d0ee85c8220d96f44ddfd7b87c4fee14da2950b0676980b5385084afd,2b0e5d3baaa4f5e796fdb2a2e77bad7bbf19bfd7146089fd8af15f12436041ba,1920,1080,2,background=0;full_court=1
tennis_fullcourt,tennis,full_court_segmentation,test,320.png,data/tennis_fullcourt/images/test/320.png,data/tennis_fullcourt/masks/test/320.png,22fd4b9de7edf7e6cb27e871905afec7c7753624e01e3c1c251f86e49bac19bc,9f22309c6c6c6c457fe7c8765abec81ca314e4d0136b2d9a606a19009a9623ce,1920,1080,2,background=0;full_court=1
tennis_fullcourt,tennis,full_court_segmentation,test,321.png,data/tennis_fullcourt/images/test/321.png,data/tennis_fullcourt/masks/test/321.png,f7509daf6db02a3f83513da2aa347ad4beefc340469352eead89b623a85860d5,2b0e5d3baaa4f5e796fdb2a2e77bad7bbf19bfd7146089fd8af15f12436041ba,1920,1080,2,background=0;full_court=1
tennis_fullcourt,tennis,full_court_segmentation,test,322.png,data/tennis_fullcourt/images/test/322.png,data/tennis_fullcourt/masks/test/322.png,593ff5f89ca2843dcb22aca0674db79b4d59fe973a0291bc07cea746cf7b3c44,2b0e5d3baaa4f5e796fdb2a2e77bad7bbf19bfd7146089fd8af15f12436041ba,1920,1080,2,background=0;full_court=1
tennis_fullcourt,tennis,full_court_segmentation,test,323.png,data/tennis_fullcourt/images/test/323.png,data/tennis_fullcourt/masks/test/323.png,042bc4ae1ea3ccce82b9136ed3bfd7241e0f14671946af71a3f8095e603b707e,2b0e5d3baaa4f5e796fdb2a2e77bad7bbf19bfd7146089fd8af15f12436041ba,1920,1080,2,background=0;full_court=1
tennis_fullcourt,tennis,full_court_segmentation,test,324.png,data/tennis_fullcourt/images/test/324.png,data/tennis_fullcourt/masks/test/324.png,9a80ebdd15cd70c078bb4e4783068356fbb18fc064c000120ceb617067df9a1a,2b0e5d3baaa4f5e796fdb2a2e77bad7bbf19bfd7146089fd8af15f12436041ba,1920,1080,2,background=0;full_court=1
tennis_fullcourt,tennis,full_court_segmentation,test,325.png,data/tennis_fullcourt/images/test/325.png,data/tennis_fullcourt/masks/test/325.png,02154fbd6b84a572d2adce52f4f8b68409ba089bc97ca1e789a95f12c3e4a82c,b701b765738559575adf0cb28212abfdd7dcc52a01e25da110cdd99fe5affccd,1920,1080,2,background=0;full_court=1
tennis_fullcourt,tennis,full_court_segmentation,test,326.png,data/tennis_fullcourt/images/test/326.png,data/tennis_fullcourt/masks/test/326.png,9f97ccc0b224229bb9738ebb2acbfd006ffa4115498cf1162958d8472137ad2f,9c5cd80c6138ff1e04778d5987291a5e91c6d26f061f7e9fd89a858fa6a0cb37,1920,1080,2,background=0;full_court=1
tennis_fullcourt,tennis,full_court_segmentation,test,327.png,data/tennis_fullcourt/images/test/327.png,data/tennis_fullcourt/masks/test/327.png,48b8733244ae8083c4a227b323841666a7597abb06080f094bd1bdc32a69e21c,9c5cd80c6138ff1e04778d5987291a5e91c6d26f061f7e9fd89a858fa6a0cb37,1920,1080,2,background=0;full_court=1
tennis_fullcourt,tennis,full_court_segmentation,test,328.png,data/tennis_fullcourt/images/test/328.png,data/tennis_fullcourt/masks/test/328.png,5ac8e577372e13a0ee7db552abff995dc5befcacdbde6e5f3569eeb3236d5265,9c5cd80c6138ff1e04778d5987291a5e91c6d26f061f7e9fd89a858fa6a0cb37,1920,1080,2,background=0;full_court=1
tennis_fullcourt,tennis,full_court_segmentation,test,329.png,data/tennis_fullcourt/images/test/329.png,data/tennis_fullcourt/masks/test/329.png,3ded9776a6de7705ef600976cb386aaa3a7a8e3ac5ba8f5abf444f17c3acae83,9c5cd80c6138ff1e04778d5987291a5e91c6d26f061f7e9fd89a858fa6a0cb37,1920,1080,2,background=0;full_court=1
tennis_fullcourt,tennis,full_court_segmentation,test,330.png,data/tennis_fullcourt/images/test/330.png,data/tennis_fullcourt/masks/test/330.png,708d0e830124fe5ef4334dac2104354bec7dcafbe60fe7744200fdd35d48a912,9c5cd80c6138ff1e04778d5987291a5e91c6d26f061f7e9fd89a858fa6a0cb37,1920,1080,2,background=0;full_court=1
tennis_fullcourt,tennis,full_court_segmentation,test,331.png,data/tennis_fullcourt/images/test/331.png,data/tennis_fullcourt/masks/test/331.png,70c21990f842087f50738266fab34aa1444f2e7bb2e34dbe768eeb4733ad4ad7,9c5cd80c6138ff1e04778d5987291a5e91c6d26f061f7e9fd89a858fa6a0cb37,1920,1080,2,background=0;full_court=1
tennis_fullcourt,tennis,full_court_segmentation,test,332.png,data/tennis_fullcourt/images/test/332.png,data/tennis_fullcourt/masks/test/332.png,75833e066a36b79a57e7614bf624ea6ada4e4f5e1e16a461691aa4a19bc0f4bb,2f537c010b3fb0089bc5c83e48bd40ee69c8069762a56cec28635b174ac33919,1920,1080,2,background=0;full_court=1
tennis_fullcourt,tennis,full_court_segmentation,test,333.png,data/tennis_fullcourt/images/test/333.png,data/tennis_fullcourt/masks/test/333.png,288579880868edfed7d29b6c189b295a7639891b25f642d834d00e8bc10b3065,eceabc82eedfeb75465105b9efd1515f55708922795c97aa2a3e75566a43f94a,1920,1080,2,background=0;full_court=1
tennis_fullcourt,tennis,full_court_segmentation,test,334.png,data/tennis_fullcourt/images/test/334.png,data/tennis_fullcourt/masks/test/334.png,73e9a3fe01352718698885eac0b24cb2dca5e4dab580bc8357c3c3d8724e7fa0,eceabc82eedfeb75465105b9efd1515f55708922795c97aa2a3e75566a43f94a,1920,1080,2,background=0;full_court=1
tennis_fullcourt,tennis,full_court_segmentation,test,335.png,data/tennis_fullcourt/images/test/335.png,data/tennis_fullcourt/masks/test/335.png,3e0b704f9c669f4c61bf3d8839b8a355362640d4585266b521cfae54a24d95e1,887d2bdca8d15249a405d527cd23c60c750605effcfdeb2387ff1b08ec661926,1920,1080,2,background=0;full_court=1
tennis_fullcourt,tennis,full_court_segmentation,test,336.png,data/tennis_fullcourt/images/test/336.png,data/tennis_fullcourt/masks/test/336.png,01e0883c8f2516c1799a1820034bb0ec4ac1c5ae1e785ab791a5d301b09629be,887d2bdca8d15249a405d527cd23c60c750605effcfdeb2387ff1b08ec661926,1920,1080,2,background=0;full_court=1
tennis_fullcourt,tennis,full_court_segmentation,test,337.png,data/tennis_fullcourt/images/test/337.png,data/tennis_fullcourt/masks/test/337.png,47b1cc223c1aa0594a7aa27b84f0778f48fe24147cb7ab6e02897d274a8d5d02,887d2bdca8d15249a405d527cd23c60c750605effcfdeb2387ff1b08ec661926,1920,1080,2,background=0;full_court=1
tennis_fullcourt,tennis,full_court_segmentation,test,338.png,data/tennis_fullcourt/images/test/338.png,data/tennis_fullcourt/masks/test/338.png,74f7a3b8b2464d531df2b56f8937ec577d80c16c3911d5ec5eeb0038ceca4f8c,887d2bdca8d15249a405d527cd23c60c750605effcfdeb2387ff1b08ec661926,1920,1080,2,background=0;full_court=1
tennis_fullcourt,tennis,full_court_segmentation,test,339.png,data/tennis_fullcourt/images/test/339.png,data/tennis_fullcourt/masks/test/339.png,17dde70310a61ac75db4ea2418d09dd7e904f45b0854c54edb7009f3411d008c,3002255320ba147c736754389902de6807c943459b8a2998143796ee768facac,1920,1080,2,background=0;full_court=1
tennis_fullcourt,tennis,full_court_segmentation,test,340.png,data/tennis_fullcourt/images/test/340.png,data/tennis_fullcourt/masks/test/340.png,2a65ebe1f93a2cbb53997f2dab78c4028466b6fecc25f4186e2108e6c4ac9310,3002255320ba147c736754389902de6807c943459b8a2998143796ee768facac,1920,1080,2,background=0;full_court=1
tennis_fullcourt,tennis,full_court_segmentation,test,341.png,data/tennis_fullcourt/images/test/341.png,data/tennis_fullcourt/masks/test/341.png,291fb98bc97971fab431419a0c35cb91fd96f650aad6ae934793416024a0191d,3002255320ba147c736754389902de6807c943459b8a2998143796ee768facac,1920,1080,2,background=0;full_court=1
tennis_fullcourt,tennis,full_court_segmentation,test,342.png,data/tennis_fullcourt/images/test/342.png,data/tennis_fullcourt/masks/test/342.png,ae0391810bf6ae4ff71d6bcaca28c0fdeb681914db72292c2abd51b6f9efcf42,3002255320ba147c736754389902de6807c943459b8a2998143796ee768facac,1920,1080,2,background=0;full_court=1
tennis_fullcourt,tennis,full_court_segmentation,test,343.png,data/tennis_fullcourt/images/test/343.png,data/tennis_fullcourt/masks/test/343.png,12d9b1d61ee5ac94a740ead477216834b2216a8227dbc13b9e5842c7c3a2e24a,3002255320ba147c736754389902de6807c943459b8a2998143796ee768facac,1920,1080,2,background=0;full_court=1
tennis_fullcourt,tennis,full_court_segmentation,test,344.png,data/tennis_fullcourt/images/test/344.png,data/tennis_fullcourt/masks/test/344.png,fbc7317f0c0266b771881692cf108af16c3d1c2fb133a64a1be5034c7a78e7c7,3002255320ba147c736754389902de6807c943459b8a2998143796ee768facac,1920,1080,2,background=0;full_court=1
tennis_fullcourt,tennis,full_court_segmentation,test,345.png,data/tennis_fullcourt/images/test/345.png,data/tennis_fullcourt/masks/test/345.png,7365efd621a6640d23775477874960e89159aa338f26dec90c83d09afcd4dc50,3002255320ba147c736754389902de6807c943459b8a2998143796ee768facac,1920,1080,2,background=0;full_court=1
tennis_fullcourt,tennis,full_court_segmentation,test,346.png,data/tennis_fullcourt/images/test/346.png,data/tennis_fullcourt/masks/test/346.png,60616ef11db9b232d7cc412abac1d87d13d9bf148065e22247b3207c2c5660ff,3002255320ba147c736754389902de6807c943459b8a2998143796ee768facac,1920,1080,2,background=0;full_court=1
tennis_fullcourt,tennis,full_court_segmentation,test,347.png,data/tennis_fullcourt/images/test/347.png,data/tennis_fullcourt/masks/test/347.png,4bc07284106feec792d1608c15c0d0c413619063b18a50c8c7da75b8bc7f079a,3002255320ba147c736754389902de6807c943459b8a2998143796ee768facac,1920,1080,2,background=0;full_court=1
tennis_fullcourt,tennis,full_court_segmentation,test,348.png,data/tennis_fullcourt/images/test/348.png,data/tennis_fullcourt/masks/test/348.png,49f170734be8066ac6615feb43d858f6fa075d5c35af24af54732c00077754a5,3002255320ba147c736754389902de6807c943459b8a2998143796ee768facac,1920,1080,2,background=0;full_court=1
tennis_fullcourt,tennis,full_court_segmentation,test,349.png,data/tennis_fullcourt/images/test/349.png,data/tennis_fullcourt/masks/test/349.png,d39986a013726059fcd7d8d32723172e78c168201888451ab276715e90c84d27,3002255320ba147c736754389902de6807c943459b8a2998143796ee768facac,1920,1080,2,background=0;full_court=1
tennis_fullcourt,tennis,full_court_segmentation,test,350.png,data/tennis_fullcourt/images/test/350.png,data/tennis_fullcourt/masks/test/350.png,98b21eb42ecdd944e25b77c14af10985338e08d5f35ba257e1a0fcc333e7260a,3002255320ba147c736754389902de6807c943459b8a2998143796ee768facac,1920,1080,2,background=0;full_court=1
tennis_fullcourt,tennis,full_court_segmentation,test,351.png,data/tennis_fullcourt/images/test/351.png,data/tennis_fullcourt/masks/test/351.png,99bb04ee4147af0fbe4eb2c96ab9471d8cfdaae7f66c3d0e1a3421f235aee2da,3002255320ba147c736754389902de6807c943459b8a2998143796ee768facac,1920,1080,2,background=0;full_court=1
tennis_fullcourt,tennis,full_court_segmentation,test,352.png,data/tennis_fullcourt/images/test/352.png,data/tennis_fullcourt/masks/test/352.png,773304874955711bd79c1222e12ebb316b1f6dba3b2f8c6f72d948d445d52deb,3002255320ba147c736754389902de6807c943459b8a2998143796ee768facac,1920,1080,2,background=0;full_court=1
tennis_fullcourt,tennis,full_court_segmentation,test,353.png,data/tennis_fullcourt/images/test/353.png,data/tennis_fullcourt/masks/test/353.png,e71d5a67d89f35220e090646e5322d304a76ea04e914121c38fcc9c78dcffe65,3002255320ba147c736754389902de6807c943459b8a2998143796ee768facac,1920,1080,2,background=0;full_court=1
tennis_fullcourt,tennis,full_court_segmentation,test,354.png,data/tennis_fullcourt/images/test/354.png,data/tennis_fullcourt/masks/test/354.png,340b72275b8c5f7e176c289003e239ecc59cf0638908c2e12617998142567357,3002255320ba147c736754389902de6807c943459b8a2998143796ee768facac,1920,1080,2,background=0;full_court=1
tennis_fullcourt,tennis,full_court_segmentation,test,355.png,data/tennis_fullcourt/images/test/355.png,data/tennis_fullcourt/masks/test/355.png,e4031ede5691e69bfe5fae878d95ac1b0d815db0052e47076868060da0dcbf99,3002255320ba147c736754389902de6807c943459b8a2998143796ee768facac,1920,1080,2,background=0;full_court=1
tennis_fullcourt,tennis,full_court_segmentation,test,356.png,data/tennis_fullcourt/images/test/356.png,data/tennis_fullcourt/masks/test/356.png,2844226253660fd34beb93b5896e941960ff5db0813019fbc13aae78a31f5903,3002255320ba147c736754389902de6807c943459b8a2998143796ee768facac,1920,1080,2,background=0;full_court=1
tennis_fullcourt,tennis,full_court_segmentation,test,357.png,data/tennis_fullcourt/images/test/357.png,data/tennis_fullcourt/masks/test/357.png,8062c0b3ce0ebf3b12e316706de6c6bd6092cdbeb28ff0e8f409d9a4bdf3e890,3002255320ba147c736754389902de6807c943459b8a2998143796ee768facac,1920,1080,2,background=0;full_court=1
tennis_fullcourt,tennis,full_court_segmentation,test,358.png,data/tennis_fullcourt/images/test/358.png,data/tennis_fullcourt/masks/test/358.png,a0082799035e204f52f42c2c3d4826abcd3bab1176fc069270809eefeb63fc57,3002255320ba147c736754389902de6807c943459b8a2998143796ee768facac,1920,1080,2,background=0;full_court=1
tennis_fullcourt,tennis,full_court_segmentation,test,359.png,data/tennis_fullcourt/images/test/359.png,data/tennis_fullcourt/masks/test/359.png,1755dc6a9553f89284c52c243a3db89cbb34f556c4fe48f5271f20aa7709a553,3002255320ba147c736754389902de6807c943459b8a2998143796ee768facac,1920,1080,2,background=0;full_court=1
tennis_fullcourt,tennis,full_court_segmentation,test,360.png,data/tennis_fullcourt/images/test/360.png,data/tennis_fullcourt/masks/test/360.png,297692859546b827bc11bd916d01b0a2d4d82ae0129d53d8e731d613338b17de,3002255320ba147c736754389902de6807c943459b8a2998143796ee768facac,1920,1080,2,background=0;full_court=1
tennis_fullcourt,tennis,full_court_segmentation,test,361.png,data/tennis_fullcourt/images/test/361.png,data/tennis_fullcourt/masks/test/361.png,7190e7e2b3f60c30c38d9b4508cae4f56df3db3cc739c172f55b61182f4f3d7c,3002255320ba147c736754389902de6807c943459b8a2998143796ee768facac,1920,1080,2,background=0;full_court=1
tennis_fullcourt,tennis,full_court_segmentation,test,362.png,data/tennis_fullcourt/images/test/362.png,data/tennis_fullcourt/masks/test/362.png,710a057d0e07e1fc2e27aaf21f7f3b6320d71511e4c2c64e734b0c40a3d3613b,3002255320ba147c736754389902de6807c943459b8a2998143796ee768facac,1920,1080,2,background=0;full_court=1
tennis_fullcourt,tennis,full_court_segmentation,test,363.png,data/tennis_fullcourt/images/test/363.png,data/tennis_fullcourt/masks/test/363.png,5199ac5c9e0364d2c0ac716f95d06aa505c3ed132ba5a75db042b178ac29572b,3002255320ba147c736754389902de6807c943459b8a2998143796ee768facac,1920,1080,2,background=0;full_court=1
tennis_fullcourt,tennis,full_court_segmentation,test,364.png,data/tennis_fullcourt/images/test/364.png,data/tennis_fullcourt/masks/test/364.png,3bd88393f07014da5836c63100a94248a010e6e18ca7fc5e2a6975a732c67696,04a526e4f6851a535aa025a7455691593176afc3fc5c5fa7daad2dbd79489489,1920,1080,2,background=0;full_court=1
tennis_fullcourt,tennis,full_court_segmentation,test,365.png,data/tennis_fullcourt/images/test/365.png,data/tennis_fullcourt/masks/test/365.png,b549829abcb271ca62dd3ea533940fcce434eec3fb559bfa612a48c50dca858f,3002255320ba147c736754389902de6807c943459b8a2998143796ee768facac,1920,1080,2,background=0;full_court=1
tennis_fullcourt,tennis,full_court_segmentation,test,366.png,data/tennis_fullcourt/images/test/366.png,data/tennis_fullcourt/masks/test/366.png,2694f4ce18823d824f3648548487f0fa59cecd1e00c449fa356ecc6f77d0b107,c186a6abcc06b711b4af5dde6fc2be0cb6890caf2518d06144123e6390e24395,1920,1080,2,background=0;full_court=1
tennis_fullcourt,tennis,full_court_segmentation,test,367.png,data/tennis_fullcourt/images/test/367.png,data/tennis_fullcourt/masks/test/367.png,c8296bea32df0c05470da81a150c48384efa05b26958447e4e6802203a2727eb,c186a6abcc06b711b4af5dde6fc2be0cb6890caf2518d06144123e6390e24395,1920,1080,2,background=0;full_court=1
tennis_fullcourt,tennis,full_court_segmentation,test,368.png,data/tennis_fullcourt/images/test/368.png,data/tennis_fullcourt/masks/test/368.png,a16c32adb482c31f663aacdf55680b40dfb8e94ddb07ada376db73f141324788,c186a6abcc06b711b4af5dde6fc2be0cb6890caf2518d06144123e6390e24395,1920,1080,2,background=0;full_court=1
tennis_fullcourt,tennis,full_court_segmentation,test,vlcsnap-2023-06-28-14h02m29s237.png,data/tennis_fullcourt/images/test/vlcsnap-2023-06-28-14h02m29s237.png,data/tennis_fullcourt/masks/test/vlcsnap-2023-06-28-14h02m29s237.png,bdf0059036c370f81cbc211a98946c38f1ac33ca7477efa844fc80af8aa7494a,8ac445d9380ba4ffbdce74c9ae3f6919cff48eb04dc69eefac1ae6f54542eddd,1920,1080,2,background=0;full_court=1
tennis_fullcourt,tennis,full_court_segmentation,test,vlcsnap-2023-06-28-14h02m34s841.png,data/tennis_fullcourt/images/test/vlcsnap-2023-06-28-14h02m34s841.png,data/tennis_fullcourt/masks/test/vlcsnap-2023-06-28-14h02m34s841.png,e089fb2b8ffa95eab831f831d92d9a654949d1f5c797b8a13db2b9af15e97099,f47df3803a26a447743dc29c08cfc0f5824a9e128ece4b3f796804311e609802,1920,1080,2,background=0;full_court=1
tennis_fullcourt,tennis,full_court_segmentation,test,vlcsnap-2023-06-28-14h02m43s842.png,data/tennis_fullcourt/images/test/vlcsnap-2023-06-28-14h02m43s842.png,data/tennis_fullcourt/masks/test/vlcsnap-2023-06-28-14h02m43s842.png,6573c1491193b3e3c3313409e94cfede8ca69b6519b84ac1bfd88bcb92922a2a,a42c8bf9354adbb5378e8ee385ceb622a0554c4618e9f7dbbb4a7b8132d92cee,1920,1080,2,background=0;full_court=1
tennis_fullcourt,tennis,full_court_segmentation,test,vlcsnap-2023-06-28-14h02m53s158.png,data/tennis_fullcourt/images/test/vlcsnap-2023-06-28-14h02m53s158.png,data/tennis_fullcourt/masks/test/vlcsnap-2023-06-28-14h02m53s158.png,a780b4d9dd5de2ea46d4a7624e704042b364b36429d8cb915c39ef1c8f387c7c,3a2226d9a90d99788ff64b4c294958f9434ee5d0deaf2a11a50cd61df232f2d1,1920,1080,2,background=0;full_court=1
tennis_fullcourt,tennis,full_court_segmentation,test,vlcsnap-2023-06-28-14h02m58s364.png,data/tennis_fullcourt/images/test/vlcsnap-2023-06-28-14h02m58s364.png,data/tennis_fullcourt/masks/test/vlcsnap-2023-06-28-14h02m58s364.png,45aafa006468132a020f1463b77e63f564f464f497e11d527930f9528e8b4e81,a9f201e2fd8e5496d9fc5ecf569bda13084d0a88f291966d6320c533cf55ca31,1920,1080,2,background=0;full_court=1
tennis_fullcourt,tennis,full_court_segmentation,test,vlcsnap-2023-06-28-14h03m03s787.png,data/tennis_fullcourt/images/test/vlcsnap-2023-06-28-14h03m03s787.png,data/tennis_fullcourt/masks/test/vlcsnap-2023-06-28-14h03m03s787.png,68c9d8142dc127f48eeaa80113b123b3dc49f8c7385ebc0c13154aaff4b707af,c0b6464027b34b2bb86fbb83896d8c537e232a01a0b7f81e376147d90316da8c,1920,1080,2,background=0;full_court=1
tennis_fullcourt,tennis,full_court_segmentation,test,vlcsnap-2023-06-28-14h03m14s124.png,data/tennis_fullcourt/images/test/vlcsnap-2023-06-28-14h03m14s124.png,data/tennis_fullcourt/masks/test/vlcsnap-2023-06-28-14h03m14s124.png,32858140145a0b945a86465c442876eefb5b435cbb41ed8ded80f876644c0833,2c233474df8b6bcb33d32316b94485742ec52e096740cf944d109701abab226e,1920,1080,2,background=0;full_court=1
tennis_fullcourt,tennis,full_court_segmentation,test,vlcsnap-2023-06-28-14h03m31s178.png,data/tennis_fullcourt/images/test/vlcsnap-2023-06-28-14h03m31s178.png,data/tennis_fullcourt/masks/test/vlcsnap-2023-06-28-14h03m31s178.png,631dc7976f1cf2886e22e87e13fcc3696a1d5f00c3eb2abe2af5133d658ab9c8,d3170278122c210f8a1a6aa4c45919c38a7fc769822a322710535bb3f7806ce7,1920,1080,2,background=0;full_court=1
tennis_fullcourt,tennis,full_court_segmentation,test,vlcsnap-2023-06-28-14h13m01s066.png,data/tennis_fullcourt/images/test/vlcsnap-2023-06-28-14h13m01s066.png,data/tennis_fullcourt/masks/test/vlcsnap-2023-06-28-14h13m01s066.png,695751245f0111d539982e643b03b1a138eceabeb44ff77742edc567a3740c14,73317d8ef8788c3ea7f016cc7c2c311b7e9cba3fe9620f4d95dcf21e0f1dd562,1920,1080,2,background=0;full_court=1
tennis_fullcourt,tennis,full_court_segmentation,test,vlcsnap-2023-06-28-14h13m06s317.png,data/tennis_fullcourt/images/test/vlcsnap-2023-06-28-14h13m06s317.png,data/tennis_fullcourt/masks/test/vlcsnap-2023-06-28-14h13m06s317.png,3408f1a892cf0eb3873388be0894ec4375b1148ec44997a495f30f5753006b30,ff2b84b4cfbc43f3d7a4793980df8cdd6640a8fcc94e67bb6968be45c7b6a175,1920,1080,2,background=0;full_court=1
tennis_fullcourt,tennis,full_court_segmentation,test,vlcsnap-2023-06-28-14h13m11s628.png,data/tennis_fullcourt/images/test/vlcsnap-2023-06-28-14h13m11s628.png,data/tennis_fullcourt/masks/test/vlcsnap-2023-06-28-14h13m11s628.png,61e08fc0e94b914bdde416f1e7c5774dbd8f8b4b4ae864cb9c12d21604a62b82,5797d59c47d743dac98206945c8bff898061b42a7c232632af37b3c1b1c9c8c1,1920,1080,2,background=0;full_court=1
tennis_fullcourt,tennis,full_court_segmentation,test,vlcsnap-2023-06-28-14h13m15s430.png,data/tennis_fullcourt/images/test/vlcsnap-2023-06-28-14h13m15s430.png,data/tennis_fullcourt/masks/test/vlcsnap-2023-06-28-14h13m15s430.png,324ba80c76be0bf404ec24b6f99898293229b239b8bfff7a6e57c1ba58b08dce,1446b4fb6fc386e770150e02abc21142823b914866e2f22a9eb1d26307a35f5f,1920,1080,2,background=0;full_court=1
tennis_fullcourt,tennis,full_court_segmentation,test,vlcsnap-2023-06-28-14h13m21s943.png,data/tennis_fullcourt/images/test/vlcsnap-2023-06-28-14h13m21s943.png,data/tennis_fullcourt/masks/test/vlcsnap-2023-06-28-14h13m21s943.png,49898a908be37a523dc5868402d6e55b011f2bb1199d866f1ed0f72e9c601728,e000360385abdf50f8304601761c6cd801985bc7447bfbf8259ce46eb01e52c1,1920,1080,2,background=0;full_court=1
tennis_fullcourt,tennis,full_court_segmentation,test,vlcsnap-2023-06-28-14h13m26s100.png,data/tennis_fullcourt/images/test/vlcsnap-2023-06-28-14h13m26s100.png,data/tennis_fullcourt/masks/test/vlcsnap-2023-06-28-14h13m26s100.png,11f03a163bcefce6a83f132e0264b221fc1c43d1a900a481d4373fae05aecb7d,703fcf028b4115d05e2844d947b2102e6bf0b830a52ed3b607f4902139afb5f2,1920,1080,2,background=0;full_court=1
tennis_fullcourt,tennis,full_court_segmentation,test,vlcsnap-2023-06-28-14h13m36s098.png,data/tennis_fullcourt/images/test/vlcsnap-2023-06-28-14h13m36s098.png,data/tennis_fullcourt/masks/test/vlcsnap-2023-06-28-14h13m36s098.png,70269bd8018584f5db75497416c25b5f58a82b60198200225610775f13b77c20,adc471a7b88028de5e979c5b65b26bdbaa2f35bcc52f8059655a3f3c2c8f9fe6,1920,1080,2,background=0;full_court=1
tennis_fullcourt,tennis,full_court_segmentation,test,vlcsnap-2023-06-28-14h13m40s907.png,data/tennis_fullcourt/images/test/vlcsnap-2023-06-28-14h13m40s907.png,data/tennis_fullcourt/masks/test/vlcsnap-2023-06-28-14h13m40s907.png,ed29ee2dbef091e42ff1f98d946f5db4af1d054c6bec9f42cf8e798f69da25a1,c853e7ef9564f576b85b087955b023653cd706fb6052f749b3a6b7e3e6698d8c,1920,1080,2,background=0;full_court=1
tennis_fullcourt,tennis,full_court_segmentation,test,vlcsnap-2023-06-28-14h13m46s711.png,data/tennis_fullcourt/images/test/vlcsnap-2023-06-28-14h13m46s711.png,data/tennis_fullcourt/masks/test/vlcsnap-2023-06-28-14h13m46s711.png,59006ae554429eefff44a9a03a009f35d7689f321a01137b8de09d154e9038a3,368be45c8bc9606c5a74329566c066d68270b1fa284766f82afa31a92026e88a,1920,1080,2,background=0;full_court=1
