image_id,split,status,tier,native_w,native_h,n_corrs,inlier_ratio,residual_rmse_px720,fullcourt_iou,zone_miou
001.png,train,valid,silver,1920,1080,4,1.0,0.0,0.9966941420196589,
002.png,train,valid,silver,1920,1080,4,1.0,0.0,0.9966941420196589,
003.png,train,valid,silver,1920,1080,4,1.0,0.0,0.9947738298271203,
004.png,train,valid,silver,1920,1080,4,1.0,0.0,0.9947738298271203,
005.png,train,valid,silver,1920,1080,4,1.0,0.0,0.993046318367992,
006.png,train,valid,silver,1920,1080,4,1.0,0.0,0.9921607473762414,
007.png,train,valid,silver,1920,1080,4,1.0,0.0,0.9949343704826638,
008.png,train,valid,silver,1920,1080,4,1.0,0.0,0.9937061679554037,
009.png,train,valid,silver,1920,1080,4,1.0,0.0,0.9938202887371476,
010.png,train,valid,silver,1920,1080,4,1.0,0.0,0.9961489979721954,
011.png,train,valid,silver,1920,1080,4,1.0,0.0,0.9927143931099551,
012.png,train,valid,silver,1920,1080,4,1.0,0.0,0.9941214225902296,
013.png,train,valid,silver,1920,1080,4,1.0,0.0,0.992918939616757,
014.png,train,valid,silver,1920,1080,4,1.0,0.0,0.9947558947265434,
015.png,train,valid,silver,1920,1080,4,1.0,0.0,0.9947558947265434,
016.png,train,valid,silver,1920,1080,4,1.0,0.0,0.9922326919324483,
017.png,train,valid,silver,1920,1080,4,1.0,0.0,0.9937677902621723,
018.png,val,valid,silver,1920,1080,4,1.0,0.0,0.9968653707155628,
019.png,train,valid,silver,1920,1080,4,1.0,0.0,0.9948805784794407,
020.png,train,valid,silver,1920,1080,4,1.0,0.0,0.9924763263717733,
021.png,train,valid,silver,1920,1080,4,1.0,0.0,0.9954817150656563,
022.png,train,valid,silver,1920,1080,4,1.0,0.0,0.994711121113719,
023.png,train,valid,silver,1920,1080,4,1.0,0.0,0.9921003817006456,
024.png,train,valid,silver,1920,1080,4,1.0,0.0,0.9918629931471146,
025.png,train,valid,silver,1920,1080,4,1.0,0.0,0.9913886833325755,
026.png,train,valid,silver,1920,1080,4,1.0,0.0,0.9926382568889617,
027.png,train,valid,silver,1920,1080,4,1.0,0.0,0.9926382568889617,
028.png,train,valid,silver,1920,1080,4,1.0,0.0,0.9926453826029376,
029.png,train,valid,silver,1920,1080,4,1.0,0.0,0.9922140223400165,
030.png,train,valid,silver,1920,1080,4,1.0,0.0,0.9913208540894028,
031.png,train,valid,silver,1920,1080,4,1.0,0.0,0.9913208540894028,
032.png,train,valid,silver,1920,1080,4,1.0,0.0,0.9928234143021227,
033.png,train,valid,silver,1920,1080,4,1.0,0.0,0.9913255409518076,
034.png,train,valid,silver,1920,1080,4,1.0,0.0,0.9934102704179186,
035.png,train,valid,silver,1920,1080,4,1.0,0.0,0.9914768972324433,
036.png,train,valid,silver,1920,1080,4,1.0,0.0,0.9930572656429973,
037.png,train,valid,silver,1920,1080,4,1.0,0.0,0.9958737602307179,
038.png,val,valid,silver,1920,1080,4,1.0,0.0,0.9945479114536487,
039.png,train,valid,silver,1920,1080,4,1.0,0.0,0.9945479114536487,
040.png,train,valid,silver,1920,1080,4,1.0,0.0,0.9918482901181863,
041.png,train,valid,silver,1920,1080,4,1.0,0.0,0.9963047163066443,
042.png,train,valid,silver,1920,1080,4,1.0,0.0,0.9935225893321636,
043.png,train,valid,silver,1920,1080,4,1.0,0.0,0.9941374817993716,
044.png,train,valid,silver,1920,1080,4,1.0,0.0,0.9904716208010802,
045.png,train,valid,silver,1920,1080,4,1.0,0.0,0.9932752337425695,
046.png,train,valid,silver,1920,1080,4,1.0,0.0,0.9941509849948772,
047.png,train,valid,silver,1920,1080,4,1.0,0.0,0.9949441215140821,
048.png,train,valid,silver,1920,1080,4,1.0,0.0,0.9930965291546234,
049.png,train,valid,silver,1920,1080,4,1.0,0.0,0.9962398363096833,
050.png,train,valid,silver,1920,1080,4,1.0,0.0,0.9942089338582165,
051.png,train,valid,silver,1920,1080,4,1.0,0.0,0.9942089338582165,
052.png,val,valid,silver,1920,1080,4,1.0,0.0,0.993067079397498,
053.png,train,valid,silver,1920,1080,4,1.0,0.0,0.9910285203219715,
054.png,train,valid,silver,1920,1080,4,1.0,0.0,0.9926620724859623,
055.png,train,valid,silver,1920,1080,4,1.0,0.0,0.9906880064862029,
056.png,train,valid,silver,1920,1080,4,1.0,0.0,0.9924487594390508,
057.png,train,valid,silver,1920,1080,4,1.0,0.0,0.9925543269436025,
058.png,train,valid,silver,1920,1080,4,1.0,0.0,0.9940522036799315,
059.png,train,valid,silver,1920,1080,4,1.0,0.0,0.9940522036799315,
060.png,val,valid,silver,1920,1080,4,1.0,0.0,0.9940522036799315,
061.png,train,valid,silver,1920,1080,4,1.0,0.0,0.9940522036799315,
062.png,train,valid,silver,1920,1080,4,1.0,0.0,0.9940522036799315,
063.png,train,valid,silver,1920,1080,4,1.0,0.0,0.995747562852745,
064.png,val,valid,silver,1920,1080,4,1.0,0.0,0.995747562852745,
065.png,train,valid,silver,1920,1080,4,1.0,0.0,0.995747562852745,
066.png,train,valid,silver,1920,1080,4,1.0,0.0,0.995747562852745,
067.png,train,valid,silver,1920,1080,4,1.0,0.0,0.9931287219422813,
068.png,train,valid,silver,1920,1080,4,1.0,0.0,0.9931287219422813,
069.png,train,valid,silver,1920,1080,4,1.0,0.0,0.9931287219422813,
070.png,train,valid,silver,1920,1080,4,1.0,0.0,0.9931287219422813,
071.png,train,valid,silver,1920,1080,4,1.0,0.0,0.9930448460244024,
072.png,train,valid,silver,1920,1080,4,1.0,0.0,0.9917807738528609,
073.png,train,valid,silver,1920,1080,4,1.0,0.0,0.9917807738528609,
074.png,train,valid,silver,1920,1080,4,1.0,0.0,0.9940062828876748,
075.png,train,valid,silver,1920,1080,4,1.0,0.0,0.9940062828876748,
076.png,train,valid,silver,1920,1080,4,1.0,0.0,0.9947813623853614,
077.png,train,valid,silver,1920,1080,4,1.0,0.0,0.9947813623853614,
078.png,train,valid,silver,1920,1080,4,1.0,0.0,0.9947813623853614,
079.png,val,valid,silver,1920,1080,4,1.0,0.0,0.9947813623853614,
080.png,train,valid,silver,1920,1080,4,1.0,0.0,0.9947813623853614,
081.png,train,valid,silver,1920,1080,4,1.0,0.0,0.9944860738017814,
082.png,train,valid,silver,1920,1080,4,1.0,0.0,0.9944860738017814,
083.png,train,valid,silver,1920,1080,4,1.0,0.0,0.9944860738017814,
084.png,val,valid,silver,1920,1080,4,1.0,0.0,0.9944860738017814,
085.png,train,valid,silver,1920,1080,4,1.0,0.0,0.9944860738017814,
086.png,train,valid,silver,1920,1080,4,1.0,0.0,0.9944860738017814,
087.png,train,valid,silver,1920,1080,4,1.0,0.0,0.9944860738017814,
088.png,train,valid,silver,1920,1080,4,1.0,0.0,0.9944860738017814,
089.png,train,valid,silver,1920,1080,4,1.0,0.0,0.9944860738017814,
090.png,train,valid,silver,1920,1080,4,1.0,0.0,0.9944860738017814,
091.png,train,valid,silver,1920,1080,4,1.0,0.0,0.9916594086932644,
092.png,train,valid,silver,1920,1080,4,1.0,0.0,0.9916594086932644,
093.png,train,valid,silver,1920,1080,4,1.0,0.0,0.9916594086932644,
094.png,val,valid,silver,1920,1080,4,1.0,0.0,0.9916594086932644,
095.png,train,valid,silver,1920,1080,4,1.0,0.0,0.9916594086932644,
096.png,train,valid,silver,1920,1080,4,1.0,0.0,0.9916594086932644,
097.png,train,valid,silver,1920,1080,4,1.0,0.0,0.9916594086932644,
098.png,train,valid,silver,1920,1080,4,1.0,0.0,0.994218323026032,
099.png,train,valid,silver,1920,1080,4,1.0,0.0,0.994218323026032,
100.png,train,valid,silver,1920,1080,4,1.0,0.0,0.994218323026032,
101.png,train,valid,silver,1920,1080,4,1.0,0.0,0.994218323026032,
102.png,val,valid,silver,1920,1080,4,1.0,0.0,0.994218323026032,
103.png,train,valid,silver,1920,1080,4,1.0,0.0,0.994218323026032,
104.png,train,valid,silver,1920,1080,4,1.0,0.0,0.994218323026032,
105.png,train,valid,silver,1920,1080,4,1.0,0.0,0.994218323026032,
106.png,train,valid,silver,1920,1080,4,1.0,0.0,0.994218323026032,
107.png,val,valid,silver,1920,1080,4,1.0,0.0,0.9962071218974642,
108.png,val,valid,silver,1920,1080,4,1.0,0.0,0.9901809799401639,
109.png,train,valid,silver,1920,1080,4,1.0,0.0,0.9960312667161321,
110.png,val,valid,silver,1920,1080,4,1.0,0.0,0.9945737888646033,
111.png,val,valid,silver,1920,1080,4,1.0,0.0,0.9945737888646033,
112.png,train,valid,silver,1920,1080,4,1.0,0.0,0.9945737888646033,
113.png,train,valid,silver,1920,1080,4,1.0,0.0,0.9918617650927266,
114.png,train,valid,silver,1920,1080,4,1.0,0.0,0.990767786905126,
115.png,train,valid,silver,1920,1080,4,1.0,0.0,0.990767786905126,
116.png,val,valid,silver,1920,1080,4,1.0,0.0,0.990767786905126,
117.png,train,valid,silver,1920,1080,4,1.0,0.0,0.9920015195002533,
118.png,train,valid,silver,1920,1080,4,1.0,0.0,0.9887099321016896,
119.png,train,valid,silver,1920,1080,4,1.0,0.0,0.9887099321016896,
120.png,train,valid,silver,1920,1080,4,1.0,0.0,0.9887099321016896,
121.png,val,valid,silver,1920,1080,4,1.0,0.0,0.9922607383535549,
122.png,train,valid,silver,1920,1080,4,1.0,0.0,0.9895890353278033,
123.png,train,valid,silver,1920,1080,4,1.0,0.0,0.9937906723388744,
124.png,train,valid,silver,1920,1080,4,1.0,0.0,0.9937906723388744,
125.png,train,valid,silver,1920,1080,4,1.0,0.0,0.9937906723388744,
126.png,train,valid,silver,1920,1080,4,1.0,0.0,0.9937906723388744,
127.png,train,valid,silver,1920,1080,4,1.0,0.0,0.9937906723388744,
128.png,train,valid,silver,1920,1080,4,1.0,0.0,0.9937906723388744,
129.png,train,valid,silver,1920,1080,4,1.0,0.0,0.9937906723388744,
130.png,train,valid,silver,1920,1080,4,1.0,0.0,0.9937906723388744,
131.png,train,valid,silver,1920,1080,4,1.0,0.0,0.9937906723388744,
132.png,val,valid,silver,1920,1080,4,1.0,0.0,0.9937906723388744,
133.png,train,valid,silver,1920,1080,4,1.0,0.0,0.9937906723388744,
134.png,train,valid,silver,1920,1080,4,1.0,0.0,0.9937906723388744,
135.png,train,valid,silver,1920,1080,4,1.0,0.0,0.9937080867033108,
136.png,train,valid,silver,1920,1080,4,1.0,0.0,0.9937080867033108,
137.png,train,valid,silver,1920,1080,4,1.0,0.0,0.9937080867033108,
138.png,train,valid,silver,1920,1080,4,1.0,0.0,0.9937080867033108,
139.png,train,valid,silver,1920,1080,4,1.0,0.0,0.9937080867033108,
140.png,train,valid,silver,1920,1080,4,1.0,0.0,0.9937352749978262,
141.png,train,valid,silver,1920,1080,4,1.0,0.0,0.9937352749978262,
142.png,train,valid,silver,1920,1080,4,1.0,0.0,0.9937352749978262,
143.png,train,valid,silver,1920,1080,4,1.0,0.0,0.9910083387740597,
144.png,train,valid,silver,1920,1080,4,1.0,0.0,0.9910083387740597,
145.png,train,valid,silver,1920,1080,4,1.0,0.0,0.9910083387740597,
146.png,val,valid,silver,1920,1080,4,1.0,0.0,0.9909011700769044,
147.png,train,valid,silver,1920,1080,4,1.0,0.0,0.9909051485770894,
148.png,train,valid,silver,1920,1080,4,1.0,0.0,0.9909051485770894,
149.png,val,valid,silver,1920,1080,4,1.0,0.0,0.9934283982518264,
150.png,train,valid,silver,1920,1080,4,1.0,0.0,0.9934283982518264,
151.png,train,valid,silver,1920,1080,4,1.0,0.0,0.9934283982518264,
152.png,train,valid,silver,1920,1080,4,1.0,0.0,0.9934283982518264,
153.png,train,valid,silver,1920,1080,4,1.0,0.0,0.991282014468825,
154.png,train,valid,silver,1920,1080,4,1.0,0.0,0.991282014468825,
155.png,train,valid,silver,1920,1080,4,1.0,0.0,0.991282014468825,
156.png,val,valid,silver,1920,1080,4,1.0,0.0,0.991282014468825,
157.png,train,valid,silver,1920,1080,4,1.0,0.0,0.9920653926592908,
158.png,train,valid,silver,1920,1080,4,1.0,0.0,0.9920653926592908,
159.png,val,valid,silver,1920,1080,4,1.0,0.0,0.9920653926592908,
160.png,val,valid,silver,1920,1080,4,1.0,0.0,0.9920653926592908,
161.png,train,valid,silver,1920,1080,4,1.0,0.0,0.9920653926592908,
162.png,train,valid,silver,1920,1080,4,1.0,0.0,0.9950123890975942,
163.png,train,valid,silver,1920,1080,4,1.0,0.0,0.9950123890975942,
164.png,train,valid,silver,1920,1080,4,1.0,0.0,0.9950123890975942,
165.png,train,valid,silver,1920,1080,4,1.0,0.0,0.9950123890975942,
166.png,train,valid,silver,1920,1080,4,1.0,0.0,0.9950123890975942,
167.png,train,valid,silver,1920,1080,4,1.0,0.0,0.9898589380482306,
168.png,train,valid,silver,1920,1080,4,1.0,0.0,0.9898589380482306,
169.png,train,valid,silver,1920,1080,4,1.0,0.0,0.9898589380482306,
170.png,train,valid,silver,1920,1080,4,1.0,0.0,0.9898589380482306,
171.png,val,valid,silver,1920,1080,4,1.0,0.0,0.9942788482737334,
172.png,train,valid,silver,1920,1080,4,1.0,0.0,0.9959539694489462,
173.png,train,valid,silver,1920,1080,4,1.0,0.0,0.9912426667061975,
174.png,train,valid,silver,1920,1080,4,1.0,0.0,0.9937542819814221,
175.png,train,valid,silver,1920,1080,4,1.0,0.0,0.9937542819814221,
176.png,train,valid,silver,1920,1080,4,1.0,0.0,0.9937542819814221,
177.png,train,valid,silver,1920,1080,4,1.0,0.0,0.9937542819814221,
178.png,train,valid,silver,1920,1080,4,1.0,0.0,0.9937542819814221,
179.png,train,valid,silver,1920,1080,4,1.0,0.0,0.9937542819814221,
180.png,train,valid,silver,1920,1080,4,1.0,0.0,0.9937542819814221,
181.png,val,valid,silver,1920,1080,4,1.0,0.0,0.9937542819814221,
182.png,train,valid,silver,1920,1080,4,1.0,0.0,0.9937542819814221,
183.png,train,valid,silver,1920,1080,4,1.0,0.0,0.9937542819814221,
184.png,train,valid,silver,1920,1080,4,1.0,0.0,0.9937542819814221,
185.png,train,valid,silver,1920,1080,4,1.0,0.0,0.9937542819814221,
186.png,train,valid,silver,1920,1080,4,1.0,0.0,0.9937542819814221,
187.png,train,valid,silver,1920,1080,4,1.0,0.0,0.9937542819814221,
188.png,val,valid,silver,1920,1080,4,1.0,0.0,0.9937542819814221,
189.png,train,valid,silver,1920,1080,4,1.0,0.0,0.9937542819814221,
190.png,train,valid,silver,1920,1080,4,1.0,0.0,0.9937542819814221,
191.png,train,valid,silver,1920,1080,4,1.0,0.0,0.9937654815896227,
192.png,val,valid,silver,1920,1080,4,1.0,0.0,0.9937654815896227,
193.png,train,valid,silver,1920,1080,4,1.0,0.0,0.9937654815896227,
194.png,train,valid,silver,1920,1080,4,1.0,0.0,0.9937818381842968,
195.png,train,valid,silver,1920,1080,4,1.0,0.0,0.9937818381842968,
196.png,train,valid,silver,1920,1080,4,1.0,0.0,0.9946855812884806,
197.png,val,valid,silver,1920,1080,4,1.0,0.0,0.9946855812884806,
198.png,train,valid,silver,1920,1080,4,1.0,0.0,0.9946855812884806,
199.png,train,valid,silver,1920,1080,4,1.0,0.0,0.9946855812884806,
200.png,train,valid,silver,1920,1080,4,1.0,0.0,0.9946855812884806,
201.png,train,valid,silver,1920,1080,4,1.0,0.0,0.9946855812884806,
202.png,train,valid,silver,1920,1080,4,1.0,0.0,0.9946855812884806,
203.png,val,valid,silver,1920,1080,4,1.0,0.0,0.9946855812884806,
204.png,train,valid,silver,1920,1080,4,1.0,0.0,0.9946855812884806,
205.png,train,valid,silver,1920,1080,4,1.0,0.0,0.9946855812884806,
206.png,train,valid,silver,1920,1080,4,1.0,0.0,0.9946855812884806,
207.png,train,valid,silver,1920,1080,4,1.0,0.0,0.9946855812884806,
208.png,val,valid,silver,1920,1080,4,1.0,0.0,0.9946855812884806,
209.png,train,valid,silver,1920,1080,4,1.0,0.0,0.9946855812884806,
210.png,train,valid,silver,1920,1080,4,1.0,0.0,0.9946855812884806,
211.png,val,valid,silver,1920,1080,4,1.0,0.0,0.9946855812884806,
212.png,train,valid,silver,1920,1080,4,1.0,0.0,0.9946855812884806,
213.png,val,valid,silver,1920,1080,4,1.0,0.0,0.9946855812884806,
214.png,train,valid,silver,1920,1080,4,1.0,0.0,0.9946855812884806,
215.png,train,valid,silver,1920,1080,4,1.0,0.0,0.9946855812884806,
216.png,train,valid,silver,1920,1080,4,1.0,0.0,0.9946855812884806,
217.png,train,valid,silver,1920,1080,4,1.0,0.0,0.9946855812884806,
218.png,train,valid,silver,1920,1080,4,1.0,0.0,0.9946855812884806,
219.png,train,valid,silver,1920,1080,4,1.0,0.0,0.9946855812884806,
220.png,train,valid,silver,1920,1080,4,1.0,0.0,0.9946855812884806,
221.png,train,valid,silver,1920,1080,4,1.0,0.0,0.9946855812884806,
222.png,train,valid,silver,1920,1080,4,1.0,0.0,0.9935628624474026,
223.png,train,valid,silver,1920,1080,4,1.0,0.0,0.9935628624474026,
224.png,train,valid,silver,1920,1080,4,1.0,0.0,0.9935628624474026,
225.png,train,valid,silver,1920,1080,4,1.0,0.0,0.9935628624474026,
226.png,train,valid,silver,1920,1080,4,1.0,0.0,0.9935628624474026,
227.png,train,valid,silver,1920,1080,4,1.0,0.0,0.9935628624474026,
228.png,train,valid,silver,1920,1080,4,1.0,0.0,0.9935628624474026,
229.png,train,valid,silver,1920,1080,4,1.0,0.0,0.9952590318670521,
230.png,train,valid,silver,1920,1080,4,1.0,0.0,0.994929442202808,
231.png,train,valid,silver,1920,1080,4,1.0,0.0,0.994929442202808,
232.png,train,valid,silver,1920,1080,4,1.0,0.0,0.994929442202808,
233.png,val,valid,silver,1920,1080,4,1.0,0.0,0.994929442202808,
234.png,train,valid,silver,1920,1080,4,1.0,0.0,0.994929442202808,
235.png,train,valid,silver,1920,1080,4,1.0,0.0,0.9952662424588263,
236.png,val,valid,silver,1920,1080,4,1.0,0.0,0.9952662424588263,
237.png,val,valid,silver,1920,1080,4,1.0,0.0,0.9952662424588263,
238.png,train,valid,silver,1920,1080,4,1.0,0.0,0.9952662424588263,
239.png,train,valid,silver,1920,1080,4,1.0,0.0,0.9952662424588263,
240.png,val,valid,silver,1920,1080,4,1.0,0.0,0.9952662424588263,
241.png,train,valid,silver,1920,1080,4,1.0,0.0,0.994368036274151,
242.png,train,valid,silver,1920,1080,4,1.0,0.0,0.994368036274151,
243.png,train,valid,silver,1920,1080,4,1.0,0.0,0.994368036274151,
244.png,train,valid,silver,1920,1080,4,1.0,0.0,0.994368036274151,
245.png,train,valid,silver,1920,1080,4,1.0,0.0,0.994368036274151,
246.png,train,valid,silver,1920,1080,4,1.0,0.0,0.994368036274151,
247.png,val,valid,silver,1920,1080,4,1.0,0.0,0.9914673793574214,
248.png,val,valid,silver,1920,1080,4,1.0,0.0,0.9914673793574214,
249.png,train,valid,silver,1920,1080,4,1.0,0.0,0.9914673793574214,
250.png,train,valid,silver,1920,1080,4,1.0,0.0,0.9914673793574214,
251.png,train,valid,silver,1920,1080,4,1.0,0.0,0.9914673793574214,
252.png,train,valid,silver,1920,1080,4,1.0,0.0,0.9938044718144473,
253.png,val,valid,silver,1920,1080,4,1.0,0.0,0.9896824710157467,
254.png,train,valid,silver,1920,1080,4,1.0,0.0,0.989195341249668,
255.png,train,valid,silver,1920,1080,4,1.0,0.0,0.9961339964342686,
256.png,train,valid,silver,1920,1080,4,1.0,0.0,0.9912584591016743,
257.png,train,valid,silver,1920,1080,4,1.0,0.0,0.9912584591016743,
258.png,train,valid,silver,1920,1080,4,1.0,0.0,0.9912584591016743,
259.png,train,valid,silver,1920,1080,4,1.0,0.0,0.9912584591016743,
260.png,train,valid,silver,1920,1080,4,1.0,0.0,0.9912584591016743,
261.png,train,valid,silver,1920,1080,4,1.0,0.0,0.9912584591016743,
262.png,train,valid,silver,1920,1080,4,1.0,0.0,0.9912584591016743,
263.png,train,valid,silver,1920,1080,4,1.0,0.0,0.9900964131792079,
264.png,val,valid,silver,1920,1080,4,1.0,0.0,0.9900972258130225,
265.png,val,valid,silver,1920,1080,4,1.0,0.0,0.9928559639733101,
266.png,train,valid,silver,1920,1080,4,1.0,0.0,0.9927016639676649,
267.png,train,valid,silver,1920,1080,4,1.0,0.0,0.9927016639676649,
268.png,val,valid,silver,1920,1080,4,1.0,0.0,0.9927016639676649,
269.png,train,valid,silver,1920,1080,4,1.0,0.0,0.9927016639676649,
270.png,train,valid,silver,1920,1080,4,1.0,0.0,0.9900872140097624,
271.png,train,valid,silver,1920,1080,4,1.0,0.0,0.9900872140097624,
272.png,train,valid,silver,1920,1080,4,1.0,0.0,0.9900872140097624,
273.png,train,valid,silver,1920,1080,4,1.0,0.0,0.9900872140097624,
274.png,train,valid,silver,1920,1080,4,1.0,0.0,0.9900872140097624,
275.png,val,valid,silver,1920,1080,4,1.0,0.0,0.9900872140097624,
276.png,train,valid,silver,1920,1080,4,1.0,0.0,0.9900872140097624,
277.png,train,valid,silver,1920,1080,4,1.0,0.0,0.9900872140097624,
278.png,train,valid,silver,1920,1080,4,1.0,0.0,0.988410870844588,
279.png,train,valid,silver,1920,1080,4,1.0,0.0,0.988410870844588,
280.png,train,valid,silver,1920,1080,4,1.0,0.0,0.988410870844588,
281.png,train,valid,silver,1920,1080,4,1.0,0.0,0.988410870844588,
282.png,train,valid,silver,1920,1080,4,1.0,0.0,0.988410870844588,
283.png,train,valid,silver,1920,1080,4,1.0,0.0,0.988410870844588,
284.png,train,valid,silver,1920,1080,4,1.0,0.0,0.988410870844588,
285.png,train,valid,silver,1920,1080,4,1.0,0.0,0.988410870844588,
286.png,test,valid,gold,1920,1080,354,1.0,0.6566965890487035,0.9937134414762105,
287.png,test,valid,gold,1920,1080,354,1.0,0.6566965890487035,0.9937134414762105,
288.png,test,valid,gold,1920,1080,354,1.0,0.6566965890487035,0.9937134414762105,
289.png,test,valid,gold,1920,1080,354,1.0,0.6566965890487035,0.9937134414762105,
290.png,test,valid,gold,1920,1080,354,1.0,0.6566965890487035,0.9937134414762105,
291.png,test,valid,gold,1920,1080,354,1.0,0.6566965890487035,0.9937134414762105,
292.png,test,valid,gold,1920,1080,354,1.0,0.6566965890487035,0.9937134414762105,
293.png,test,valid,gold,1920,1080,354,1.0,0.6566965890487035,0.9937134414762105,
294.png,test,valid,gold,1920,1080,354,1.0,0.6566965890487035,0.9937134414762105,
295.png,test,valid,gold,1920,1080,354,1.0,0.6566965890487035,0.9937134414762105,
296.png,test,valid,gold,1920,1080,354,1.0,0.6566965890487035,0.9937134414762105,
297.png,test,valid,gold,1920,1080,354,1.0,0.6566965890487035,0.9937134414762105,
298.png,test,valid,gold,1920,1080,354,1.0,0.6566965890487035,0.9937134414762105,
299.png,test,valid,gold,1920,1080,354,1.0,0.6566965890487035,0.9937134414762105,
300.png,test,valid,gold,1920,1080,354,1.0,0.6566965890487035,0.9937134414762105,
301.png,test,valid,gold,1920,1080,354,1.0,0.6566965890487035,0.9937134414762105,
302.png,test,valid,gold,1920,1080,328,1.0,0.6569123399692912,0.9939053165319545,
303.png,test,valid,gold,1920,1080,338,1.0,0.7648063772125938,0.994269050849517,
304.png,test,valid,gold,1920,1080,338,1.0,0.7648063772125938,0.994269050849517,
305.png,test,valid,gold,1920,1080,338,1.0,0.8584909388135511,0.9941344588082816,
306.png,test,valid,gold,1920,1080,338,1.0,0.8584909388135511,0.9941344588082816,
307.png,test,valid,gold,1920,1080,338,1.0,0.8584909388135511,0.9941344588082816,
308.png,test,valid,gold,1920,1080,338,1.0,0.8584909388135511,0.9941344588082816,
309.png,test,valid,gold,1920,1080,338,1.0,0.8584909388135511,0.9941344588082816,
310.png,test,valid,gold,1920,1080,338,1.0,0.8584909388135511,0.9941344588082816,
311.png,test,valid,gold,1920,1080,338,1.0,0.8584909388135511,0.9941344588082816,
312.png,test,valid,gold,1920,1080,338,1.0,0.8584909388135511,0.9941344588082816,
313.png,test,valid,gold,1920,1080,338,1.0,0.8584909388135511,0.9941344588082816,
314.png,test,valid,gold,1920,1080,338,1.0,0.8584909388135511,0.9941344588082816,
315.png,test,valid,gold,1920,1080,360,1.0,0.6334872782119974,0.9910993410004691,
316.png,test,valid,gold,1920,1080,360,0.9805555555555555,0.7125791178770946,0.9907331819173786,
317.png,test,valid,gold,1920,1080,360,0.9805555555555555,0.7125791178770946,0.9907331819173786,
318.png,test,valid,gold,1920,1080,360,0.9805555555555555,0.7125791178770946,0.9907331819173786,
319.png,test,valid,gold,1920,1080,360,0.9805555555555555,0.7125791178770946,0.9907331819173786,
320.png,test,valid,gold,1920,1080,360,1.0,0.7379746107549323,0.9916282980503758,
321.png,test,valid,gold,1920,1080,360,0.9805555555555555,0.7125791178770946,0.9907331819173786,
322.png,test,valid,gold,1920,1080,360,0.9805555555555555,0.7125791178770946,0.9907331819173786,
323.png,test,valid,gold,1920,1080,360,0.9805555555555555,0.7125791178770946,0.9907331819173786,
324.png,test,valid,gold,1920,1080,360,0.9805555555555555,0.7125791178770946,0.9907331819173786,
325.png,test,valid,gold,1920,1080,360,1.0,0.6432439863702768,0.9895950112107623,
326.png,test,valid,gold,1920,1080,360,1.0,0.6777017141494344,0.9858355823490239,
327.png,test,valid,gold,1920,1080,360,1.0,0.6777017141494344,0.9858355823490239,
328.png,test,valid,gold,1920,1080,360,1.0,0.6777017141494344,0.9858355823490239,
329.png,test,valid,gold,1920,1080,360,1.0,0.6777017141494344,0.9858355823490239,
330.png,test,valid,gold,1920,1080,360,1.0,0.6777017141494344,0.9858355823490239,
331.png,test,valid,gold,1920,1080,360,1.0,0.6777017141494344,0.9858355823490239,
332.png,test,valid,gold,1920,1080,360,1.0,0.6812921190621887,0.9884477073243555,
333.png,test,valid,gold,1920,1080,360,1.0,0.5148037503220301,0.99056289410277,
334.png,test,valid,gold,1920,1080,360,1.0,0.5148037503220301,0.99056289410277,
335.png,test,valid,gold,1920,1080,355,0.971830985915493,0.551887987729839,0.9934350178033415,
336.png,test,valid,gold,1920,1080,355,0.971830985915493,0.551887987729839,0.9934350178033415,
337.png,test,valid,gold,1920,1080,355,0.971830985915493,0.551887987729839,0.9934350178033415,
338.png,test,valid,gold,1920,1080,355,0.971830985915493,0.551887987729839,0.9934350178033415,
339.png,test,valid,gold,1920,1080,354,0.9774011299435028,0.5587993880013894,0.996029388508734,
340.png,test,valid,gold,1920,1080,354,0.9774011299435028,0.5587993880013894,0.996029388508734,
341.png,test,valid,gold,1920,1080,354,0.9774011299435028,0.5587993880013894,0.996029388508734,
342.png,test,valid,gold,1920,1080,354,0.9774011299435028,0.5587993880013894,0.996029388508734,
343.png,test,valid,gold,1920,1080,354,0.9774011299435028,0.5587993880013894,0.996029388508734,
344.png,test,valid,gold,1920,1080,354,0.9774011299435028,0.5587993880013894,0.996029388508734,
345.png,test,valid,gold,1920,1080,354,0.9774011299435028,0.5587993880013894,0.996029388508734,
346.png,test,valid,gold,1920,1080,354,0.9774011299435028,0.5587993880013894,0.996029388508734,
347.png,test,valid,gold,1920,1080,354,0.9774011299435028,0.5587993880013894,0.996029388508734,
348.png,test,valid,gold,1920,1080,354,0.9774011299435028,0.5587993880013894,0.996029388508734,
349.png,test,valid,gold,1920,1080,354,0.9774011299435028,0.5587993880013894,0.996029388508734,
350.png,test,valid,gold,1920,1080,354,0.9774011299435028,0.5587993880013894,0.996029388508734,
351.png,test,valid,gold,1920,1080,354,0.9774011299435028,0.5587993880013894,0.996029388508734,
352.png,test,valid,gold,1920,1080,354,0.9774011299435028,0.5587993880013894,0.996029388508734,
353.png,test,valid,gold,1920,1080,354,0.9774011299435028,0.5587993880013894,0.996029388508734,
354.png,test,valid,gold,1920,1080,354,0.9774011299435028,0.5587993880013894,0.996029388508734,
355.png,test,valid,gold,1920,1080,354,0.9774011299435028,0.5587993880013894,0.996029388508734,
356.png,test,valid,gold,1920,1080,354,0.9774011299435028,0.5587993880013894,0.996029388508734,
357.png,test,valid,gold,1920,1080,354,0.9774011299435028,0.5587993880013894,0.996029388508734,
358.png,test,valid,gold,1920,1080,354,0.9774011299435028,0.5587993880013894,0.996029388508734,
359.png,test,valid,gold,1920,1080,354,0.9774011299435028,0.5587993880013894,0.996029388508734,
360.png,test,valid,gold,1920,1080,354,0.9774011299435028,0.5587993880013894,0.996029388508734,
361.png,test,valid,gold,1920,1080,354,0.9774011299435028,0.5587993880013894,0.996029388508734,
362.png,test,valid,gold,1920,1080,354,0.9774011299435028,0.5587993880013894,0.996029388508734,
363.png,test,valid,gold,1920,1080,354,0.9774011299435028,0.5587993880013894,0.996029388508734,
364.png,test,valid,gold,1920,1080,354,0.9887005649717514,0.5668442219763199,0.9948998785888952,
365.png,test,valid,gold,1920,1080,354,0.9774011299435028,0.5587993880013894,0.996029388508734,
366.png,test,valid,gold,1920,1080,354,0.9774011299435028,0.5571107415544929,0.9948326487697088,
367.png,test,valid,gold,1920,1080,354,0.9774011299435028,0.5571107415544929,0.9948326487697088,
368.png,test,valid,gold,1920,1080,354,0.9774011299435028,0.5571107415544929,0.9948326487697088,
vlcsnap-2023-06-28-14h02m29s237.png,test,valid,gold,1920,1080,360,1.0,0.620674160861809,0.9951216324271128,
vlcsnap-2023-06-28-14h02m34s841.png,test,valid,gold,1920,1080,360,1.0,0.7239006279204507,0.9939020129242018,
vlcsnap-2023-06-28-14h02m43s842.png,test,valid,gold,1920,1080,360,1.0,0.6576535238612126,0.992002424835575,
vlcsnap-2023-06-28-14h02m53s158.png,test,valid,gold,1920,1080,360,1.0,0.759419941685134,0.9923018134921266,
vlcsnap-2023-06-28-14h02m58s364.png,test,valid,gold,1920,1080,360,1.0,0.5098784704618449,0.9929151322179688,
vlcsnap-2023-06-28-14h03m03s787.png,test,valid,gold,1920,1080,357,1.0,0.49995544635385014,0.994454515280721,
vlcsnap-2023-06-28-14h03m14s124.png,test,valid,gold,1920,1080,360,1.0,0.565016074521764,0.9901139180824043,
vlcsnap-2023-06-28-14h03m31s178.png,test,valid,gold,1920,1080,360,1.0,0.696192473956713,0.9931346623270952,
vlcsnap-2023-06-28-14h05m36s421.png,train,valid,silver,1920,1080,4,1.0,0.0,0.994230124119423,
vlcsnap-2023-06-28-14h05m42s530.png,train,valid,silver,1920,1080,4,1.0,0.0,0.9953761550788172,
vlcsnap-2023-06-28-14h05m49s815.png,train,valid,silver,1920,1080,4,1.0,0.0,0.9918495369575421,
vlcsnap-2023-06-28-14h05m53s241.png,train,skipped,,,,,,,,
vlcsnap-2023-06-28-14h05m57s628.png,val,valid,silver,1920,1080,4,1.0,0.0,0.997406401269969,
vlcsnap-2023-06-28-14h06m01s930.png,val,valid,silver,1920,1080,4,1.0,0.0,0.9964529097690292,
vlcsnap-2023-06-28-14h06m05s423.png,train,valid,silver,1920,1080,4,1.0,0.0,0.9943875695057943,
vlcsnap-2023-06-28-14h06m10s560.png,train,valid,silver,1920,1080,4,1.0,0.0,0.9932881537112159,
vlcsnap-2023-06-28-14h06m16s309.png,train,valid,silver,1920,1080,4,1.0,0.0,0.9949164655277032,
vlcsnap-2023-06-28-14h06m20s116.png,train,valid,silver,1920,1080,4,1.0,0.0,0.9931390450326602,
vlcsnap-2023-06-28-14h06m23s593.png,train,valid,silver,1920,1080,4,1.0,0.0,0.9943617779239285,
vlcsnap-2023-06-28-14h06m30s024.png,train,skipped,,,,,,,,
vlcsnap-2023-06-28-14h06m35s418.png,train,valid,silver,1920,1080,4,1.0,0.0,0.9966820276497695,
vlcsnap-2023-06-28-14h06m40s288.png,train,valid,silver,1920,1080,4,1.0,0.0,0.9934762925899452,
vlcsnap-2023-06-28-14h06m44s817.png,train,valid,silver,1920,1080,4,1.0,0.0,0.9956570706984522,
vlcsnap-2023-06-28-14h06m48s264.png,train,valid,silver,1920,1080,4,1.0,0.0,0.9921244076620169,
vlcsnap-2023-06-28-14h07m00s344.png,train,valid,silver,1920,1080,4,1.0,0.0,0.9966320884696415,
vlcsnap-2023-06-28-14h09m32s502.png,train,valid,silver,1920,1080,4,1.0,0.0,0.9929445815830121,
vlcsnap-2023-06-28-14h09m40s015.png,train,valid,silver,1920,1080,4,1.0,0.0,0.9922916541722083,
vlcsnap-2023-06-28-14h09m46s779.png,train,valid,silver,1920,1080,4,1.0,0.0,0.993448452135737,
vlcsnap-2023-06-28-14h09m50s583.png,train,valid,silver,1920,1080,4,1.0,0.0,0.9906596384488968,
vlcsnap-2023-06-28-14h09m58s901.png,train,valid,silver,1920,1080,4,1.0,0.0,0.9937457322668893,
vlcsnap-2023-06-28-14h10m03s317.png,train,valid,silver,1920,1080,4,1.0,0.0,0.9962472806381436,
vlcsnap-2023-06-28-14h10m08s269.png,train,valid,silver,1920,1080,4,1.0,0.0,0.992120889556787,
vlcsnap-2023-06-28-14h10m15s788.png,train,valid,silver,1920,1080,4,1.0,0.0,0.9961374951852433,
vlcsnap-2023-06-28-14h10m19s922.png,val,valid,silver,1920,1080,4,1.0,0.0,0.9949305271508075,
vlcsnap-2023-06-28-14h10m28s996.png,train,valid,silver,1920,1080,4,1.0,0.0,0.9945551611598773,
vlcsnap-2023-06-28-14h10m33s572.png,train,valid,silver,1920,1080,4,1.0,0.0,0.9929241772696737,
vlcsnap-2023-06-28-14h10m38s812.png,train,valid,silver,1920,1080,4,1.0,0.0,0.9940361889879179,
vlcsnap-2023-06-28-14h10m42s641.png,train,valid,silver,1920,1080,4,1.0,0.0,0.9960392734733089,
vlcsnap-2023-06-28-14h10m47s418.png,val,valid,silver,1920,1080,4,1.0,0.0,0.9923369221025966,
vlcsnap-2023-06-28-14h10m53s478.png,val,valid,silver,1920,1080,4,1.0,0.0,0.9916041494669586,
vlcsnap-2023-06-28-14h10m58s446.png,val,valid,silver,1920,1080,4,1.0,0.0,0.9940970239439051,
vlcsnap-2023-06-28-14h11m07s512.png,train,valid,silver,1920,1080,4,1.0,0.0,0.9962628925109998,
vlcsnap-2023-06-28-14h11m17s609.png,train,valid,silver,1920,1080,4,1.0,0.0,0.992566755638738,
vlcsnap-2023-06-28-14h12m32s504.png,train,valid,silver,1920,1080,4,1.0,0.0,0.9918015986882558,
vlcsnap-2023-06-28-14h12m39s730.png,train,valid,silver,1920,1080,4,1.0,0.0,0.9947267653923016,
vlcsnap-2023-06-28-14h12m44s005.png,train,valid,silver,1920,1080,4,1.0,0.0,0.993568373064487,
vlcsnap-2023-06-28-14h12m48s943.png,train,valid,silver,1920,1080,4,1.0,0.0,0.9943353359923259,
vlcsnap-2023-06-28-14h12m53s598.png,train,valid,silver,1920,1080,4,1.0,0.0,0.990965468127024,
vlcsnap-2023-06-28-14h13m01s066.png,test,valid,gold,1920,1080,360,1.0,0.5170400470604027,0.9972669240472459,
vlcsnap-2023-06-28-14h13m06s317.png,test,valid,gold,1920,1080,356,1.0,0.5034340746516069,0.9931605074462218,
vlcsnap-2023-06-28-14h13m11s628.png,test,skipped,,,,,,,,
vlcsnap-2023-06-28-14h13m15s430.png,test,valid,gold,1920,1080,360,1.0,0.5031301318489685,0.9941151552673596,
vlcsnap-2023-06-28-14h13m21s943.png,test,valid,gold,1920,1080,358,1.0,0.5140909770145624,0.9928771894655073,
vlcsnap-2023-06-28-14h13m26s100.png,test,valid,gold,1920,1080,359,1.0,0.44767560029188036,0.993924077230173,
vlcsnap-2023-06-28-14h13m29s863.png,train,skipped,,,,,,,,
vlcsnap-2023-06-28-14h13m36s098.png,test,valid,gold,1920,1080,360,1.0,0.49133006073215596,0.9940526288868325,
vlcsnap-2023-06-28-14h13m40s907.png,test,valid,gold,1920,1080,360,1.0,0.527121837837465,0.9956737961428052,
vlcsnap-2023-06-28-14h13m46s711.png,test,valid,gold,1920,1080,353,1.0,0.5707299644481105,0.9962485435898749,
vlcsnap-2023-06-28-14h13m50s244.png,train,skipped,,,,,,,,
vlcsnap-2023-06-28-14h13m54s487.png,train,valid,silver,1920,1080,4,1.0,0.0,0.9959134424406133,
vlcsnap-2023-06-28-14h14m00s646.png,train,valid,silver,1920,1080,4,1.0,0.0,0.9956894449322017,
vlcsnap-2023-06-28-14h14m05s677.png,train,valid,silver,1920,1080,4,1.0,0.0,0.9897272518323671,
vlcsnap-2023-06-28-14h14m12s248.png,train,valid,silver,1920,1080,4,1.0,0.0,0.9926893868499708,
vlcsnap-2023-06-28-14h14m16s234.png,train,valid,silver,1920,1080,4,1.0,0.0,0.9955822005642473,
vlcsnap-2023-06-28-14h14m20s396.png,train,valid,silver,1920,1080,4,1.0,0.0,0.9914268218003675,
vlcsnap-2023-06-28-14h14m27s995.png,train,valid,silver,1920,1080,4,1.0,0.0,0.9920050386981093,
vlcsnap-2023-06-28-14h14m32s360.png,train,valid,silver,1920,1080,4,1.0,0.0,0.9904690415651282,
vlcsnap-2023-06-28-14h14m40s248.png,val,valid,silver,1920,1080,4,1.0,0.0,0.9933059254625078,
vlcsnap-2023-06-28-14h14m47s264.png,train,valid,silver,1920,1080,4,1.0,0.0,0.9956321769672816,
vlcsnap-2023-06-28-14h14m57s790.png,train,valid,silver,1920,1080,4,1.0,0.0,0.993046964978885,
vlcsnap-2023-06-28-14h15m03s236.png,train,valid,silver,1920,1080,4,1.0,0.0,0.9935201751494891,
vlcsnap-2023-06-28-14h15m13s571.png,val,valid,silver,1920,1080,4,1.0,0.0,0.9956637786590551,
vlcsnap-2023-06-28-14h15m18s481.png,val,valid,silver,1920,1080,4,1.0,0.0,0.9947132104123508,
vlcsnap-2023-06-28-14h15m24s640.png,val,skipped,,,,,,,,
vlcsnap-2023-06-28-14h15m59s974.png,val,valid,silver,1920,1080,4,1.0,0.0,0.9912859846125556,
vlcsnap-2023-06-28-14h16m06s755.png,train,valid,silver,1920,1080,4,1.0,0.0,0.9884355006508486,
vlcsnap-2023-06-28-14h16m11s518.png,train,valid,silver,1920,1080,4,1.0,0.0,0.9941269538854052,
vlcsnap-2023-06-28-14h16m16s178.png,train,valid,silver,1920,1080,4,1.0,0.0,0.9941829719725013,
vlcsnap-2023-06-28-14h16m22s323.png,train,valid,silver,1920,1080,4,1.0,0.0,0.9930018354932264,
vlcsnap-2023-06-28-14h16m26s304.png,val,valid,silver,1920,1080,4,1.0,0.0,0.9970439491956343,
vlcsnap-2023-06-28-14h16m30s487.png,val,valid,silver,1920,1080,4,1.0,0.0,0.994152801548778,
vlcsnap-2023-06-28-14h16m35s613.png,train,skipped,,,,,,,,
vlcsnap-2023-06-28-14h16m40s686.png,val,valid,silver,1920,1080,4,1.0,0.0,0.9908888457247139,
vlcsnap-2023-06-28-14h16m44s910.png,train,valid,silver,1920,1080,4,1.0,0.0,0.9918191257026243,
vlcsnap-2023-06-28-14h16m55s952.png,val,valid,silver,1920,1080,4,1.0,0.0,0.9933231623697203,
vlcsnap-2023-06-28-14h17m06s401.png,train,skipped,,,,,,,,
vlcsnap-2023-06-28-14h19m09s168.png,val,valid,silver,1920,1080,4,1.0,0.0,0.9928363879297161,
vlcsnap-2023-06-28-14h19m19s656.png,val,skipped,,,,,,,,
vlcsnap-2023-06-28-14h19m24s453.png,train,valid,silver,1920,1080,4,1.0,0.0,0.9934078368029648,
vlcsnap-2023-06-28-14h19m30s959.png,train,valid,silver,1920,1080,4,1.0,0.0,0.9963280343918922,
vlcsnap-2023-06-28-14h19m36s821.png,train,valid,silver,1920,1080,4,1.0,0.0,0.9951255768143433,
vlcsnap-2023-06-28-14h19m41s744.png,train,valid,silver,1920,1080,4,1.0,0.0,0.9913704252856936,
vlcsnap-2023-06-28-14h19m49s818.png,train,valid,silver,1920,1080,4,1.0,0.0,0.9950840017189929,
vlcsnap-2023-06-28-14h19m59s472.png,val,skipped,,,,,,,,
vlcsnap-2023-06-28-14h20m03s692.png,val,valid,silver,1920,1080,4,1.0,0.0,0.9940571174757761,
vlcsnap-2023-06-28-14h20m12s565.png,train,valid,silver,1920,1080,4,1.0,0.0,0.9941540457158884,
vlcsnap-2023-06-28-14h20m18s895.png,train,valid,silver,1920,1080,4,1.0,0.0,0.9942990046751294,
vlcsnap-2023-06-28-14h20m25s045.png,train,valid,silver,1920,1080,4,1.0,0.0,0.9942060176393637,
vlcsnap-2023-06-28-14h20m30s076.png,train,valid,silver,1920,1080,4,1.0,0.0,0.9937258590267646,
vlcsnap-2023-06-28-14h20m37s979.png,train,skipped,,,,,,,,
vlcsnap-2023-06-28-14h20m45s213.png,train,skipped,,,,,,,,
vlcsnap-2023-06-28-14h20m48s906.png,train,valid,silver,1920,1080,4,1.0,0.0,0.9939115596098342,
vlcsnap-2023-06-28-14h20m53s127.png,train,valid,silver,1920,1080,4,1.0,0.0,0.9904287461486996,
vlcsnap-2023-06-28-14h20m57s146.png,train,valid,silver,1920,1080,4,1.0,0.0,0.9921333935561578,
vlcsnap-2023-06-28-14h21m10s290.png,train,valid,silver,1920,1080,4,1.0,0.0,0.9922907742884413,
vlcsnap-2023-06-28-14h21m14s747.png,train,valid,silver,1920,1080,4,1.0,0.0,0.9933617598604516,
vlcsnap-2023-06-28-14h21m20s090.png,train,valid,silver,1920,1080,4,1.0,0.0,0.9946943300601837,
vlcsnap-2023-06-28-14h21m37s226.png,train,valid,silver,1920,1080,4,1.0,0.0,0.9968318859826144,
vlcsnap-2023-06-28-14h21m49s342.png,train,valid,silver,1920,1080,4,1.0,0.0,0.9958332169241637,
vlcsnap-2023-06-28-14h21m54s212.png,train,valid,silver,1920,1080,4,1.0,0.0,0.9926983187256807,
vlcsnap-2023-06-28-14h21m58s643.png,train,valid,silver,1920,1080,4,1.0,0.0,0.9936231807889562,
vlcsnap-2023-06-28-14h22m04s164.png,train,valid,silver,1920,1080,4,1.0,0.0,0.9941279757177899,
vlcsnap-2023-06-28-14h22m10s245.png,train,valid,silver,1920,1080,4,1.0,0.0,0.9929527386041309,
vlcsnap-2023-06-28-14h22m14s598.png,val,valid,silver,1920,1080,4,1.0,0.0,0.992249937499496,
vlcsnap-2023-06-28-14h22m18s449.png,train,valid,silver,1920,1080,4,1.0,0.0,0.9903869198199877,
vlcsnap-2023-06-28-14h22m22s837.png,train,valid,silver,1920,1080,4,1.0,0.0,0.9931063207643399,
vlcsnap-2023-06-28-14h22m33s891.png,train,skipped,,,,,,,,
vlcsnap-2023-06-28-14h22m41s937.png,train,valid,silver,1920,1080,4,1.0,0.0,0.99635429761862,
vlcsnap-2023-11-10-13h58m24s629.png,train,valid,silver,1920,1080,4,1.0,0.0,0.9951366162577897,
vlcsnap-2023-11-10-13h58m31s781.png,train,valid,silver,1920,1080,4,1.0,0.0,0.9904155401077451,
vlcsnap-2023-11-10-13h58m35s807.png,train,valid,silver,1920,1080,4,1.0,0.0,0.9910061510238217,
vlcsnap-2023-11-10-13h58m40s458.png,train,valid,silver,1920,1080,4,1.0,0.0,0.9930762164165874,
vlcsnap-2023-11-10-13h59m45s818.png,train,valid,silver,1920,1080,4,1.0,0.0,0.9928063288364586,
vlcsnap-2023-11-10-13h59m49s557.png,val,valid,silver,1920,1080,4,1.0,0.0,0.9928063288364586,
vlcsnap-2023-11-10-14h00m04s213.png,train,valid,silver,1920,1080,4,1.0,0.0,0.9928063288364586,
vlcsnap-2023-11-10-14h00m09s317.png,train,valid,silver,1920,1080,4,1.0,0.0,0.9928063288364586,
vlcsnap-2023-11-10-14h00m17s022.png,train,valid,silver,1920,1080,4,1.0,0.0,0.9928063288364586,
vlcsnap-2023-11-10-14h00m23s210.png,train,valid,silver,1920,1080,4,1.0,0.0,0.9928063288364586,
vlcsnap-2023-11-10-14h00m27s072.png,train,valid,silver,1920,1080,4,1.0,0.0,0.9928063288364586,
vlcsnap-2023-11-10-14h00m31s764.png,val,valid,silver,1920,1080,4,1.0,0.0,0.9928063288364586,
vlcsnap-2023-11-10-14h00m36s197.png,val,valid,silver,1920,1080,4,1.0,0.0,0.9928063288364586,
vlcsnap-2023-11-10-14h00m41s543.png,train,valid,silver,1920,1080,4,1.0,0.0,0.9928063288364586,
vlcsnap-2023-11-10-14h01m51s757.png,train,valid,silver,1920,1080,4,1.0,0.0,0.9928063288364586,
vlcsnap-2023-11-10-14h01m55s944.png,train,valid,silver,1920,1080,4,1.0,0.0,0.9928063288364586,
vlcsnap-2023-11-10-14h02m00s162.png,train,valid,silver,1920,1080,4,1.0,0.0,0.9928063288364586,
vlcsnap-2023-11-10-14h02m05s706.png,train,valid,silver,1920,1080,4,1.0,0.0,0.997411181933491,
vlcsnap-2023-11-10-14h02m10s043.png,train,valid,silver,1920,1080,4,1.0,0.0,0.997411181933491,
vlcsnap-2023-11-10-14h02m14s571.png,train,valid,silver,1920,1080,4,1.0,0.0,0.997411181933491,
vlcsnap-2023-11-10-14h02m20s002.png,train,valid,silver,1920,1080,4,1.0,0.0,0.997411181933491,
vlcsnap-2023-11-10-14h02m26s284.png,train,valid,silver,1920,1080,4,1.0,0.0,0.997411181933491,
vlcsnap-2023-11-10-14h02m31s937.png,train,valid,silver,1920,1080,4,1.0,0.0,0.997411181933491,
vlcsnap-2023-11-10-14h02m37s289.png,train,valid,silver,1920,1080,4,1.0,0.0,0.997411181933491,
vlcsnap-2023-11-10-14h02m42s671.png,train,valid,silver,1920,1080,4,1.0,0.0,0.997411181933491,
vlcsnap-2023-11-10-14h02m48s101.png,train,valid,silver,1920,1080,4,1.0,0.0,0.997411181933491,
vlcsnap-2023-11-10-14h02m53s085.png,train,valid,silver,1920,1080,4,1.0,0.0,0.997411181933491,
vlcsnap-2023-11-10-14h03m13s659.png,train,valid,silver,1920,1080,4,1.0,0.0,0.9909905375478156,
vlcsnap-2023-11-10-14h03m19s643.png,train,valid,silver,1920,1080,4,1.0,0.0,0.9909905375478156,
vlcsnap-2023-11-10-14h03m24s991.png,train,valid,silver,1920,1080,4,1.0,0.0,0.9909905375478156,
vlcsnap-2023-11-10-14h03m30s737.png,train,valid,silver,1920,1080,4,1.0,0.0,0.9909905375478156,
vlcsnap-2023-11-10-14h03m36s957.png,train,valid,silver,1920,1080,4,1.0,0.0,0.9909905375478156,
vlcsnap-2023-11-10-14h03m44s380.png,train,valid,silver,1920,1080,4,1.0,0.0,0.9909905375478156,
vlcsnap-2023-11-10-14h03m51s410.png,train,valid,silver,1920,1080,4,1.0,0.0,0.9909905375478156,
vlcsnap-2023-11-10-14h03m58s059.png,train,valid,silver,1920,1080,4,1.0,0.0,0.9909905375478156,
vlcsnap-2023-11-10-14h04m06s111.png,train,valid,silver,1920,1080,4,1.0,0.0,0.9909905375478156,
vlcsnap-2023-11-10-14h04m12s901.png,val,valid,silver,1920,1080,4,1.0,0.0,0.9909905375478156,
vlcsnap-2023-11-10-14h04m20s136.png,train,valid,silver,1920,1080,4,1.0,0.0,0.9914797219216024,
vlcsnap-2023-11-10-14h04m25s231.png,val,valid,silver,1920,1080,4,1.0,0.0,0.9914797219216024,
vlcsnap-2023-11-10-14h04m32s208.png,train,valid,silver,1920,1080,4,1.0,0.0,0.9914797219216024,
vlcsnap-2023-11-10-14h04m43s607.png,train,valid,silver,1920,1080,4,1.0,0.0,0.9927543641129557,
vlcsnap-2023-11-10-14h04m47s755.png,train,valid,silver,1920,1080,4,1.0,0.0,0.9927543641129557,
vlcsnap-2023-11-10-14h04m52s780.png,train,valid,silver,1920,1080,4,1.0,0.0,0.9927543641129557,
vlcsnap-2023-11-10-14h04m57s505.png,train,valid,silver,1920,1080,4,1.0,0.0,0.9919363834098641,
vlcsnap-2023-11-10-14h05m02s331.png,val,valid,silver,1920,1080,4,1.0,0.0,0.9919363834098641,
vlcsnap-2023-11-10-14h05m06s497.png,train,valid,silver,1920,1080,4,1.0,0.0,0.9919363834098641,
vlcsnap-2023-11-10-14h05m11s035.png,train,valid,silver,1920,1080,4,1.0,0.0,0.9919363834098641,
vlcsnap-2023-11-10-14h05m15s369.png,train,valid,silver,1920,1080,4,1.0,0.0,0.9935577200375838,
vlcsnap-2023-11-10-14h05m19s705.png,train,valid,silver,1920,1080,4,1.0,0.0,0.9935577200375838,
vlcsnap-2023-11-10-14h05m24s313.png,train,valid,silver,1920,1080,4,1.0,0.0,0.9935577200375838,
vlcsnap-2023-11-10-14h05m28s914.png,train,valid,silver,1920,1080,4,1.0,0.0,0.9935577200375838,
vlcsnap-2023-11-10-14h05m47s564.png,train,valid,silver,1920,1080,4,1.0,0.0,0.99421281591848,
vlcsnap-2023-11-10-14h05m53s444.png,train,valid,silver,1920,1080,4,1.0,0.0,0.99421281591848,
vlcsnap-2023-11-10-14h05m58s762.png,train,valid,silver,1920,1080,4,1.0,0.0,0.99421281591848,
vlcsnap-2023-11-10-14h06m03s719.png,train,valid,silver,1920,1080,4,1.0,0.0,0.99421281591848,
vlcsnap-2023-11-10-14h06m10s175.png,train,valid,silver,1920,1080,4,1.0,0.0,0.9916504107000709,
vlcsnap-2023-11-10-14h06m16s316.png,train,valid,silver,1920,1080,4,1.0,0.0,0.9916504107000709,
vlcsnap-2023-11-10-14h06m21s981.png,train,valid,silver,1920,1080,4,1.0,0.0,0.9916504107000709,
vlcsnap-2023-11-10-14h07m40s450.png,val,valid,silver,1920,1080,4,1.0,0.0,0.9916504107000709,
vlcsnap-2023-11-10-14h07m57s308.png,val,valid,silver,1920,1080,4,1.0,0.0,0.99280539320906,
vlcsnap-2023-11-10-14h08m03s283.png,train,valid,silver,1920,1080,4,1.0,0.0,0.99280539320906,
vlcsnap-2023-11-10-14h08m09s153.png,train,valid,silver,1920,1080,4,1.0,0.0,0.99280539320906,
vlcsnap-2023-11-10-14h08m15s149.png,val,valid,silver,1920,1080,4,1.0,0.0,0.99280539320906,
vlcsnap-2023-11-10-14h08m20s071.png,val,valid,silver,1920,1080,4,1.0,0.0,0.99280539320906,
vlcsnap-2023-11-10-14h08m39s652.png,train,valid,silver,1920,1080,4,1.0,0.0,0.9964545536291582,
vlcsnap-2023-11-10-14h08m44s842.png,train,valid,silver,1920,1080,4,1.0,0.0,0.9937096698325002,
vlcsnap-2023-11-10-14h08m50s287.png,train,valid,silver,1920,1080,4,1.0,0.0,0.9937096698325002,
vlcsnap-2023-11-10-14h08m55s668.png,train,valid,silver,1920,1080,4,1.0,0.0,0.9937096698325002,
vlcsnap-2023-11-10-14h09m01s081.png,train,valid,silver,1920,1080,4,1.0,0.0,0.9937096698325002,
vlcsnap-2023-11-10-14h09m07s642.png,train,valid,silver,1920,1080,4,1.0,0.0,0.9971867950906144,
vlcsnap-2023-11-10-14h09m13s064.png,train,valid,silver,1920,1080,4,1.0,0.0,0.9971867950906144,
vlcsnap-2023-11-10-14h09m18s550.png,train,valid,silver,1920,1080,4,1.0,0.0,0.9971867950906144,
vlcsnap-2023-11-10-14h09m24s095.png,train,valid,silver,1920,1080,4,1.0,0.0,0.9971867950906144,
vlcsnap-2023-11-10-14h09m29s751.png,train,valid,silver,1920,1080,4,1.0,0.0,0.9971867950906144,
vlcsnap-2023-11-10-14h09m37s453.png,train,valid,silver,1920,1080,4,1.0,0.0,0.9971867950906144,
vlcsnap-2023-11-10-14h09m43s749.png,train,valid,silver,1920,1080,4,1.0,0.0,0.9971867950906144,
vlcsnap-2023-11-10-14h09m53s380.png,train,valid,silver,1920,1080,4,1.0,0.0,0.9946505055469738,
vlcsnap-2023-11-10-14h09m57s921.png,val,valid,silver,1920,1080,4,1.0,0.0,0.9946505055469738,
vlcsnap-2023-11-10-14h10m02s186.png,train,valid,silver,1920,1080,4,1.0,0.0,0.9946505055469738,
vlcsnap-2023-11-10-14h10m06s501.png,train,valid,silver,1920,1080,4,1.0,0.0,0.9946505055469738,
vlcsnap-2023-11-10-14h10m10s962.png,train,valid,silver,1920,1080,4,1.0,0.0,0.9946505055469738,
vlcsnap-2023-11-10-14h10m14s595.png,train,valid,silver,1920,1080,4,1.0,0.0,0.9946505055469738,
vlcsnap-2023-11-10-14h10m24s842.png,val,valid,silver,1920,1080,4,1.0,0.0,0.9930036328087783,
vlcsnap-2023-11-10-14h10m28s708.png,train,valid,silver,1920,1080,4,1.0,0.0,0.9930036328087783,
vlcsnap-2023-11-10-14h10m33s588.png,train,valid,silver,1920,1080,4,1.0,0.0,0.9930036328087783,
vlcsnap-2023-11-10-14h10m40s603.png,train,valid,silver,1920,1080,4,1.0,0.0,0.9896106361989045,
vlcsnap-2023-11-10-14h10m46s720.png,train,valid,silver,1920,1080,4,1.0,0.0,0.9896106361989045,
vlcsnap-2023-11-10-14h10m53s147.png,train,valid,silver,1920,1080,4,1.0,0.0,0.9896106361989045,
vlcsnap-2023-11-10-14h10m59s245.png,train,valid,silver,1920,1080,4,1.0,0.0,0.9896106361989045,
vlcsnap-2023-11-10-14h11m31s810.png,train,valid,silver,1920,1080,4,1.0,0.0,0.9948241981893466,
vlcsnap-2023-11-10-14h11m37s260.png,train,valid,silver,1920,1080,4,1.0,0.0,0.9948241981893466,
vlcsnap-2023-11-10-14h11m45s152.png,train,valid,silver,1920,1080,4,1.0,0.0,0.9948241981893466,
vlcsnap-2023-11-10-14h11m52s886.png,train,valid,silver,1920,1080,4,1.0,0.0,0.9948241981893466,
vlcsnap-2023-11-10-14h12m03s007.png,train,valid,silver,1920,1080,4,1.0,0.0,0.9948241981893466,
vlcsnap-2023-11-10-14h12m21s225.png,train,valid,silver,1920,1080,4,1.0,0.0,0.9933553296338564,
vlcsnap-2023-11-10-14h12m26s180.png,train,valid,silver,1920,1080,4,1.0,0.0,0.9902691726202828,
vlcsnap-2023-11-10-14h12m33s502.png,val,valid,silver,1920,1080,4,1.0,0.0,0.9937808731253616,
vlcsnap-2023-11-13-13h45m46s683.png,train,valid,silver,1920,1080,4,1.0,0.0,0.9945891077828185,
vlcsnap-2023-11-13-13h45m50s373.png,train,valid,silver,1920,1080,4,1.0,0.0,0.9945891077828185,
vlcsnap-2023-11-13-13h45m57s333.png,train,valid,silver,1920,1080,4,1.0,0.0,0.9945891077828185,
vlcsnap-2023-11-13-13h46m00s704.png,train,valid,silver,1920,1080,4,1.0,0.0,0.9945891077828185,
vlcsnap-2023-11-13-13h46m43s495.png,train,valid,silver,1920,1080,4,1.0,0.0,0.9996556488115735,
vlcsnap-2023-11-13-13h46m48s051.png,train,valid,silver,1920,1080,4,1.0,0.0,0.9996556488115735,
vlcsnap-2023-11-13-13h46m52s712.png,train,valid,silver,1920,1080,4,1.0,0.0,0.9996556488115735,
vlcsnap-2023-11-13-13h47m01s814.png,train,valid,silver,1920,1080,4,1.0,0.0,0.9996556488115735,
vlcsnap-2023-11-13-13h47m59s915.png,train,valid,silver,1920,1080,4,1.0,0.0,0.9962373216748792,
vlcsnap-2023-11-13-13h48m08s520.png,train,valid,silver,1920,1080,4,1.0,0.0,0.9962373216748792,
vlcsnap-2023-11-13-13h48m16s023.png,train,valid,silver,1920,1080,4,1.0,0.0,0.9938746768530309,
vlcsnap-2023-11-13-13h48m25s175.png,train,valid,silver,1920,1080,4,1.0,0.0,0.9962841540335743,
vlcsnap-2023-11-13-13h48m55s152.png,val,valid,silver,1920,1080,4,1.0,0.0,0.9937394146077266,
vlcsnap-2023-11-13-13h49m08s724.png,train,valid,silver,1920,1080,4,1.0,0.0,0.9910766281943699,
vlcsnap-2023-11-13-13h49m18s084.png,train,valid,silver,1920,1080,4,1.0,0.0,0.9937824454180627,
vlcsnap-2023-11-13-13h49m21s617.png,train,valid,silver,1920,1080,4,1.0,0.0,0.9937824454180627,
vlcsnap-2023-11-13-13h50m09s627.png,train,valid,silver,1920,1080,4,1.0,0.0,0.9937824454180627,
vlcsnap-2023-11-13-13h50m26s356.png,train,valid,silver,1920,1080,4,1.0,0.0,0.9942760942760943,
vlcsnap-2023-11-13-13h50m30s576.png,train,valid,silver,1920,1080,4,1.0,0.0,0.9972383850413304,
vlcsnap-2023-11-13-13h50m35s043.png,train,valid,silver,1920,1080,4,1.0,0.0,0.9976917338738054,
vlcsnap-2023-11-13-13h50m43s363.png,train,valid,silver,1920,1080,4,1.0,0.0,0.9941221892037345,
vlcsnap-2023-11-13-13h53m49s274.png,train,valid,silver,1920,1080,4,1.0,0.0,0.9996442469014344,
vlcsnap-2023-11-13-13h53m53s201.png,train,valid,silver,1920,1080,4,1.0,0.0,0.9926334208223972,
vlcsnap-2023-11-13-13h53m56s886.png,val,valid,silver,1920,1080,4,1.0,0.0,0.9913022183934685,
vlcsnap-2023-11-13-13h54m07s422.png,train,valid,silver,1920,1080,4,1.0,0.0,0.9957251521919313,
vlcsnap-2023-11-13-13h54m11s317.png,train,valid,silver,1920,1080,4,1.0,0.0,0.9957251521919313,
vlcsnap-2023-11-13-13h54m15s259.png,val,valid,silver,1920,1080,4,1.0,0.0,0.9971431023701215,
vlcsnap-2023-11-13-13h54m21s595.png,train,valid,silver,1920,1080,4,1.0,0.0,0.9971431023701215,
vlcsnap-2023-11-13-13h54m39s152.png,train,valid,silver,1920,1080,4,1.0,0.0,0.9935865090957376,
vlcsnap-2023-11-13-13h54m45s388.png,train,valid,silver,1920,1080,4,1.0,0.0,0.9921816554306793,
vlcsnap-2023-11-13-13h54m50s882.png,train,valid,silver,1920,1080,4,1.0,0.0,0.9948069800297835,
vlcsnap-2023-11-13-13h55m11s729.png,train,valid,silver,1920,1080,4,1.0,0.0,0.9939405979934439,
vlcsnap-2023-11-13-13h55m28s181.png,train,valid,silver,1920,1080,4,1.0,0.0,0.9923331188636709,
vlcsnap-2023-11-13-13h55m33s785.png,train,valid,silver,1920,1080,4,1.0,0.0,0.9923331188636709,
vlcsnap-2023-11-13-13h55m38s464.png,train,valid,silver,1920,1080,4,1.0,0.0,0.9923331188636709,
vlcsnap-2023-11-13-13h55m44s782.png,train,valid,silver,1920,1080,4,1.0,0.0,0.9923331188636709,
vlcsnap-2023-11-13-13h55m56s712.png,train,valid,silver,1920,1080,4,1.0,0.0,0.9925965433603819,
vlcsnap-2023-11-13-13h56m02s391.png,train,valid,silver,1920,1080,4,1.0,0.0,0.9925965433603819,
vlcsnap-2023-11-13-13h56m06s697.png,train,valid,silver,1920,1080,4,1.0,0.0,0.9925965433603819,
vlcsnap-2023-11-13-13h56m12s832.png,train,valid,silver,1920,1080,4,1.0,0.0,0.9925965433603819,
vlcsnap-2023-11-13-13h56m29s550.png,train,valid,silver,1920,1080,4,1.0,0.0,0.9971205145677863,
vlcsnap-2023-11-13-13h56m33s190.png,train,valid,silver,1920,1080,4,1.0,0.0,0.9971205145677863,
vlcsnap-2023-11-13-13h56m37s261.png,train,valid,silver,1920,1080,4,1.0,0.0,0.9971205145677863,
vlcsnap-2023-11-13-13h56m41s378.png,train,valid,silver,1920,1080,4,1.0,0.0,0.9971205145677863,
vlcsnap-2023-11-13-13h56m50s818.png,train,valid,silver,1920,1080,4,1.0,0.0,0.9971205145677863,
vlcsnap-2023-11-13-13h57m03s886.png,val,valid,silver,1920,1080,4,1.0,0.0,0.9943327473815279,
vlcsnap-2023-11-13-13h57m08s612.png,train,valid,silver,1920,1080,4,1.0,0.0,0.9938720849056173,
vlcsnap-2023-11-13-13h57m14s161.png,train,valid,silver,1920,1080,4,1.0,0.0,0.9927705587236296,
vlcsnap-2023-11-13-13h57m25s262.png,train,valid,silver,1920,1080,4,1.0,0.0,0.9956859781028028,
vlcsnap-2023-11-13-13h57m33s839.png,train,valid,silver,1920,1080,4,1.0,0.0,0.9985500284264944,
vlcsnap-2023-11-13-14h02m22s949.png,train,valid,silver,1920,1080,4,1.0,0.0,0.9939146711316106,
vlcsnap-2023-11-13-14h02m26s619.png,train,valid,silver,1920,1080,4,1.0,0.0,0.9939146711316106,
vlcsnap-2023-11-13-14h02m30s217.png,train,valid,silver,1920,1080,4,1.0,0.0,0.9945280221409509,
vlcsnap-2023-11-13-14h02m35s640.png,train,valid,silver,1920,1080,4,1.0,0.0,0.9945280221409509,
vlcsnap-2023-11-13-14h07m49s561.png,train,valid,silver,1920,1080,4,1.0,0.0,0.9965221377786736,
vlcsnap-2023-11-13-14h08m01s185.png,train,valid,silver,1920,1080,4,1.0,0.0,0.9961835894345686,
vlcsnap-2023-11-13-14h08m08s346.png,val,valid,silver,1920,1080,4,1.0,0.0,0.9961936517341984,
vlcsnap-2023-11-13-14h08m13s866.png,train,valid,silver,1920,1080,4,1.0,0.0,0.9921145310811013,
vlcsnap-2023-11-13-14h08m20s865.png,train,valid,silver,1920,1080,4,1.0,0.0,0.990427245606607,
vlcsnap-2023-11-13-14h08m26s285.png,train,valid,silver,1920,1080,4,1.0,0.0,0.9905198232802758,
vlcsnap-2023-11-13-14h08m59s163.png,train,valid,silver,1920,1080,4,1.0,0.0,0.9941023803528888,
vlcsnap-2023-11-13-14h09m04s639.png,val,valid,silver,1920,1080,4,1.0,0.0,0.9941023803528888,
vlcsnap-2023-11-13-14h09m09s714.png,train,valid,silver,1920,1080,4,1.0,0.0,0.9941023803528888,
vlcsnap-2023-11-13-14h09m24s127.png,train,valid,silver,1920,1080,4,1.0,0.0,0.9941023803528888,
vlcsnap-2023-11-13-14h09m39s690.png,train,valid,silver,1920,1080,4,1.0,0.0,0.9938982318173127,
vlcsnap-2023-11-13-14h09m43s472.png,train,valid,silver,1920,1080,4,1.0,0.0,0.9939664098267266,
vlcsnap-2023-11-13-14h09m48s540.png,train,valid,silver,1920,1080,4,1.0,0.0,0.994650693621181,
vlcsnap-2023-11-13-14h09m53s266.png,train,valid,silver,1920,1080,4,1.0,0.0,0.9948930790408305,
vlcsnap-2023-11-13-14h10m08s953.png,train,valid,silver,1920,1080,4,1.0,0.0,0.992648905708401,
vlcsnap-2023-11-13-14h10m14s373.png,train,valid,silver,1920,1080,4,1.0,0.0,0.992648905708401,
vlcsnap-2023-11-13-14h10m19s906.png,train,valid,silver,1920,1080,4,1.0,0.0,0.992648905708401,
vlcsnap-2023-11-13-14h10m24s239.png,train,valid,silver,1920,1080,4,1.0,0.0,0.992648905708401,
vlcsnap-2023-11-13-14h10m29s940.png,train,valid,silver,1920,1080,4,1.0,0.0,0.992648905708401,
vlcsnap-2023-11-13-14h10m49s277.png,train,valid,silver,1920,1080,4,1.0,0.0,0.9927048232284036,
vlcsnap-2023-11-13-14h10m54s860.png,val,valid,silver,1920,1080,4,1.0,0.0,0.994469656784739,
vlcsnap-2023-11-13-14h11m02s894.png,train,valid,silver,1920,1080,4,1.0,0.0,0.9949496618161394,
vlcsnap-2023-11-13-14h11m08s984.png,train,valid,silver,1920,1080,4,1.0,0.0,0.9943111143630643,
vlcsnap-2023-11-13-14h11m53s021.png,val,valid,silver,1920,1080,4,1.0,0.0,0.9929317588282048,
vlcsnap-2023-11-13-14h11m57s722.png,train,valid,silver,1920,1080,4,1.0,0.0,0.9929317588282048,
vlcsnap-2023-11-13-14h12m02s808.png,train,valid,silver,1920,1080,4,1.0,0.0,0.9929317588282048,
vlcsnap-2023-11-13-14h12m15s114.png,train,valid,silver,1920,1080,4,1.0,0.0,0.9946958897881671,
vlcsnap-2023-11-13-14h12m44s222.png,train,valid,silver,1920,1080,4,1.0,0.0,0.9951276151977122,
vlcsnap-2023-11-13-14h12m49s497.png,train,valid,silver,1920,1080,4,1.0,0.0,0.9951276151977122,
vlcsnap-2023-11-13-14h12m55s364.png,train,valid,silver,1920,1080,4,1.0,0.0,0.9940496531456104,
vlcsnap-2023-11-13-14h13m01s872.png,train,valid,silver,1920,1080,4,1.0,0.0,0.9931904204509531,
vlcsnap-2023-11-13-14h13m12s826.png,train,valid,silver,1920,1080,4,1.0,0.0,0.9912619934583288,
vlcsnap-2023-11-13-14h13m16s661.png,train,valid,silver,1920,1080,4,1.0,0.0,0.9912619934583288,
vlcsnap-2023-11-13-14h13m21s321.png,train,valid,silver,1920,1080,4,1.0,0.0,0.9912619934583288,
vlcsnap-2023-11-13-14h13m32s976.png,train,valid,silver,1920,1080,4,1.0,0.0,0.9912619934583288,
vlcsnap-2023-11-13-14h13m58s551.png,train,valid,silver,1920,1080,4,1.0,0.0,0.992970293536551,
vlcsnap-2023-11-13-14h14m03s293.png,train,valid,silver,1920,1080,4,1.0,0.0,0.9953225955630723,
vlcsnap-2023-11-13-14h14m08s483.png,train,valid,silver,1920,1080,4,1.0,0.0,0.9923240063537503,
vlcsnap-2023-11-13-14h15m24s231.png,train,valid,silver,1920,1080,4,1.0,0.0,0.9937668904193183,
vlcsnap-2023-11-13-14h15m44s650.png,train,valid,silver,1920,1080,4,1.0,0.0,0.9938672035193677,
vlcsnap-2023-11-13-14h15m49s141.png,train,valid,silver,1920,1080,4,1.0,0.0,0.9915686110101829,
vlcsnap-2023-11-13-14h15m53s321.png,train,valid,silver,1920,1080,4,1.0,0.0,0.9901203788118407,
vlcsnap-2023-11-13-14h15m59s568.png,val,valid,silver,1920,1080,4,1.0,0.0,0.9922893540937198,
vlcsnap-2023-11-13-14h16m16s298.png,train,valid,silver,1920,1080,4,1.0,0.0,0.9950160524443932,
vlcsnap-2023-11-13-14h16m20s977.png,train,valid,silver,1920,1080,4,1.0,0.0,0.9916813133659312,
vlcsnap-2023-11-13-14h16m26s811.png,train,valid,silver,1920,1080,4,1.0,0.0,0.9931810838037672,
vlcsnap-2023-11-13-14h16m35s154.png,train,valid,silver,1920,1080,4,1.0,0.0,0.9932534784560144,
vlcsnap-2023-11-13-14h16m56s425.png,train,valid,silver,1920,1080,4,1.0,0.0,0.993237581779557,
vlcsnap-2023-11-13-14h17m02s529.png,train,valid,silver,1920,1080,4,1.0,0.0,0.9928030971036035,
vlcsnap-2023-11-13-14h17m08s168.png,train,valid,silver,1920,1080,4,1.0,0.0,0.9949879837434519,
vlcsnap-2023-11-13-14h17m14s789.png,val,valid,silver,1920,1080,4,1.0,0.0,0.9914363647012558,
vlcsnap-2023-11-13-14h17m32s565.png,train,valid,silver,1920,1080,4,1.0,0.0,0.9914971441703252,
vlcsnap-2023-11-13-14h17m38s235.png,train,valid,silver,1920,1080,4,1.0,0.0,0.9955173007082107,
vlcsnap-2023-11-13-14h17m43s563.png,train,valid,silver,1920,1080,4,1.0,0.0,0.9916293028637547,
vlcsnap-2023-11-13-14h17m50s070.png,train,valid,silver,1920,1080,4,1.0,0.0,0.9937808727285696,
vlcsnap-2023-11-13-14h18m02s851.png,train,valid,silver,1920,1080,4,1.0,0.0,0.9931582294528661,
vlcsnap-2023-11-13-14h18m41s771.png,train,valid,silver,1920,1080,4,1.0,0.0,0.9931582294528661,
vlcsnap-2023-11-13-14h18m46s233.png,val,valid,silver,1920,1080,4,1.0,0.0,0.9952722122714208,
vlcsnap-2023-11-13-14h18m59s318.png,train,valid,silver,1920,1080,4,1.0,0.0,0.9906975668780973,
vlcsnap-2023-11-13-14h19m05s788.png,train,valid,silver,1920,1080,4,1.0,0.0,0.9950930272187882,
vlcsnap-2023-11-13-14h19m11s111.png,train,valid,silver,1920,1080,4,1.0,0.0,0.9964280306412849,
vlcsnap-2023-11-13-14h19m48s240.png,train,valid,silver,1920,1080,4,1.0,0.0,0.994324458683164,
vlcsnap-2023-11-13-14h19m54s571.png,train,valid,silver,1920,1080,4,1.0,0.0,0.9953015960754509,
vlcsnap-2023-11-13-14h20m00s004.png,train,valid,silver,1920,1080,4,1.0,0.0,0.9920271197682291,
vlcsnap-2023-11-13-14h20m06s262.png,train,valid,silver,1920,1080,4,1.0,0.0,0.9942490660483263,
vlcsnap-2023-11-13-14h20m36s776.png,train,valid,silver,1920,1080,4,1.0,0.0,0.9927848623360774,
vlcsnap-2023-11-13-14h20m46s079.png,train,valid,silver,1920,1080,4,1.0,0.0,0.9967154564877706,
vlcsnap-2023-11-13-14h20m52s129.png,train,valid,silver,1920,1080,4,1.0,0.0,0.992626559242551,
vlcsnap-2023-11-13-14h20m59s136.png,train,valid,silver,1920,1080,4,1.0,0.0,0.998284469541154,
vlcsnap-2023-11-13-14h21m16s969.png,train,valid,silver,1920,1080,4,1.0,0.0,0.9957814165778252,
vlcsnap-2023-11-13-14h21m27s119.png,train,valid,silver,1920,1080,4,1.0,0.0,0.9932402169765937,
vlcsnap-2023-11-13-14h21m32s506.png,train,valid,silver,1920,1080,4,1.0,0.0,0.9942039657947104,
vlcsnap-2023-11-13-14h21m43s078.png,train,valid,silver,1920,1080,4,1.0,0.0,0.9949783709466483,
vlcsnap-2023-11-13-14h22m01s164.png,train,valid,silver,1920,1080,4,1.0,0.0,0.9903282568557231,
vlcsnap-2023-11-13-14h22m07s402.png,train,valid,silver,1920,1080,4,1.0,0.0,0.9928597526613367,
vlcsnap-2023-11-13-14h22m12s736.png,train,valid,silver,1920,1080,4,1.0,0.0,0.9949251661440467,
vlcsnap-2023-11-13-14h22m19s371.png,train,valid,silver,1920,1080,4,1.0,0.0,0.9960458445957909,
vlcsnap-2023-11-13-14h22m37s184.png,val,valid,silver,1920,1080,4,1.0,0.0,0.9964079116230178,
vlcsnap-2023-11-13-14h22m46s350.png,train,valid,silver,1920,1080,4,1.0,0.0,0.9954000773096251,
vlcsnap-2023-11-13-14h22m52s866.png,train,valid,silver,1920,1080,4,1.0,0.0,0.9954000773096251,
vlcsnap-2023-11-13-14h23m03s064.png,train,valid,silver,1920,1080,4,1.0,0.0,0.9954000773096251,
vlcsnap-2023-11-13-14h23m20s336.png,train,valid,silver,1920,1080,4,1.0,0.0,0.9959822857120283,
vlcsnap-2023-11-13-14h23m27s405.png,train,valid,silver,1920,1080,4,1.0,0.0,0.9968968560877429,
vlcsnap-2023-11-13-14h23m34s876.png,train,valid,silver,1920,1080,4,1.0,0.0,0.9968968560877429,
vlcsnap-2023-11-13-14h23m40s418.png,val,valid,silver,1920,1080,4,1.0,0.0,0.9938742441607714,
vlcsnap-2023-11-13-14h24m01s685.png,train,valid,silver,1920,1080,4,1.0,0.0,0.9979174910763893,
vlcsnap-2023-11-13-14h24m12s904.png,train,valid,silver,1920,1080,4,1.0,0.0,0.9946308456117873,
vlcsnap-2023-11-13-14h24m17s871.png,train,valid,silver,1920,1080,4,1.0,0.0,0.9943596923175951,
vlcsnap-2023-11-13-14h24m24s121.png,train,valid,silver,1920,1080,4,1.0,0.0,0.9925384853890417,
vlcsnap-2023-11-13-14h25m23s121.png,train,valid,silver,1920,1080,4,1.0,0.0,0.995530444909586,
vlcsnap-2023-11-13-14h25m45s705.png,train,valid,silver,1920,1080,4,1.0,0.0,0.9938921510404581,
vlcsnap-2023-11-13-14h25m56s961.png,train,valid,silver,1920,1080,4,1.0,0.0,0.9946706551473048,
vlcsnap-2023-11-13-14h26m04s992.png,val,valid,silver,1920,1080,4,1.0,0.0,0.9918454496033028,
vlcsnap-2023-11-13-14h26m20s392.png,train,valid,silver,1920,1080,4,1.0,0.0,0.995223274110578,
vlcsnap-2023-11-13-14h26m25s684.png,train,valid,silver,1920,1080,4,1.0,0.0,0.9895612039123918,
vlcsnap-2023-11-13-14h26m31s276.png,train,valid,silver,1920,1080,4,1.0,0.0,0.9926912019331906,
vlcsnap-2023-11-13-14h26m39s441.png,train,valid,silver,1920,1080,4,1.0,0.0,0.9924010354870025,
vlcsnap-2023-11-13-14h26m52s522.png,train,valid,silver,1920,1080,4,1.0,0.0,0.9952697231532446,
vlcsnap-2023-11-13-14h26m58s746.png,train,valid,silver,1920,1080,4,1.0,0.0,0.9953492426495473,
vlcsnap-2023-11-13-14h27m03s773.png,val,valid,silver,1920,1080,4,1.0,0.0,0.9953543940971065,
vlcsnap-2023-11-13-14h27m09s512.png,train,valid,silver,1920,1080,4,1.0,0.0,0.9948940620402221,
vlcsnap-2023-11-13-14h27m24s674.png,train,valid,silver,1920,1080,4,1.0,0.0,0.9936167569685329,
vlcsnap-2023-11-13-14h27m30s567.png,train,valid,silver,1920,1080,4,1.0,0.0,0.9946920243780673,
vlcsnap-2023-11-13-14h27m36s141.png,train,valid,silver,1920,1080,4,1.0,0.0,0.9913809919117413,
vlcsnap-2023-11-13-14h27m45s765.png,val,valid,silver,1920,1080,4,1.0,0.0,0.9925852255068243,
vlcsnap-2023-11-13-14h28m10s831.png,train,valid,silver,1920,1080,4,1.0,0.0,0.9919968323294377,
vlcsnap-2023-11-13-14h28m16s383.png,train,valid,silver,1920,1080,4,1.0,0.0,0.9964655583065261,
vlcsnap-2023-11-13-14h28m22s612.png,train,valid,silver,1920,1080,4,1.0,0.0,0.9912230109012832,
vlcsnap-2023-11-13-14h29m12s791.png,train,valid,silver,1920,1080,4,1.0,0.0,0.9960643221512787,
vlcsnap-2023-11-13-14h29m32s712.png,train,valid,silver,1920,1080,4,1.0,0.0,0.9946898818769642,
vlcsnap-2023-11-13-14h29m37s252.png,train,valid,silver,1920,1080,4,1.0,0.0,0.995481002132967,
vlcsnap-2023-11-13-14h29m42s370.png,train,valid,silver,1920,1080,4,1.0,0.0,0.9963389247450107,
vlcsnap-2023-11-13-14h29m47s301.png,train,valid,silver,1920,1080,4,1.0,0.0,0.9971323541241011,
vlcsnap-2023-11-14-16h00m48s832.png,train,valid,silver,1920,1080,4,1.0,0.0,0.9958769131365344,
vlcsnap-2023-11-14-16h00m54s040.png,train,valid,silver,1920,1080,4,1.0,0.0,0.9971390301838385,
vlcsnap-2023-11-14-16h00m59s177.png,train,valid,silver,1920,1080,4,1.0,0.0,0.995445274218058,
vlcsnap-2023-11-14-16h01m03s586.png,train,valid,silver,1920,1080,4,1.0,0.0,0.9974989766680311,
vlcsnap-2023-11-14-16h01m20s645.png,train,valid,silver,1920,1080,4,1.0,0.0,0.9961896697713802,
vlcsnap-2023-11-14-16h01m27s111.png,train,valid,silver,1920,1080,4,1.0,0.0,0.9932968156769223,
vlcsnap-2023-11-14-16h01m32s258.png,train,valid,silver,1920,1080,4,1.0,0.0,0.9937209880636605,
vlcsnap-2023-11-14-16h01m36s242.png,train,valid,silver,1920,1080,4,1.0,0.0,0.9934442261949161,
vlcsnap-2023-11-14-16h01m48s606.png,train,valid,silver,1920,1080,4,1.0,0.0,0.9934889959153813,
vlcsnap-2023-11-14-16h01m56s631.png,train,valid,silver,1920,1080,4,1.0,0.0,0.9909773978645089,
vlcsnap-2023-11-14-16h02m01s002.png,train,valid,silver,1920,1080,4,1.0,0.0,0.9914401050532562,
vlcsnap-2023-11-14-16h02m34s822.png,train,valid,silver,1920,1080,4,1.0,0.0,0.9929139375476009,
vlcsnap-2023-11-14-16h03m01s343.png,train,valid,silver,1920,1080,4,1.0,0.0,0.9930979833708484,
vlcsnap-2023-11-14-16h03m06s045.png,train,valid,silver,1920,1080,4,1.0,0.0,0.9975293986147673,
vlcsnap-2023-11-14-16h03m10s221.png,train,valid,silver,1920,1080,4,1.0,0.0,0.9969277855261118,
vlcsnap-2023-11-14-16h03m18s853.png,train,valid,silver,1920,1080,4,1.0,0.0,0.9943086306161509,
vlcsnap-2023-11-14-16h03m38s394.png,train,valid,silver,1920,1080,4,1.0,0.0,0.9928240711852139,
vlcsnap-2023-11-14-16h03m43s632.png,val,valid,silver,1920,1080,4,1.0,0.0,0.9980178332478772,
vlcsnap-2023-11-14-16h03m55s530.png,train,valid,silver,1920,1080,4,1.0,0.0,0.9953814231966301,
vlcsnap-2023-11-14-16h04m19s294.png,train,valid,silver,1920,1080,4,1.0,0.0,0.997227295282821,
vlcsnap-2023-11-14-16h04m24s304.png,val,valid,silver,1920,1080,4,1.0,0.0,0.9953624877926567,
vlcsnap-2023-11-14-16h04m29s060.png,train,valid,silver,1920,1080,4,1.0,0.0,0.9958786081354025,
vlcsnap-2023-11-14-16h04m40s982.png,train,valid,silver,1920,1080,4,1.0,0.0,0.9920031416229338,
vlcsnap-2023-11-14-16h05m11s197.png,train,valid,silver,1920,1080,4,1.0,0.0,0.9941224210841058,
vlcsnap-2023-11-14-16h05m18s096.png,val,valid,silver,1920,1080,4,1.0,0.0,0.993331491279801,
vlcsnap-2023-11-14-16h05m22s205.png,train,valid,silver,1920,1080,4,1.0,0.0,0.9941339620584827,
vlcsnap-2023-11-14-16h05m25s891.png,train,valid,silver,1920,1080,4,1.0,0.0,0.9922354198215713,
vlcsnap-2023-11-14-16h05m56s789.png,train,valid,silver,1920,1080,4,1.0,0.0,0.9926225492164722,
vlcsnap-2023-11-14-16h06m16s155.png,train,valid,silver,1920,1080,4,1.0,0.0,0.9934413880880023,
vlcsnap-2023-11-14-16h06m21s966.png,train,valid,silver,1920,1080,4,1.0,0.0,0.9908686886205477,
vlcsnap-2023-11-14-16h06m28s408.png,train,valid,silver,1920,1080,4,1.0,0.0,0.9945293455637294,
vlcsnap-2023-11-14-16h06m46s889.png,train,valid,silver,1920,1080,4,1.0,0.0,0.9936977798997374,
vlcsnap-2023-11-14-16h07m07s157.png,train,valid,silver,1920,1080,4,1.0,0.0,0.9918408686621493,
vlcsnap-2023-11-14-16h07m15s161.png,train,valid,silver,1920,1080,4,1.0,0.0,0.9918408686621493,
vlcsnap-2023-11-14-16h07m20s432.png,train,valid,silver,1920,1080,4,1.0,0.0,0.9911980866744677,
vlcsnap-2023-11-14-16h07m26s429.png,val,valid,silver,1920,1080,4,1.0,0.0,0.9956314351430203,
vlcsnap-2023-11-14-16h07m46s218.png,train,valid,silver,1920,1080,4,1.0,0.0,0.9936091118262137,
vlcsnap-2023-11-14-16h07m52s682.png,train,valid,silver,1920,1080,4,1.0,0.0,0.9953601423108295,
vlcsnap-2023-11-14-16h07m57s740.png,train,valid,silver,1920,1080,4,1.0,0.0,0.9946141581240547,
vlcsnap-2023-11-14-16h08m15s759.png,train,valid,silver,1920,1080,4,1.0,0.0,0.993944059322832,
vlcsnap-2023-11-14-16h10m05s977.png,val,valid,silver,1920,1080,4,1.0,0.0,0.9915940269515601,
vlcsnap-2023-11-14-16h10m10s508.png,train,valid,silver,1920,1080,4,1.0,0.0,0.9964500777000777,
vlcsnap-2023-11-14-16h10m15s378.png,val,valid,silver,1920,1080,4,1.0,0.0,0.9977019982412756,
vlcsnap-2023-11-14-16h10m40s844.png,train,valid,silver,1920,1080,4,1.0,0.0,0.9912897531614434,
vlcsnap-2023-11-14-16h10m45s504.png,train,valid,silver,1920,1080,4,1.0,0.0,0.9970097430120888,
vlcsnap-2023-11-14-16h10m50s602.png,val,valid,silver,1920,1080,4,1.0,0.0,0.9970097430120888,
vlcsnap-2023-11-14-16h10m55s976.png,train,valid,silver,1920,1080,4,1.0,0.0,0.9920198524881824,
vlcsnap-2023-11-14-16h11m26s213.png,train,valid,silver,1920,1080,4,1.0,0.0,0.9953272175257986,
vlcsnap-2023-11-14-16h11m48s960.png,train,valid,silver,1920,1080,4,1.0,0.0,0.9918342016298933,
vlcsnap-2023-11-14-16h11m55s320.png,train,valid,silver,1920,1080,4,1.0,0.0,0.9954626239792952,
vlcsnap-2023-11-14-16h12m21s602.png,train,valid,silver,1920,1080,4,1.0,0.0,0.9918055096525847,
vlcsnap-2023-11-14-16h12m29s327.png,train,valid,silver,1920,1080,4,1.0,0.0,0.9958055572787181,
vlcsnap-2023-11-14-16h12m34s574.png,train,valid,silver,1920,1080,4,1.0,0.0,0.9946619464433828,
vlcsnap-2023-11-14-16h12m47s966.png,train,valid,silver,1920,1080,4,1.0,0.0,0.9965689856269543,
vlcsnap-2023-11-14-16h13m11s183.png,train,valid,silver,1920,1080,4,1.0,0.0,0.9920794397081488,
vlcsnap-2023-11-14-16h13m17s795.png,train,valid,silver,1920,1080,4,1.0,0.0,0.9963924822722795,
vlcsnap-2023-11-14-16h13m23s697.png,train,valid,silver,1920,1080,4,1.0,0.0,0.995141859022495,
vlcsnap-2023-11-14-16h13m30s075.png,train,valid,silver,1920,1080,4,1.0,0.0,0.9968295594653307,
vlcsnap-2023-11-14-16h13m48s829.png,train,valid,silver,1920,1080,4,1.0,0.0,0.9963935159413256,
vlcsnap-2023-11-14-16h13m55s247.png,train,valid,silver,1920,1080,4,1.0,0.0,0.993726318996211,
vlcsnap-2023-11-14-16h14m00s761.png,train,valid,silver,1920,1080,4,1.0,0.0,0.9942359000699111,
vlcsnap-2023-11-14-16h15m31s853.png,val,valid,silver,1920,1080,4,1.0,0.0,0.99216295460108,
vlcsnap-2023-11-14-16h15m37s733.png,val,valid,silver,1920,1080,4,1.0,0.0,0.9968195295908964,
vlcsnap-2023-11-14-16h15m43s676.png,train,valid,silver,1920,1080,4,1.0,0.0,0.9933878502365362,
vlcsnap-2023-11-14-16h15m49s862.png,train,valid,silver,1920,1080,4,1.0,0.0,0.995027465710435,
vlcsnap-2023-11-14-16h16m15s943.png,train,valid,silver,1920,1080,4,1.0,0.0,0.9978871654678657,
vlcsnap-2023-11-14-16h16m20s934.png,train,valid,silver,1920,1080,4,1.0,0.0,0.9945732979605096,
vlcsnap-2023-11-14-16h16m25s210.png,train,valid,silver,1920,1080,4,1.0,0.0,0.992424022042231,
vlcsnap-2023-11-14-16h16m46s047.png,val,valid,silver,1920,1080,4,1.0,0.0,0.9950013340893172,
vlcsnap-2023-11-14-16h17m13s312.png,train,valid,silver,1920,1080,4,1.0,0.0,0.9951797505177223,
vlcsnap-2023-11-14-16h17m20s476.png,train,valid,silver,1920,1080,4,1.0,0.0,0.9960650728583293,
vlcsnap-2023-11-14-16h17m24s931.png,train,valid,silver,1920,1080,4,1.0,0.0,0.9943907551828889,
vlcsnap-2023-11-14-16h17m38s575.png,train,valid,silver,1920,1080,4,1.0,0.0,0.9948160059702553,
vlcsnap-2023-11-14-16h17m58s515.png,train,valid,silver,1920,1080,4,1.0,0.0,0.9937367699558716,
vlcsnap-2023-11-14-16h18m03s451.png,train,valid,silver,1920,1080,4,1.0,0.0,0.9954707418662679,
vlcsnap-2023-11-14-16h18m07s924.png,train,valid,silver,1920,1080,4,1.0,0.0,0.9959807699793686,
vlcsnap-2023-11-14-16h18m12s796.png,train,valid,silver,1920,1080,4,1.0,0.0,0.9954746961304529,
vlcsnap-2023-11-14-16h18m25s628.png,train,valid,silver,1920,1080,4,1.0,0.0,0.9954340342804145,
vlcsnap-2023-11-14-16h18m31s594.png,train,valid,silver,1920,1080,4,1.0,0.0,0.9926029159519726,
vlcsnap-2023-11-14-16h18m36s964.png,train,valid,silver,1920,1080,4,1.0,0.0,0.9956288460332674,
vlcsnap-2023-11-14-16h18m58s252.png,train,valid,silver,1920,1080,4,1.0,0.0,0.9948247766058413,
vlcsnap-2023-11-14-16h19m10s783.png,val,valid,silver,1920,1080,4,1.0,0.0,0.9919664533215625,
vlcsnap-2023-11-14-16h19m17s372.png,train,valid,silver,1920,1080,4,1.0,0.0,0.994174337613345,
vlcsnap-2023-11-14-16h19m26s384.png,train,valid,silver,1920,1080,4,1.0,0.0,0.9948910349710869,
vlcsnap-2023-11-14-16h19m33s549.png,train,valid,silver,1920,1080,4,1.0,0.0,0.9949685410738374,
vlcsnap-2023-11-14-16h19m48s241.png,train,valid,silver,1920,1080,4,1.0,0.0,0.9920560472134522,
vlcsnap-2023-11-14-16h19m52s799.png,train,valid,silver,1920,1080,4,1.0,0.0,0.9912520532260395,
vlcsnap-2023-11-14-16h19m57s828.png,train,valid,silver,1920,1080,4,1.0,0.0,0.9971418919281236,
vlcsnap-2023-11-14-16h20m17s603.png,train,valid,silver,1920,1080,4,1.0,0.0,0.9971337579617834,
vlcsnap-2023-11-14-16h20m33s919.png,train,valid,silver,1920,1080,4,1.0,0.0,0.9952989894780706,
vlcsnap-2023-11-14-16h20m40s762.png,train,valid,silver,1920,1080,4,1.0,0.0,0.9944831175590397,
vlcsnap-2023-11-14-16h20m46s267.png,train,valid,silver,1920,1080,4,1.0,0.0,0.9944831175590397,
vlcsnap-2023-11-14-16h20m55s549.png,val,valid,silver,1920,1080,4,1.0,0.0,0.9944831175590397,
vlcsnap-2023-11-14-16h21m06s976.png,train,valid,silver,1920,1080,4,1.0,0.0,0.9937553645999093,
vlcsnap-2023-11-14-16h21m12s699.png,train,valid,silver,1920,1080,4,1.0,0.0,0.9945558531817853,
vlcsnap-2023-11-14-16h21m18s255.png,train,valid,silver,1920,1080,4,1.0,0.0,0.9954864279059439,
vlcsnap-2023-11-14-16h21m29s722.png,val,valid,silver,1920,1080,4,1.0,0.0,0.9972477293767358,
vlcsnap-2023-11-14-16h21m34s388.png,train,valid,silver,1920,1080,4,1.0,0.0,0.9947372892791636,
vlcsnap-2023-11-14-16h21m39s554.png,train,valid,silver,1920,1080,4,1.0,0.0,0.9947372892791636,
vlcsnap-2023-11-14-16h22m52s120.png,train,valid,silver,1920,1080,4,1.0,0.0,0.9923416659305715,
vlcsnap-2023-11-14-16h22m58s258.png,train,valid,silver,1920,1080,4,1.0,0.0,0.9926131321114608,
vlcsnap-2023-11-14-16h23m03s254.png,train,valid,silver,1920,1080,4,1.0,0.0,0.9926131321114608,
vlcsnap-2023-11-14-16h23m13s561.png,train,valid,silver,1920,1080,4,1.0,0.0,0.9926131321114608,
vlcsnap-2023-11-20-12h13m58s867.png,val,valid,silver,1920,1080,4,1.0,0.0,0.9940359046259256,
vlcsnap-2023-11-20-12h14m08s245.png,train,valid,silver,1920,1080,4,1.0,0.0,0.9932011258627116,
vlcsnap-2023-11-20-12h14m13s722.png,val,valid,silver,1920,1080,4,1.0,0.0,0.9944405360421421,
vlcsnap-2023-11-20-12h14m21s030.png,train,valid,silver,1920,1080,4,1.0,0.0,0.9944405360421421,
vlcsnap-2023-11-20-12h14m44s125.png,val,valid,silver,1920,1080,4,1.0,0.0,0.9945943055481287,
vlcsnap-2023-11-20-12h14m48s847.png,train,valid,silver,1920,1080,4,1.0,0.0,0.9950720715533291,
vlcsnap-2023-11-20-12h14m55s036.png,val,valid,silver,1920,1080,4,1.0,0.0,0.9911346423229421,
vlcsnap-2023-11-20-12h15m11s640.png,train,valid,silver,1920,1080,4,1.0,0.0,0.993769426721821,
vlcsnap-2023-11-20-12h15m21s843.png,val,valid,silver,1920,1080,4,1.0,0.0,0.9942540548620973,
vlcsnap-2023-11-20-12h15m27s878.png,train,valid,silver,1920,1080,4,1.0,0.0,0.994208791979247,
vlcsnap-2023-11-20-12h15m35s352.png,train,valid,silver,1920,1080,4,1.0,0.0,0.9961382740983852,
vlcsnap-2023-11-20-12h15m40s812.png,train,valid,silver,1920,1080,4,1.0,0.0,0.9942485539688245,
vlcsnap-2023-11-20-12h15m53s920.png,train,valid,silver,1920,1080,4,1.0,0.0,0.9944210615519335,
vlcsnap-2023-11-20-12h16m02s645.png,val,valid,silver,1920,1080,4,1.0,0.0,0.9945085273512136,
vlcsnap-2023-11-20-12h16m08s459.png,train,valid,silver,1920,1080,4,1.0,0.0,0.9945085273512136,
vlcsnap-2023-11-20-12h16m25s987.png,train,valid,silver,1920,1080,4,1.0,0.0,0.9945085273512136,
vlcsnap-2023-11-20-12h16m39s802.png,train,valid,silver,1920,1080,4,1.0,0.0,0.9922166612095982,
vlcsnap-2023-11-20-12h16m44s757.png,val,valid,silver,1920,1080,4,1.0,0.0,0.9922166612095982,
vlcsnap-2023-11-20-12h16m49s716.png,train,valid,silver,1920,1080,4,1.0,0.0,0.9927580612736274,
vlcsnap-2023-11-20-12h16m54s743.png,val,valid,silver,1920,1080,4,1.0,0.0,0.9927580612736274,
vlcsnap-2023-11-20-12h17m08s627.png,val,valid,silver,1920,1080,4,1.0,0.0,0.9966245721704237,
vlcsnap-2023-11-20-12h17m14s311.png,val,valid,silver,1920,1080,4,1.0,0.0,0.9919831283217293,
vlcsnap-2023-11-20-12h17m18s928.png,train,valid,silver,1920,1080,4,1.0,0.0,0.9920987119818162,
vlcsnap-2023-11-20-12h17m23s744.png,train,valid,silver,1920,1080,4,1.0,0.0,0.9945162019167404,
vlcsnap-2023-11-20-12h17m37s708.png,train,valid,silver,1920,1080,4,1.0,0.0,0.9948429028099115,
vlcsnap-2023-11-20-12h18m06s718.png,train,valid,silver,1920,1080,4,1.0,0.0,0.9918870271844146,
vlcsnap-2023-11-20-12h18m11s200.png,train,valid,silver,1920,1080,4,1.0,0.0,0.9919586191068859,
vlcsnap-2023-11-20-12h18m14s993.png,train,valid,silver,1920,1080,4,1.0,0.0,0.9948286176411938,
vlcsnap-2023-11-20-12h18m29s965.png,train,valid,silver,1920,1080,4,1.0,0.0,0.9919586191068859,
vlcsnap-2023-11-20-12h18m36s948.png,train,valid,silver,1920,1080,4,1.0,0.0,0.9916773818540503,
vlcsnap-2023-11-20-12h18m41s824.png,train,valid,silver,1920,1080,4,1.0,0.0,0.9899955045879646,
vlcsnap-2023-11-20-12h18m45s971.png,val,valid,silver,1920,1080,4,1.0,0.0,0.9929067977995153,
vlcsnap-2023-11-20-12h19m06s381.png,train,valid,silver,1920,1080,4,1.0,0.0,0.9928768606705071,
vlcsnap-2023-11-20-12h19m13s162.png,train,valid,silver,1920,1080,4,1.0,0.0,0.994472511408221,
vlcsnap-2023-11-20-12h19m19s162.png,val,valid,silver,1920,1080,4,1.0,0.0,0.992095756295435,
vlcsnap-2023-11-20-12h19m23s682.png,train,valid,silver,1920,1080,4,1.0,0.0,0.9907559517995258,
vlcsnap-2023-11-20-12h19m35s710.png,train,valid,silver,1920,1080,4,1.0,0.0,0.9929295435214063,
vlcsnap-2023-11-20-12h19m41s603.png,train,valid,silver,1920,1080,4,1.0,0.0,0.9959234424263955,
vlcsnap-2023-11-20-12h19m46s709.png,train,valid,silver,1920,1080,4,1.0,0.0,0.9970198115809232,
vlcsnap-2023-11-20-12h19m55s986.png,train,valid,silver,1920,1080,4,1.0,0.0,0.9937771223743765,
vlcsnap-2023-11-20-12h20m07s954.png,train,valid,silver,1920,1080,4,1.0,0.0,0.9937344537815126,
vlcsnap-2023-11-20-12h20m14s107.png,train,valid,silver,1920,1080,4,1.0,0.0,0.9937344537815126,
vlcsnap-2023-11-20-12h20m18s492.png,train,valid,silver,1920,1080,4,1.0,0.0,0.99451446512671,
vlcsnap-2023-11-20-12h20m26s770.png,train,valid,silver,1920,1080,4,1.0,0.0,0.9936170212765958,
vlcsnap-2023-11-20-12h20m38s948.png,train,valid,silver,1920,1080,4,1.0,0.0,0.9947898789878988,
vlcsnap-2023-11-20-12h20m45s219.png,train,valid,silver,1920,1080,4,1.0,0.0,0.9949121632336616,
vlcsnap-2023-11-20-12h20m59s141.png,train,valid,silver,1920,1080,4,1.0,0.0,0.9988774185027844,
vlcsnap-2023-11-20-12h21m04s056.png,train,valid,silver,1920,1080,4,1.0,0.0,0.9970372522605809,
vlcsnap-2023-11-20-12h21m16s122.png,train,valid,silver,1920,1080,4,1.0,0.0,0.9935096811955403,
vlcsnap-2023-11-20-12h21m21s282.png,train,valid,silver,1920,1080,4,1.0,0.0,0.9972996107845317,
vlcsnap-2023-11-20-12h21m27s265.png,val,valid,silver,1920,1080,4,1.0,0.0,0.9927166822434318,
vlcsnap-2023-11-20-12h21m42s809.png,train,valid,silver,1920,1080,4,1.0,0.0,0.9927166822434318,
vlcsnap-2023-11-20-12h21m57s534.png,val,valid,silver,1920,1080,4,1.0,0.0,0.9929549941883777,
vlcsnap-2023-11-20-12h22m02s244.png,train,valid,silver,1920,1080,4,1.0,0.0,0.994090816947091,
vlcsnap-2023-11-20-12h22m06s751.png,train,valid,silver,1920,1080,4,1.0,0.0,0.9926899125783402,
vlcsnap-2023-11-20-12h22m11s647.png,train,valid,silver,1920,1080,4,1.0,0.0,0.9918816703958181,
vlcsnap-2023-11-20-12h22m31s677.png,train,valid,silver,1920,1080,4,1.0,0.0,0.9946393167607137,
vlcsnap-2023-11-20-12h22m37s167.png,train,valid,silver,1920,1080,4,1.0,0.0,0.9939565851461033,
vlcsnap-2023-11-20-12h22m42s645.png,train,valid,silver,1920,1080,4,1.0,0.0,0.9939565851461033,
vlcsnap-2023-11-20-12h22m46s659.png,val,valid,silver,1920,1080,4,1.0,0.0,0.9939565851461033,
vlcsnap-2023-11-20-12h23m06s753.png,train,valid,silver,1920,1080,4,1.0,0.0,0.9927242992608148,
vlcsnap-2023-11-20-12h23m11s219.png,train,valid,silver,1920,1080,4,1.0,0.0,0.9931563531544935,
vlcsnap-2023-11-20-12h23m21s790.png,train,valid,silver,1920,1080,4,1.0,0.0,0.9917576555933839,
vlcsnap-2023-11-20-12h23m25s533.png,train,valid,silver,1920,1080,4,1.0,0.0,0.9917576555933839,
vlcsnap-2023-11-20-12h23m37s504.png,train,valid,silver,1920,1080,4,1.0,0.0,0.9919278759723038,
vlcsnap-2023-11-20-12h23m42s236.png,train,valid,silver,1920,1080,4,1.0,0.0,0.9912203413965576,
vlcsnap-2023-11-20-12h23m47s165.png,train,valid,silver,1920,1080,4,1.0,0.0,0.9912203413965576,
vlcsnap-2023-11-20-12h23m51s258.png,val,valid,silver,1920,1080,4,1.0,0.0,0.9912203413965576,
vlcsnap-2023-11-20-12h24m02s126.png,train,valid,silver,1920,1080,4,1.0,0.0,0.9932336702500584,
vlcsnap-2023-11-20-12h24m12s698.png,train,valid,silver,1920,1080,4,1.0,0.0,0.993259640684473,
vlcsnap-2023-11-20-12h24m18s835.png,train,valid,silver,1920,1080,4,1.0,0.0,0.993259640684473,
vlcsnap-2023-11-20-12h24m23s695.png,val,valid,silver,1920,1080,4,1.0,0.0,0.9958944109833654,
vlcsnap-2023-11-20-12h24m37s057.png,train,valid,silver,1920,1080,4,1.0,0.0,0.9940957012707983,
vlcsnap-2023-11-20-12h24m41s652.png,val,valid,silver,1920,1080,4,1.0,0.0,0.9964160696926331,
vlcsnap-2023-11-20-12h24m45s729.png,train,valid,silver,1920,1080,4,1.0,0.0,0.9954256173751618,
vlcsnap-2023-11-20-12h24m52s965.png,val,valid,silver,1920,1080,4,1.0,0.0,0.9897794489714017,
vlcsnap-2023-11-20-12h25m06s609.png,train,valid,silver,1920,1080,4,1.0,0.0,0.9908569022924719,
vlcsnap-2023-11-20-12h25m11s066.png,train,valid,silver,1920,1080,4,1.0,0.0,0.9945363373878855,
vlcsnap-2023-11-20-12h25m15s224.png,train,valid,silver,1920,1080,4,1.0,0.0,0.9916914720594102,
vlcsnap-2023-11-20-12h25m40s809.png,train,valid,silver,1920,1080,4,1.0,0.0,0.9896275667360975,
vlcsnap-2023-11-20-12h25m49s863.png,train,valid,silver,1920,1080,4,1.0,0.0,0.9935361629479045,
vlcsnap-2023-11-20-12h25m59s864.png,val,valid,silver,1920,1080,4,1.0,0.0,0.9908201277199622,
vlcsnap-2023-11-20-12h26m14s710.png,train,valid,silver,1920,1080,4,1.0,0.0,0.9916444689535645,
vlcsnap-2023-11-20-12h26m41s466.png,train,valid,silver,1920,1080,4,1.0,0.0,0.9922964763061969,
vlcsnap-2023-11-20-12h26m59s503.png,train,valid,silver,1920,1080,4,1.0,0.0,0.9949583015805359,
vlcsnap-2023-11-20-12h27m03s973.png,train,valid,silver,1920,1080,4,1.0,0.0,0.996348211786491,
vlcsnap-2023-11-20-12h27m07s264.png,train,valid,silver,1920,1080,4,1.0,0.0,0.996348211786491,
vlcsnap-2023-11-20-12h27m10s789.png,train,valid,silver,1920,1080,4,1.0,0.0,0.996348211786491,
vlcsnap-2023-11-20-12h27m20s252.png,train,valid,silver,1920,1080,4,1.0,0.0,0.9939434470546126,
vlcsnap-2023-11-20-12h27m23s893.png,train,valid,silver,1920,1080,4,1.0,0.0,0.9968913287915867,
vlcsnap-2023-11-20-12h27m27s945.png,train,valid,silver,1920,1080,4,1.0,0.0,0.9940936623535789,
vlcsnap-2023-11-20-12h27m36s927.png,train,valid,silver,1920,1080,4,1.0,0.0,0.9945634476802627,
vlcsnap-2023-11-20-12h27m46s361.png,train,valid,silver,1920,1080,4,1.0,0.0,0.9945830142495384,
vlcsnap-2023-11-20-12h27m50s477.png,train,valid,silver,1920,1080,4,1.0,0.0,0.9942328843098732,
vlcsnap-2023-11-20-12h27m53s879.png,val,valid,silver,1920,1080,4,1.0,0.0,0.9942328843098732,
vlcsnap-2023-11-20-12h27m57s921.png,val,valid,silver,1920,1080,4,1.0,0.0,0.9923513852543352,
vlcsnap-2023-11-20-12h28m09s133.png,train,valid,silver,1920,1080,4,1.0,0.0,0.9949896085983571,
vlcsnap-2023-11-20-12h28m14s435.png,train,valid,silver,1920,1080,4,1.0,0.0,0.9949896085983571,
vlcsnap-2023-11-20-12h28m18s847.png,train,valid,silver,1920,1080,4,1.0,0.0,0.9949896085983571,
vlcsnap-2023-11-20-12h28m23s227.png,train,valid,silver,1920,1080,4,1.0,0.0,0.9927377132241175,
vlcsnap-2023-11-20-12h28m38s639.png,train,valid,silver,1920,1080,4,1.0,0.0,0.9907748500801508,
vlcsnap-2023-11-20-12h28m43s106.png,train,valid,silver,1920,1080,4,1.0,0.0,0.9924041680840778,
vlcsnap-2023-11-20-12h28m47s912.png,train,valid,silver,1920,1080,4,1.0,0.0,0.9924041680840778,
vlcsnap-2023-11-20-12h28m52s428.png,train,valid,silver,1920,1080,4,1.0,0.0,0.9924041680840778,
vlcsnap-2023-11-20-12h29m03s669.png,val,valid,silver,1920,1080,4,1.0,0.0,0.9949945770585582,
vlcsnap-2023-11-20-12h29m07s466.png,train,valid,silver,1920,1080,4,1.0,0.0,0.9941787642471506,
vlcsnap-2023-11-20-12h29m11s204.png,val,valid,silver,1920,1080,4,1.0,0.0,0.992131994316218,
vlcsnap-2023-11-20-12h29m22s274.png,val,valid,silver,1920,1080,4,1.0,0.0,0.9950446701337939,
vlcsnap-2023-11-20-12h29m32s473.png,train,valid,silver,1920,1080,4,1.0,0.0,0.9949962728289229,
vlcsnap-2023-11-20-12h29m36s775.png,train,valid,silver,1920,1080,4,1.0,0.0,0.9910364588663237,
vlcsnap-2023-11-20-12h29m40s290.png,train,valid,silver,1920,1080,4,1.0,0.0,0.9984072131819409,
vlcsnap-2023-11-20-12h29m46s766.png,val,valid,silver,1920,1080,4,1.0,0.0,0.9970273317740027,
vlcsnap-2023-11-27-16h15m44s582.png,train,valid,silver,1920,1080,4,1.0,0.0,0.9953393859174885,
vlcsnap-2023-11-27-16h15m54s840.png,train,valid,silver,1920,1080,4,1.0,0.0,0.993989142277142,
vlcsnap-2023-11-27-16h15m58s586.png,val,valid,silver,1920,1080,4,1.0,0.0,0.9992029681280471,
vlcsnap-2023-11-27-16h16m23s493.png,val,valid,silver,1920,1080,4,1.0,0.0,0.9927294541091781,
vlcsnap-2023-11-27-16h16m33s174.png,train,valid,silver,1920,1080,4,1.0,0.0,0.9946123382740258,
vlcsnap-2023-11-27-16h16m37s023.png,train,valid,silver,1920,1080,4,1.0,0.0,0.9970490398548109,
vlcsnap-2023-11-27-16h16m40s574.png,train,valid,silver,1920,1080,4,1.0,0.0,0.996062840530602,
vlcsnap-2023-11-27-16h18m39s789.png,train,valid,silver,1920,1080,4,1.0,0.0,0.9977952741791654,
vlcsnap-2023-11-27-16h18m44s904.png,train,valid,silver,1920,1080,4,1.0,0.0,0.9977952741791654,
vlcsnap-2023-11-27-16h18m50s159.png,train,valid,silver,1920,1080,4,1.0,0.0,0.9977952741791654,
vlcsnap-2023-11-27-16h20m51s242.png,train,valid,silver,1920,1080,4,1.0,0.0,0.9941920792544076,
vlcsnap-2023-11-27-16h20m56s288.png,train,valid,silver,1920,1080,4,1.0,0.0,0.9941920792544076,
vlcsnap-2023-11-27-16h21m01s656.png,train,valid,silver,1920,1080,4,1.0,0.0,0.9941920792544076,
vlcsnap-2023-11-27-16h21m05s812.png,train,valid,silver,1920,1080,4,1.0,0.0,0.9988420368853617,
vlcsnap-2023-11-27-16h21m21s087.png,train,valid,silver,1920,1080,4,1.0,0.0,0.9914208788322264,
vlcsnap-2023-11-27-16h21m32s785.png,train,valid,silver,1920,1080,4,1.0,0.0,0.9917197960208107,
vlcsnap-2023-11-27-16h21m39s372.png,train,valid,silver,1920,1080,4,1.0,0.0,0.990912971885101,
vlcsnap-2023-11-27-16h22m01s609.png,train,valid,silver,1920,1080,4,1.0,0.0,0.992047237436702,
vlcsnap-2023-11-27-16h23m35s206.png,train,valid,silver,1920,1080,4,1.0,0.0,0.9939434470546126,
vlcsnap-2023-11-27-16h23m39s126.png,train,valid,silver,1920,1080,4,1.0,0.0,0.9939434470546126,
vlcsnap-2023-11-27-16h23m43s185.png,train,valid,silver,1920,1080,4,1.0,0.0,0.9947407396925573,
vlcsnap-2023-11-27-16h23m58s641.png,train,valid,silver,1920,1080,4,1.0,0.0,0.9957800529617514,
vlcsnap-2023-11-27-16h24m17s708.png,train,valid,silver,1920,1080,4,1.0,0.0,0.99304636899342,
vlcsnap-2023-11-27-16h24m24s324.png,train,valid,silver,1920,1080,4,1.0,0.0,0.99304636899342,
vlcsnap-2023-11-27-16h24m28s149.png,train,valid,silver,1920,1080,4,1.0,0.0,0.9955546948962906,
vlcsnap-2023-11-27-16h24m34s163.png,val,valid,silver,1920,1080,4,1.0,0.0,0.995477367510061,
vlcsnap-2023-11-27-16h24m48s871.png,train,valid,silver,1920,1080,4,1.0,0.0,0.9934646652615368,
vlcsnap-2023-11-27-16h24m53s889.png,val,valid,silver,1920,1080,4,1.0,0.0,0.9920482426320613,
vlcsnap-2023-11-27-16h24m57s566.png,train,valid,silver,1920,1080,4,1.0,0.0,0.9927757833621416,
vlcsnap-2023-11-27-16h25m23s352.png,train,valid,silver,1920,1080,4,1.0,0.0,0.9918626117372716,
vlcsnap-2023-11-27-16h25m48s421.png,train,valid,silver,1920,1080,4,1.0,0.0,0.9922848141533226,
vlcsnap-2023-11-27-16h25m58s494.png,train,valid,silver,1920,1080,4,1.0,0.0,0.9925059860019646,
vlcsnap-2023-11-27-16h26m03s173.png,train,valid,silver,1920,1080,4,1.0,0.0,0.9956226148246932,
vlcsnap-2023-11-27-16h26m08s771.png,train,valid,silver,1920,1080,4,1.0,0.0,0.9956226148246932,
vlcsnap-2023-11-27-16h26m39s405.png,train,valid,silver,1920,1080,4,1.0,0.0,0.9947429760665973,
vlcsnap-2023-11-27-16h27m58s920.png,train,valid,silver,1920,1080,4,1.0,0.0,0.9947429760665973,
vlcsnap-2023-11-27-16h28m03s073.png,val,valid,silver,1920,1080,4,1.0,0.0,0.9947429760665973,
vlcsnap-2023-11-27-16h28m09s129.png,train,valid,silver,1920,1080,4,1.0,0.0,0.9919218601222471,
vlcsnap-2023-11-27-16h28m33s703.png,train,valid,silver,1920,1080,4,1.0,0.0,0.9940699353746955,
vlcsnap-2023-11-27-16h28m38s584.png,train,valid,silver,1920,1080,4,1.0,0.0,0.9940699353746955,
vlcsnap-2023-11-27-16h29m00s224.png,train,valid,silver,1920,1080,4,1.0,0.0,0.9958844873733583,
vlcsnap-2023-11-27-16h29m09s151.png,val,valid,silver,1920,1080,4,1.0,0.0,0.9958944109833654,
vlcsnap-2023-11-27-16h29m22s739.png,train,valid,silver,1920,1080,4,1.0,0.0,0.9912203413965576,
vlcsnap-2023-11-27-16h29m26s810.png,train,valid,silver,1920,1080,4,1.0,0.0,0.9905128068208113,
vlcsnap-2023-11-27-16h29m34s951.png,train,valid,silver,1920,1080,4,1.0,0.0,0.9905128068208113,
vlcsnap-2023-11-27-16h29m49s863.png,train,valid,silver,1920,1080,4,1.0,0.0,0.9917403637577173,
vlcsnap-2023-11-27-16h29m55s437.png,train,valid,silver,1920,1080,4,1.0,0.0,0.9930826872064555,
vlcsnap-2023-11-27-16h29m59s093.png,train,valid,silver,1920,1080,4,1.0,0.0,0.9947403573217566,
vlcsnap-2023-11-27-16h30m03s502.png,train,valid,silver,1920,1080,4,1.0,0.0,0.9947403573217566,
vlcsnap-2023-11-27-16h30m07s908.png,val,valid,silver,1920,1080,4,1.0,0.0,0.9947403573217566,
vlcsnap-2023-11-27-16h34m38s170.png,train,valid,silver,1920,1080,4,1.0,0.0,0.9923563200923928,
vlcsnap-2023-11-27-16h34m43s317.png,train,valid,silver,1920,1080,4,1.0,0.0,0.9923196603760666,
vlcsnap-2023-11-27-16h34m47s356.png,train,valid,silver,1920,1080,4,1.0,0.0,0.9917205938332699,
vlcsnap-2023-11-27-16h34m51s680.png,train,valid,silver,1920,1080,4,1.0,0.0,0.9917205938332699,
vlcsnap-2023-11-27-16h34m56s587.png,train,valid,silver,1920,1080,4,1.0,0.0,0.9919175645029512,
vlcsnap-2023-11-27-16h35m15s932.png,val,valid,silver,1920,1080,4,1.0,0.0,0.9915409058664619,
vlcsnap-2023-11-27-16h35m24s137.png,val,valid,silver,1920,1080,4,1.0,0.0,0.9959824316502672,
vlcsnap-2023-11-27-16h35m28s637.png,val,valid,silver,1920,1080,4,1.0,0.0,0.991669048091873,
vlcsnap-2023-11-27-16h35m38s374.png,val,valid,silver,1920,1080,4,1.0,0.0,0.9893933620485909,
vlcsnap-2023-11-27-16h35m52s017.png,train,valid,silver,1920,1080,4,1.0,0.0,0.9924157316914413,
vlcsnap-2023-11-27-16h37m17s354.png,val,valid,silver,1920,1080,4,1.0,0.0,0.995191917552544,
vlcsnap-2023-11-27-16h37m40s366.png,train,valid,silver,1920,1080,4,1.0,0.0,0.9953199434452114,
vlcsnap-2023-11-27-16h37m46s286.png,train,valid,silver,1920,1080,4,1.0,0.0,0.9939508213186753,
vlcsnap-2023-11-27-16h38m28s537.png,train,valid,silver,1920,1080,4,1.0,0.0,0.9927068624992852,
vlcsnap-2023-11-27-16h39m01s763.png,train,valid,silver,1920,1080,4,1.0,0.0,0.9921436158912258,
vlcsnap-2023-11-27-16h39m23s458.png,train,valid,silver,1920,1080,4,1.0,0.0,0.9924839393045537,
vlcsnap-2023-11-27-16h39m28s834.png,val,valid,silver,1920,1080,4,1.0,0.0,0.9924839393045537,
vlcsnap-2023-11-27-16h39m34s829.png,train,valid,silver,1920,1080,4,1.0,0.0,0.9924839393045537,
vlcsnap-2023-11-27-16h41m52s059.png,train,valid,silver,1920,1080,4,1.0,0.0,0.9952436341859474,
vlcsnap-2023-11-27-16h42m02s911.png,val,valid,silver,1920,1080,4,1.0,0.0,0.9952436341859474,
vlcsnap-2023-11-27-16h42m44s685.png,train,valid,silver,1920,1080,4,1.0,0.0,0.9938874344079014,
vlcsnap-2023-11-27-16h42m50s949.png,train,valid,silver,1920,1080,4,1.0,0.0,0.9955687185182692,
vlcsnap-2023-11-27-16h42m57s256.png,train,valid,silver,1920,1080,4,1.0,0.0,0.9917500653652946,
vlcsnap-2023-11-27-16h43m09s484.png,train,valid,silver,1920,1080,4,1.0,0.0,0.9949621048192905,
vlcsnap-2023-11-27-16h43m14s545.png,train,valid,silver,1920,1080,4,1.0,0.0,0.9950777058790996,
vlcsnap-2023-11-27-16h45m00s785.png,train,valid,silver,1920,1080,4,1.0,0.0,0.9934298337846009,
vlcsnap-2023-11-27-16h45m08s125.png,val,valid,silver,1920,1080,4,1.0,0.0,0.9906717325392236,
vlcsnap-2023-11-27-16h45m12s039.png,train,valid,silver,1920,1080,4,1.0,0.0,0.9925811210982871,
vlcsnap-2023-11-27-16h45m17s870.png,train,valid,silver,1920,1080,4,1.0,0.0,0.9914506785334857,
vlcsnap-2023-11-27-16h45m31s144.png,train,valid,silver,1920,1080,4,1.0,0.0,0.9944744079178125,
vlcsnap-2023-11-27-16h45m37s354.png,train,valid,silver,1920,1080,4,1.0,0.0,0.9904255695396694,
vlcsnap-2023-11-27-16h45m41s414.png,train,valid,silver,1920,1080,4,1.0,0.0,0.9915746570550841,
vlcsnap-2023-11-27-16h45m46s686.png,train,valid,silver,1920,1080,4,1.0,0.0,0.9946562746746135,
vlcsnap-2023-11-27-16h45m52s345.png,train,valid,silver,1920,1080,4,1.0,0.0,0.9929370307951586,
vlcsnap-2023-11-27-16h45m55s780.png,train,valid,silver,1920,1080,4,1.0,0.0,0.9951302529192853,
vlcsnap-2023-11-27-16h46m16s845.png,train,valid,silver,1920,1080,4,1.0,0.0,0.9923653569679448,
vlcsnap-2023-11-27-16h46m22s462.png,val,valid,silver,1920,1080,4,1.0,0.0,0.9902921444206501,
vlcsnap-2023-11-27-16h46m29s347.png,val,valid,silver,1920,1080,4,1.0,0.0,0.9958418097485556,
vlcsnap-2023-11-27-16h46m35s589.png,train,valid,silver,1920,1080,4,1.0,0.0,0.9957734431343609,
vlcsnap-2023-11-27-16h46m41s607.png,train,valid,silver,1920,1080,4,1.0,0.0,0.9955847945860273,
vlcsnap-2023-11-27-16h47m06s218.png,train,valid,silver,1920,1080,4,1.0,0.0,0.9931620186023317,
vlcsnap-2023-11-27-16h47m18s998.png,val,valid,silver,1920,1080,4,1.0,0.0,0.9958130642993697,
vlcsnap-2023-11-27-16h47m32s953.png,val,valid,silver,1920,1080,4,1.0,0.0,0.9929522653870432,
vlcsnap-2023-11-27-16h47m38s590.png,train,valid,silver,1920,1080,4,1.0,0.0,0.992925655065966,
vlcsnap-2023-11-27-16h47m42s648.png,train,valid,silver,1920,1080,4,1.0,0.0,0.9900919601264754,
vlcsnap-2023-11-27-16h48m04s148.png,train,valid,silver,1920,1080,4,1.0,0.0,0.9915031214227551,
vlcsnap-2023-11-28-13h49m39s583.png,train,valid,silver,1920,1080,4,1.0,0.0,0.9909756900089033,
vlcsnap-2023-11-28-13h49m45s876.png,train,valid,silver,1920,1080,4,1.0,0.0,0.9940152550422082,
vlcsnap-2023-11-28-13h49m49s644.png,train,valid,silver,1920,1080,4,1.0,0.0,0.990790338799505,
vlcsnap-2023-11-28-13h50m01s918.png,train,valid,silver,1920,1080,4,1.0,0.0,0.990790338799505,
vlcsnap-2023-11-28-13h50m32s471.png,train,valid,silver,1920,1080,4,1.0,0.0,0.9916891563437652,
vlcsnap-2023-11-28-13h50m36s480.png,train,valid,silver,1920,1080,4,1.0,0.0,0.9966819779912497,
vlcsnap-2023-11-28-13h50m49s765.png,train,valid,silver,1920,1080,4,1.0,0.0,0.9926803523331149,
vlcsnap-2023-11-28-13h51m27s311.png,train,valid,silver,1920,1080,4,1.0,0.0,0.9971755395744936,
vlcsnap-2023-11-28-13h51m32s278.png,train,valid,silver,1920,1080,4,1.0,0.0,0.9971755395744936,
vlcsnap-2023-11-28-13h51m36s326.png,train,valid,silver,1920,1080,4,1.0,0.0,0.9971755395744936,
vlcsnap-2023-11-28-13h51m48s738.png,train,valid,silver,1920,1080,4,1.0,0.0,0.9971755395744936,
vlcsnap-2023-11-28-13h57m59s664.png,train,valid,silver,1920,1080,4,1.0,0.0,0.9945061291673284,
vlcsnap-2023-11-28-13h58m36s945.png,train,valid,silver,1920,1080,4,1.0,0.0,0.9945061291673284,
vlcsnap-2023-11-28-13h58m40s987.png,train,valid,silver,1920,1080,4,1.0,0.0,0.9945061291673284,
vlcsnap-2023-11-28-13h58m44s615.png,train,valid,silver,1920,1080,4,1.0,0.0,0.9945061291673284,
vlcsnap-2023-11-28-13h59m04s630.png,train,valid,silver,1920,1080,4,1.0,0.0,0.9933322682505075,
vlcsnap-2023-11-28-13h59m08s472.png,train,valid,silver,1920,1080,4,1.0,0.0,0.9933322682505075,
vlcsnap-2023-11-28-13h59m12s358.png,val,valid,silver,1920,1080,4,1.0,0.0,0.9933322682505075,
vlcsnap-2023-11-28-13h59m16s235.png,val,valid,silver,1920,1080,4,1.0,0.0,0.9933322682505075,
vlcsnap-2023-11-28-13h59m25s121.png,train,valid,silver,1920,1080,4,1.0,0.0,0.9937309246886085,
vlcsnap-2023-11-28-13h59m28s645.png,train,valid,silver,1920,1080,4,1.0,0.0,0.9918207055836399,
vlcsnap-2023-11-28-13h59m34s908.png,train,valid,silver,1920,1080,4,1.0,0.0,0.9915321326028649,
vlcsnap-2023-11-28-13h59m45s322.png,train,valid,silver,1920,1080,4,1.0,0.0,0.991047738905359,
vlcsnap-2023-11-28-13h59m51s996.png,train,valid,silver,1920,1080,4,1.0,0.0,0.991047738905359,
vlcsnap-2023-11-28-13h59m56s328.png,train,valid,silver,1920,1080,4,1.0,0.0,0.991047738905359,
vlcsnap-2023-11-28-14h00m05s121.png,train,valid,silver,1920,1080,4,1.0,0.0,0.9962713385074742,
vlcsnap-2023-11-28-14h00m10s071.png,train,valid,silver,1920,1080,4,1.0,0.0,0.9945983519905001,
vlcsnap-2023-11-28-14h00m15s284.png,train,valid,silver,1920,1080,4,1.0,0.0,0.9893974557745828,
vlcsnap-2023-11-28-14h00m19s341.png,train,valid,silver,1920,1080,4,1.0,0.0,0.9916559939141236,
vlcsnap-2023-11-28-14h08m14s920.png,train,valid,silver,1920,1080,4,1.0,0.0,0.9936079744318977,
vlcsnap-2023-11-28-14h08m22s219.png,train,valid,silver,1920,1080,4,1.0,0.0,0.9936079744318977,
vlcsnap-2023-11-28-14h08m30s400.png,train,valid,silver,1920,1080,4,1.0,0.0,0.9936079744318977,
vlcsnap-2023-11-28-14h08m34s592.png,val,valid,silver,1920,1080,4,1.0,0.0,0.9936079744318977,
vlcsnap-2023-11-28-14h08m42s228.png,train,valid,silver,1920,1080,4,1.0,0.0,0.9936079744318977,
vlcsnap-2023-11-28-14h08m46s155.png,train,valid,silver,1920,1080,4,1.0,0.0,0.9936079744318977,
vlcsnap-2023-11-28-14h08m50s326.png,train,valid,silver,1920,1080,4,1.0,0.0,0.9936079744318977,
vlcsnap-2023-11-28-14h08m57s258.png,train,valid,silver,1920,1080,4,1.0,0.0,0.9940527340237171,
vlcsnap-2023-11-28-14h09m02s924.png,train,valid,silver,1920,1080,4,1.0,0.0,0.9940527340237171,
vlcsnap-2023-11-28-14h09m11s592.png,train,valid,silver,1920,1080,4,1.0,0.0,0.9940104916354796,
vlcsnap-2023-11-28-14h09m22s496.png,train,valid,silver,1920,1080,4,1.0,0.0,0.9940527340237171,
vlcsnap-2023-11-28-14h09m28s517.png,train,valid,silver,1920,1080,4,1.0,0.0,0.9940527340237171,
vlcsnap-2023-11-28-14h09m34s040.png,val,valid,silver,1920,1080,4,1.0,0.0,0.9940527340237171,
vlcsnap-2023-11-28-14h09m39s419.png,train,valid,silver,1920,1080,4,1.0,0.0,0.9940527340237171,
vlcsnap-2023-11-28-14h09m44s353.png,train,valid,silver,1920,1080,4,1.0,0.0,0.9940527340237171,
vlcsnap-2023-11-28-14h09m48s409.png,train,valid,silver,1920,1080,4,1.0,0.0,0.9940527340237171,
vlcsnap-2023-11-28-14h09m57s729.png,train,valid,silver,1920,1080,4,1.0,0.0,0.9940527340237171,
vlcsnap-2023-11-28-14h10m03s313.png,train,valid,silver,1920,1080,4,1.0,0.0,0.9940527340237171,
vlcsnap-2023-11-28-14h10m20s102.png,train,valid,silver,1920,1080,4,1.0,0.0,0.9925619691754164,
vlcsnap-2023-11-28-14h10m28s918.png,train,valid,silver,1920,1080,4,1.0,0.0,0.9905595191855592,
vlcsnap-2023-11-28-14h10m37s185.png,train,valid,silver,1920,1080,4,1.0,0.0,0.9905595191855592,
vlcsnap-2023-11-28-14h10m46s807.png,train,valid,silver,1920,1080,4,1.0,0.0,0.9905595191855592,
vlcsnap-2023-11-28-14h10m53s572.png,train,valid,silver,1920,1080,4,1.0,0.0,0.9905595191855592,
vlcsnap-2023-11-28-14h10m57s658.png,train,valid,silver,1920,1080,4,1.0,0.0,0.9905595191855592,
vlcsnap-2023-11-28-14h11m08s066.png,train,valid,silver,1920,1080,4,1.0,0.0,0.9931793044119455,
vlcsnap-2023-11-28-14h11m13s543.png,train,valid,silver,1920,1080,4,1.0,0.0,0.9931793044119455,
vlcsnap-2023-11-28-14h11m23s704.png,train,valid,silver,1920,1080,4,1.0,0.0,0.9931793044119455,
vlcsnap-2023-11-28-14h11m36s022.png,val,valid,silver,1920,1080,4,1.0,0.0,0.9930405746798181,
vlcsnap-2023-11-28-14h11m39s780.png,train,valid,silver,1920,1080,4,1.0,0.0,0.9930405746798181,
vlcsnap-2023-11-28-14h11m47s495.png,train,valid,silver,1920,1080,4,1.0,0.0,0.993046318367992,
vlcsnap-2023-11-28-14h11m51s286.png,train,valid,silver,1920,1080,4,1.0,0.0,0.993046318367992,
vlcsnap-2023-11-28-14h12m08s170.png,train,valid,silver,1920,1080,4,1.0,0.0,0.993046318367992,
vlcsnap-2023-11-28-14h12m17s532.png,train,valid,silver,1920,1080,4,1.0,0.0,0.993046318367992,
vlcsnap-2023-11-28-14h12m23s053.png,val,valid,silver,1920,1080,4,1.0,0.0,0.993046318367992,
vlcsnap-2023-11-28-14h12m27s835.png,train,valid,silver,1920,1080,4,1.0,0.0,0.9930539710399298,
vlcsnap-2023-11-28-14h12m31s193.png,train,valid,silver,1920,1080,4,1.0,0.0,0.9930539710399298,
vlcsnap-2023-11-28-14h12m36s403.png,val,valid,silver,1920,1080,4,1.0,0.0,0.9930539710399298,
vlcsnap-2023-11-28-14h12m40s454.png,train,valid,silver,1920,1080,4,1.0,0.0,0.9930565938173344,
vlcsnap-2023-11-28-14h12m45s062.png,val,valid,silver,1920,1080,4,1.0,0.0,0.9930565938173344,
vlcsnap-2023-11-28-14h12m50s699.png,val,valid,silver,1920,1080,4,1.0,0.0,0.9930565938173344,
vlcsnap-2023-11-28-14h12m56s497.png,train,valid,silver,1920,1080,4,1.0,0.0,0.9939920363649177,
vlcsnap-2023-11-28-14h13m04s860.png,train,valid,silver,1920,1080,4,1.0,0.0,0.9939920363649177,
vlcsnap-2023-11-28-14h14m26s966.png,train,valid,silver,1920,1080,4,1.0,0.0,0.9947011706715958,
vlcsnap-2023-11-28-14h14m53s841.png,train,valid,silver,1920,1080,4,1.0,0.0,0.9940699979492789,
vlcsnap-2023-11-28-14h14m57s793.png,val,valid,silver,1920,1080,4,1.0,0.0,0.9940699979492789,
vlcsnap-2023-11-28-14h15m02s559.png,val,valid,silver,1920,1080,4,1.0,0.0,0.9940699979492789,
vlcsnap-2023-11-28-14h15m40s665.png,train,valid,silver,1920,1080,4,1.0,0.0,0.9926949334175843,
vlcsnap-2023-11-28-14h15m46s571.png,train,valid,silver,1920,1080,4,1.0,0.0,0.9926949334175843,
vlcsnap-2023-11-28-14h15m50s123.png,train,valid,silver,1920,1080,4,1.0,0.0,0.9926949334175843,
vlcsnap-2023-11-28-14h15m55s028.png,train,valid,silver,1920,1080,4,1.0,0.0,0.9926949334175843,
vlcsnap-2023-11-28-14h15m58s964.png,train,valid,silver,1920,1080,4,1.0,0.0,0.9926949334175843,
vlcsnap-2023-11-28-14h16m06s141.png,train,valid,silver,1920,1080,4,1.0,0.0,0.9911986498899831,
vlcsnap-2023-11-28-14h16m38s536.png,train,valid,silver,1920,1080,4,1.0,0.0,0.9938146017492165,
vlcsnap-2023-11-28-14h16m44s271.png,train,valid,silver,1920,1080,4,1.0,0.0,0.9938146017492165,
vlcsnap-2023-11-28-14h16m48s871.png,train,valid,silver,1920,1080,4,1.0,0.0,0.9932077031352962,
vlcsnap-2023-11-28-14h16m52s889.png,val,valid,silver,1920,1080,4,1.0,0.0,0.9932077031352962,
vlcsnap-2023-11-28-14h16m57s863.png,train,valid,silver,1920,1080,4,1.0,0.0,0.9932077031352962,
vlcsnap-2023-11-28-14h17m01s489.png,train,valid,silver,1920,1080,4,1.0,0.0,0.9932077031352962,
vlcsnap-2023-11-28-14h17m04s597.png,train,valid,silver,1920,1080,4,1.0,0.0,0.9932077031352962,
vlcsnap-2023-11-28-14h17m08s396.png,train,valid,silver,1920,1080,4,1.0,0.0,0.9932077031352962,
vlcsnap-2023-11-28-14h17m14s517.png,train,valid,silver,1920,1080,4,1.0,0.0,0.9932077031352962,
vlcsnap-2023-11-28-14h17m30s244.png,train,valid,silver,1920,1080,4,1.0,0.0,0.9930590900696793,
vlcsnap-2023-11-28-14h17m38s608.png,train,valid,silver,1920,1080,4,1.0,0.0,0.9939103762324507,
vlcsnap-2023-11-28-14h18m12s103.png,train,valid,silver,1920,1080,4,1.0,0.0,0.9922168122260908,
vlcsnap-2023-11-28-14h18m20s532.png,train,valid,silver,1920,1080,4,1.0,0.0,0.9939103762324507,
vlcsnap-2023-11-28-14h18m25s344.png,train,valid,silver,1920,1080,4,1.0,0.0,0.9903498190591074,
vlcsnap-2023-11-28-14h18m29s372.png,train,valid,silver,1920,1080,4,1.0,0.0,0.9932032231766036,
vlcsnap-2023-11-28-14h18m33s363.png,train,valid,silver,1920,1080,4,1.0,0.0,0.9936046721548238,
vlcsnap-2023-11-28-14h18m37s392.png,train,valid,silver,1920,1080,4,1.0,0.0,0.9930680983888621,
vlcsnap-2023-11-28-14h18m43s224.png,train,valid,silver,1920,1080,4,1.0,0.0,0.9900452733049513,
vlcsnap-2023-11-28-14h19m14s614.png,train,valid,silver,1920,1080,4,1.0,0.0,0.9903412749517064,
vlcsnap-2023-11-28-14h19m18s589.png,train,valid,silver,1920,1080,4,1.0,0.0,0.9936185831182927,
vlcsnap-2023-11-28-14h19m22s807.png,train,valid,silver,1920,1080,4,1.0,0.0,0.9936185831182927,
vlcsnap-2023-11-28-14h19m26s263.png,train,valid,silver,1920,1080,4,1.0,0.0,0.9911785699855894,
